Student_ID,Name,Gender,Department,Semester,Subject,Attendance,Assignment_Marks,Internal_Marks,External_Marks,Total,Grade
S10001,Aravind Madhavan,Male,ME,4,Fluid Mechanics,71.9,6,17,39,62,C
S10002,Arjun Dinesh,Male,CSE,7,Data Structures,86.9,6,19,25,50,P
S10003,Vishnu Raj,Male,ECE,1,Microprocessors,74.4,9,26,44,79,B+
S10004,Bibin Oommen,Male,ECE,8,Microprocessors,90.3,9,24,57,90,S
S10005,Anjali Rajendran,Female,CE,6,Surveying,57.9,5,13,30,48,F
S10006,Vivek Vasudevan,Male,CSE,2,Computer Networks,77.3,9,24,57,90,S
S10007,Irfan Kareem,Male,ME,1,Manufacturing Technology,98.6,6,16,28,50,P
S10008,Sreejith Achari,Male,ME,6,Strength of Materials,67.2,5,16,29,50,P
S10009,Vishnu Prasad,Male,ECE,5,Digital Electronics,58.4,7,20,36,63,C
S10010,Arjun Das,Male,ME,8,Machine Design,60.2,6,16,30,52,P
S10011,Irfan Kabeer,Male,ECE,5,Digital Electronics,87.8,8,26,51,85,A+
S10012,Bibin Yohannan,Male,ECE,3,VLSI Design,80.3,5,15,28,48,F
S10013,Sana Marakkar,Female,ECE,6,Digital Electronics,69.1,8,22,53,83,A
S10014,Rahul Neelakandan,Male,CE,5,Structural Analysis,58.5,7,25,46,78,B+
S10015,Jithin Vijayan,Male,ME,4,Manufacturing Technology,91.2,8,24,47,79,B+
S10016,Reshma Bhattathiri,Female,ME,3,Fluid Mechanics,74.2,7,17,41,65,C+
S10017,Parvathy Pradeep,Female,CE,6,Geotechnical Engineering,60.4,8,21,56,85,A+
S10018,Akhil Neelakandan,Male,CSE,1,Data Structures,98.7,5,15,45,65,C+
S10019,Sarath Marar,Male,CE,2,Concrete Technology,57.3,8,26,49,83,A
S10020,Nimisha Marar,Female,ME,1,Thermodynamics,65.9,7,26,35,68,C+
S10021,Fathima Latif,Female,ME,7,Fluid Mechanics,83.5,6,24,43,73,B
S10022,Anjali Raj,Female,ME,3,Strength of Materials,55.7,5,14,42,61,C
S10023,Adithya Sreedharan,Male,ECE,3,Communication Systems,97.2,8,24,53,85,A+
S10024,Bibin Thomas,Male,CSE,6,Computer Networks,84.7,6,18,39,63,C
S10025,Arjun Ramesh,Male,ME,4,Thermodynamics,70.3,9,29,60,98,S
S10026,Jithin Bhaskaran,Male,CSE,8,Data Structures,58.8,9,30,54,93,S
S10027,Nikhil Padmanabhan,Male,CE,3,Surveying,84.3,9,29,60,98,S
S10028,Divya Pradeep,Female,ECE,5,VLSI Design,93.2,5,14,28,47,F
S10029,Reshma Anilkumar,Female,CE,2,Geotechnical Engineering,98.8,8,30,51,89,A+
S10030,Vishnu Chandrasekharan,Male,CSE,4,Big Data Processing,77.2,9,23,56,88,A+
S10031,Aravind Pillai,Male,CSE,4,Data Structures,97.3,6,17,41,64,C
S10032,Gokul Sankar,Male,ECE,5,VLSI Design,72.3,6,17,36,59,D
S10033,Bibin Joseph,Male,CE,4,Concrete Technology,80.7,9,29,52,90,S
S10034,Divya Vinod,Female,CSE,7,DBMS,88.3,7,22,44,73,B
S10035,Anagha Unnithan,Female,CSE,2,Data Structures,94.0,6,22,42,70,B
S10036,Fathima Hussain,Female,ECE,4,Signals & Systems,90.8,6,16,36,58,D
S10037,Priya Padmanabhan,Female,ECE,5,VLSI Design,76.0,4,10,25,39,F
S10038,Vishnu Balan,Male,CSE,1,Software Engineering,78.5,5,16,29,50,P
S10039,Vishnu Gopalan,Male,ECE,7,VLSI Design,79.3,7,26,40,73,B
S10040,Divya Mahesh,Female,CSE,3,Computer Networks,67.2,7,22,46,75,B+
S10041,Sreejith Kartha,Male,CE,5,Concrete Technology,73.4,8,26,53,87,A+
S10042,Priya Sathyan,Female,ME,4,Thermodynamics,67.6,8,27,42,77,B+
S10043,Gokul Rajendran,Male,CSE,8,Big Data Processing,55.6,4,9,25,38,F
S10044,Rahul Vallikkat,Male,CSE,3,Data Structures,74.5,10,30,49,89,A+
S10045,Karthik Kaimal,Male,CSE,4,Big Data Processing,77.6,6,19,39,64,C
S10046,Nandakumar Jayan,Male,CE,6,Surveying,81.4,6,26,27,59,D
S10047,Gokul Warrier,Male,ME,7,Fluid Mechanics,97.4,8,22,49,79,B+
S10048,Reshma Manoharan,Female,CSE,1,Computer Networks,69.4,5,19,34,58,D
S10049,Vishnu Narayanan,Male,ECE,5,Signals & Systems,88.1,5,10,24,39,F
S10050,Devika Chandran,Female,ME,5,Fluid Mechanics,89.9,8,27,53,88,A+
S10051,Aiswarya Poduval,Female,ME,1,Strength of Materials,59.6,6,17,41,64,C
S10052,Meera Thampuran,Female,ME,2,Thermodynamics,55.5,8,21,59,88,A+
S10053,Rohan Sreekumar,Male,ECE,6,Signals & Systems,68.2,9,26,56,91,S
S10054,Deepthi Raghavan,Female,ME,1,Thermodynamics,79.7,8,26,46,80,A
S10055,Sana Rafeeq,Female,CSE,6,Operating Systems,82.8,7,23,37,67,C+
S10056,Athira Namboodiripad,Female,CE,7,Transportation Engineering,97.6,7,23,41,71,B
S10057,Arjun Sivan,Male,ECE,1,Communication Systems,60.0,7,25,47,79,B+
S10058,Anoop Pillai,Male,CSE,5,DBMS,81.3,7,20,40,67,C+
S10059,Irfan Musaliar,Male,ECE,2,Communication Systems,58.3,8,22,57,87,A+
S10060,Nimisha Rajagopal,Female,ECE,4,Signals & Systems,83.2,8,30,42,80,A
S10061,Anoop Madhavan,Male,ECE,6,VLSI Design,67.5,9,22,56,87,A+
S10062,Rohan Raghavan,Male,CSE,7,Data Structures,91.6,6,13,44,63,C
S10063,Lakshmi Govindan,Female,CE,6,Surveying,97.0,8,24,40,72,B
S10064,Karthik Kartha,Male,ECE,7,Communication Systems,72.1,5,16,32,53,P
S10065,Devika Anandan,Female,ME,7,Strength of Materials,89.6,9,28,45,82,A
S10066,Anjali Menon,Female,ME,3,Strength of Materials,60.1,6,20,39,65,C+
S10067,Sneha Sankar,Female,CE,6,Surveying,80.2,9,27,59,95,S
S10068,Nimisha Chandrasekharan,Female,CSE,7,Big Data Processing,86.7,7,16,48,71,B
S10069,Rohan Das,Male,CE,1,Transportation Engineering,70.7,8,28,38,74,B
S10070,Irfan Rawther,Male,CSE,6,Big Data Processing,75.7,10,28,57,95,S
S10071,Meera Raman,Female,ME,5,Manufacturing Technology,60.8,9,28,52,89,A+
S10072,Jyothsna Padmanabhan,Female,ME,3,Fluid Mechanics,85.0,9,24,43,76,B+
S10073,Jyothsna Marar,Female,ECE,5,VLSI Design,71.4,7,22,40,69,C+
S10074,Adithya Panicker,Male,ECE,7,Microprocessors,94.3,8,22,42,72,B
S10075,Reshma Das,Female,CE,4,Transportation Engineering,64.4,5,13,38,56,D
S10076,Athira Vasu,Female,CSE,5,Big Data Processing,56.7,6,20,31,57,D
S10077,Devika Govindan,Female,ME,4,Fluid Mechanics,75.1,9,23,47,79,B+
S10078,Aravind Sudhakaran,Male,ECE,8,Microprocessors,60.4,4,14,16,34,F
S10079,Manu Warrier,Male,ECE,7,VLSI Design,79.2,8,28,43,79,B+
S10080,Lakshmi Unnithan,Female,CSE,2,Computer Networks,84.1,8,27,48,83,A
S10081,Sarath Sudhakaran,Male,CE,1,Transportation Engineering,62.2,8,22,49,79,B+
S10082,Arjun Bhaskaran,Male,ECE,8,Microprocessors,73.5,7,18,43,68,C+
S10083,Reshma Unnithan,Female,CE,8,Geotechnical Engineering,66.6,7,21,31,59,D
S10084,Reshma Marar,Female,ECE,5,Microprocessors,89.6,9,21,50,80,A
S10085,Lakshmi Neelakandan,Female,CE,2,Surveying,82.5,9,27,48,84,A
S10086,Rohan Mahesh,Male,ME,2,Fluid Mechanics,70.1,6,16,42,64,C
S10087,Karthik Achari,Male,ECE,4,Digital Electronics,81.8,9,28,55,92,S
S10088,Anagha Thampuran,Female,CE,7,Structural Analysis,63.2,8,24,44,76,B+
S10089,Anoop Narayanan,Male,CSE,7,Computer Networks,64.1,8,16,48,72,B
S10090,Irfan Siddiqui,Male,CE,7,Transportation Engineering,94.5,9,20,50,79,B+
S10091,Vignesh Rajan,Male,ME,7,Manufacturing Technology,88.6,5,19,33,57,D
S10092,Sreejith Karthikeyan,Male,CE,3,Concrete Technology,83.1,4,13,36,53,P
S10093,Nandakumar Varma,Male,CSE,7,Big Data Processing,95.2,6,23,40,69,C+
S10094,Vishnu Suresh,Male,CE,3,Concrete Technology,94.5,9,26,46,81,A
S10095,Rahul Poduval,Male,CE,6,Geotechnical Engineering,90.9,8,28,53,89,A+
S10096,Fathima Rasheed,Female,CE,5,Concrete Technology,79.4,9,20,60,89,A+
S10097,Devika Vasudevan,Female,CSE,1,DBMS,75.8,4,17,27,48,F
S10098,Vishnu Vijayan,Male,CSE,1,Operating Systems,96.5,6,22,31,59,D
S10099,Aravind Pisharody,Male,ECE,4,Signals & Systems,97.0,6,26,40,72,B
S10100,Meera Ramesh,Female,ECE,8,Communication Systems,73.0,8,20,37,65,C+
S10101,Athira Anilkumar,Female,CSE,3,DBMS,79.2,6,14,35,55,D
S10102,Jithin Warrier,Male,ME,7,Manufacturing Technology,75.4,8,22,50,80,A
S10103,Vishnu Namboodiripad,Male,ECE,2,Communication Systems,81.1,5,14,31,50,P
S10104,Jithin Panicker,Male,ME,7,Machine Design,99.9,9,27,52,88,A+
S10105,Akhil Chandrasekharan,Male,ME,1,Manufacturing Technology,64.2,10,30,41,81,A
S10106,Meera Achari,Female,ME,8,Fluid Mechanics,74.8,10,26,54,90,S
S10107,Athira Venugopal,Female,ME,8,Manufacturing Technology,84.0,7,21,43,71,B
S10108,Parvathy Sasidharan,Female,ME,4,Thermodynamics,65.0,9,26,58,93,S
S10109,Reshma Anandan,Female,CE,7,Surveying,84.4,7,23,46,76,B+
S10110,Vignesh Sreedharan,Male,ECE,8,Signals & Systems,72.9,5,16,23,44,F
S10111,Sana Farooqui,Female,ME,5,Strength of Materials,74.0,8,25,37,70,B
S10112,Akhil Nair,Male,CSE,4,Software Engineering,73.4,2,5,16,23,F
S10113,Sreelakshmi Unnithan,Female,ECE,8,VLSI Design,94.1,8,30,53,91,S
S10114,Anjali Rajagopal,Female,ME,4,Manufacturing Technology,66.6,8,22,42,72,B
S10115,Adithya Anandan,Male,ME,8,Strength of Materials,55.8,4,12,30,46,F
S10116,Anagha Radhakrishnan,Female,ME,6,Manufacturing Technology,55.5,6,13,29,48,F
S10117,Nithya Balan,Female,ECE,2,Signals & Systems,78.4,7,16,35,58,D
S10118,Meera Padmanabhan,Female,ECE,4,Signals & Systems,71.0,5,15,28,48,F
S10119,Sana Baig,Female,ME,2,Fluid Mechanics,88.0,9,23,60,92,S
S10120,Lakshmi Unni,Female,ECE,5,Digital Electronics,89.7,5,16,25,46,F
S10121,Rohan Chandran,Male,CSE,5,Software Engineering,91.0,5,10,26,41,F
S10122,Vignesh Anilkumar,Male,CSE,5,Computer Networks,79.4,7,23,44,74,B
S10123,Reshma Sreedharan,Female,ECE,1,Communication Systems,66.2,6,19,30,55,D
S10124,Meera Thampi,Female,CE,8,Structural Analysis,96.6,8,27,46,81,A
S10125,Nikhil Vinod,Male,ME,2,Fluid Mechanics,92.3,9,30,58,97,S
S10126,Bibin Aikara,Male,ECE,7,VLSI Design,70.3,7,20,39,66,C+
S10127,Nithya Chandran,Female,CE,5,Transportation Engineering,83.2,9,30,57,96,S
S10128,Nandakumar Krishnankutty,Male,CSE,4,Software Engineering,97.3,9,30,58,97,S
S10129,Rohan Vasu,Male,CSE,3,Operating Systems,99.3,9,23,54,86,A+
S10130,Bibin Jose,Male,ECE,1,VLSI Design,71.0,9,23,40,72,B
S10131,Nimisha Vinod,Female,ME,1,Fluid Mechanics,85.6,6,16,38,60,C
S10132,Nithya Rajendran,Female,CE,2,Geotechnical Engineering,82.6,8,25,37,70,B
S10133,Parvathy Vasudevan,Female,ECE,7,Digital Electronics,62.9,7,18,48,73,B
S10134,Nikhil Suresh,Male,ECE,2,Digital Electronics,86.3,8,25,60,93,S
S10135,Adithya Menon,Male,ME,8,Thermodynamics,81.1,8,27,53,88,A+
S10136,Nithya Marar,Female,CE,5,Transportation Engineering,84.5,8,21,53,82,A
S10137,Reshma Vasudevan,Female,CSE,7,Software Engineering,77.3,5,12,31,48,F
S10138,Nimisha Balan,Female,CSE,2,Operating Systems,76.6,9,29,43,81,A
S10139,Rohan Kurup,Male,CSE,3,Computer Networks,94.5,6,20,44,70,B
S10140,Sana Kabeer,Female,CE,8,Structural Analysis,86.4,6,20,33,59,D
S10141,Haritha Das,Female,ME,6,Thermodynamics,88.5,6,19,36,61,C
S10142,Gokul Gopalan,Male,CE,5,Concrete Technology,83.4,6,26,40,72,B
S10143,Manu Pisharody,Male,ME,5,Machine Design,79.4,5,10,28,43,F
S10144,Sreejith Unni,Male,CSE,8,Computer Networks,68.5,7,20,41,68,C+
S10145,Vivek Raj,Male,ME,8,Manufacturing Technology,94.2,7,20,51,78,B+
S10146,Vivek Chandrasekharan,Male,ECE,5,VLSI Design,85.7,9,21,59,89,A+
S10147,Meera Sankar,Female,ECE,3,Communication Systems,64.9,7,24,44,75,B+
S10148,Bibin Puthenpurackal,Male,CSE,4,Data Structures,73.9,8,24,52,84,A
S10149,Meera Kutty,Female,ECE,8,Communication Systems,64.6,8,25,46,79,B+
S10150,Anagha Prakash,Female,CE,4,Concrete Technology,63.3,7,23,50,80,A
S10151,Sreejith Sathyan,Male,ECE,2,Communication Systems,60.9,8,24,42,74,B
S10152,Fathima Farooqui,Female,ME,1,Machine Design,74.4,9,30,51,90,S
S10153,Parvathy Unnithan,Female,CE,3,Concrete Technology,69.0,7,28,40,75,B+
S10154,Haritha Jayan,Female,CE,8,Surveying,68.1,7,20,44,71,B
S10155,Karthik Narayanan,Male,CE,4,Concrete Technology,65.9,9,24,53,86,A+
S10156,Gokul Prakash,Male,CE,7,Concrete Technology,70.8,7,19,44,70,B
S10157,Vignesh Govindan,Male,ECE,6,Digital Electronics,62.5,9,30,54,93,S
S10158,Meera Pillai,Female,CE,1,Geotechnical Engineering,94.2,7,26,45,78,B+
S10159,Priya Radhakrishnan,Female,CE,5,Surveying,75.4,5,11,25,41,F
S10160,Devika Sreekumar,Female,CE,6,Concrete Technology,90.5,4,13,26,43,F
S10161,Nandakumar Warrier,Male,ECE,5,Signals & Systems,64.0,7,22,38,67,C+
S10162,Anoop Sudhakaran,Male,CSE,8,Operating Systems,87.7,4,14,33,51,P
S10163,Anjali Dinesh,Female,ME,1,Machine Design,74.7,5,9,24,38,F
S10164,Haritha Menon,Female,ECE,4,Microprocessors,81.7,7,22,42,71,B
S10165,Parvathy Sivan,Female,ECE,3,Signals & Systems,63.1,8,24,55,87,A+
S10166,Nandakumar Vijayan,Male,ECE,8,Microprocessors,78.2,10,25,60,95,S
S10167,Karthik Marar,Male,ME,8,Machine Design,89.8,6,12,38,56,D
S10168,Manu Balakrishnan,Male,ECE,2,VLSI Design,92.3,6,18,36,60,C
S10169,Parvathy Anandan,Female,CE,5,Concrete Technology,56.7,6,20,46,72,B
S10170,Divya Prakash,Female,CE,2,Geotechnical Engineering,94.1,7,25,45,77,B+
S10171,Parvathy Marar,Female,ME,5,Thermodynamics,56.8,9,24,52,85,A+
S10172,Sana Sha,Female,CSE,8,DBMS,61.7,8,29,45,82,A
S10173,Nandakumar Menon,Male,ECE,4,Microprocessors,61.3,5,16,28,49,F
S10174,Priya Prakash,Female,CSE,1,DBMS,75.0,7,21,43,71,B
S10175,Sneha Krishnankutty,Female,ME,3,Thermodynamics,77.4,8,24,49,81,A
S10176,Fathima Thangal,Female,CE,3,Geotechnical Engineering,85.4,9,28,50,87,A+
S10177,Bibin Panat,Male,ME,3,Machine Design,100.0,8,27,53,88,A+
S10178,Nithya Panicker,Female,ME,2,Manufacturing Technology,73.2,9,27,60,96,S
S10179,Nikhil Chandran,Male,CE,6,Structural Analysis,91.8,9,22,43,74,B
S10180,Anjali Sathyan,Female,CSE,8,DBMS,86.3,10,30,60,100,S
S10181,Parvathy Karthikeyan,Female,ME,2,Fluid Mechanics,82.9,6,16,35,57,D
S10182,Anjali Nambiar,Female,ME,4,Thermodynamics,70.4,9,30,56,95,S
S10183,Nithya Balakrishnan,Female,CE,2,Geotechnical Engineering,91.6,7,19,42,68,C+
S10184,Rahul Narayanan,Male,CE,2,Structural Analysis,59.6,5,17,41,63,C
S10185,Bibin Areeparampil,Male,CE,8,Surveying,69.0,8,22,44,74,B
S10186,Parvathy Govindan,Female,ECE,7,Digital Electronics,85.7,9,22,57,88,A+
S10187,Nimisha Poduval,Female,ME,1,Machine Design,98.3,8,27,51,86,A+
S10188,Manu Gopalan,Male,ECE,6,Digital Electronics,82.1,7,18,55,80,A
S10189,Aiswarya Marar,Female,ME,1,Manufacturing Technology,92.8,6,20,32,58,D
S10190,Divya Pillai,Female,CE,2,Geotechnical Engineering,74.1,6,15,39,60,C
S10191,Rahul Radhakrishnan,Male,ECE,3,Microprocessors,88.2,6,22,47,75,B+
S10192,Vishnu Panicker,Male,ECE,4,Signals & Systems,79.6,9,24,60,93,S
S10193,Priya Venugopal,Female,CSE,5,Operating Systems,74.3,7,21,37,65,C+
S10194,Bibin Mathai,Male,ECE,2,Digital Electronics,81.0,7,20,38,65,C+
S10195,Aravind Thampuran,Male,ECE,6,Digital Electronics,65.2,7,20,47,74,B
S10196,Rohan Thampuran,Male,ECE,7,Microprocessors,79.3,6,23,31,60,C
S10197,Vishnu Bhaskaran,Male,CE,6,Transportation Engineering,99.7,5,16,28,49,F
S10198,Manu Karthikeyan,Male,ECE,1,Microprocessors,98.1,9,26,48,83,A
S10199,Reshma Kartha,Female,CSE,1,Computer Networks,89.0,9,26,48,83,A
S10200,Anagha Thampi,Female,CSE,8,Software Engineering,61.9,8,25,47,80,A
S10201,Devika Jayan,Female,ME,3,Thermodynamics,60.7,7,18,36,61,C
S10202,Rohan Kartha,Male,ME,7,Strength of Materials,71.2,4,14,40,58,D
S10203,Reshma Varma,Female,CE,2,Structural Analysis,96.4,8,22,53,83,A
S10204,Anoop Kurup,Male,ECE,7,Communication Systems,94.5,7,21,38,66,C+
S10205,Jyothsna Krishnan,Female,CSE,6,Computer Networks,62.8,4,11,26,41,F
S10206,Sana Faisal,Female,ECE,8,Digital Electronics,93.8,6,18,29,53,P
S10207,Vishnu Iyer,Male,CE,2,Surveying,72.9,9,27,51,87,A+
S10208,Bibin Ittycheria,Male,ME,2,Manufacturing Technology,74.5,10,26,60,96,S
S10209,Anagha Kutty,Female,CSE,5,Big Data Processing,82.9,6,15,33,54,P
S10210,Haritha Ramakrishnan,Female,ECE,3,VLSI Design,99.8,8,22,46,76,B+
S10211,Arjun Unnithan,Male,ME,2,Machine Design,86.1,8,20,56,84,A
S10212,Anoop Mahesh,Male,CSE,5,Data Structures,83.1,2,3,13,18,F
S10213,Rohan Namboodiripad,Male,ME,6,Machine Design,71.5,9,26,50,85,A+
S10214,Sarath Namboothiri,Male,CE,2,Geotechnical Engineering,76.7,6,19,40,65,C+
S10215,Vishnu Marar,Male,ECE,7,VLSI Design,59.9,2,3,12,17,F
S10216,Fathima Sadiq,Female,ME,5,Machine Design,69.6,5,18,27,50,P
S10217,Rahul Manoharan,Male,ECE,1,Digital Electronics,95.1,9,28,60,97,S
S10218,Reshma Pillai,Female,CE,8,Transportation Engineering,83.7,8,22,41,71,B
S10219,Anagha Ashokan,Female,ECE,2,Communication Systems,61.8,5,16,27,48,F
S10220,Meera Balakrishnan,Female,CE,5,Structural Analysis,58.2,8,20,49,77,B+
S10221,Sreejith Raghavan,Male,CSE,1,Operating Systems,62.8,9,28,59,96,S
S10222,Divya Sasidharan,Female,ME,5,Machine Design,72.2,7,24,58,89,A+
S10223,Aravind Das,Male,CE,3,Geotechnical Engineering,56.9,6,16,39,61,C
S10224,Aiswarya Karthikeyan,Female,ECE,6,Digital Electronics,70.2,9,27,54,90,S
S10225,Sneha Unni,Female,CSE,8,Data Structures,94.9,4,15,21,40,F
S10226,Parvathy Warrier,Female,CE,7,Surveying,75.7,7,21,33,61,C
S10227,Sreejith Chandran,Male,ME,3,Strength of Materials,99.3,7,22,36,65,C+
S10228,Haritha Sivan,Female,CE,2,Geotechnical Engineering,92.8,5,17,21,43,F
S10229,Parvathy Gopinathan,Female,CSE,7,DBMS,86.0,6,18,38,62,C
S10230,Lakshmi Gopalan,Female,ECE,2,Microprocessors,66.1,8,30,53,91,S
S10231,Akhil Ashokan,Male,ECE,6,Communication Systems,82.7,9,22,45,76,B+
S10232,Karthik Pillai,Male,ECE,5,Signals & Systems,61.7,8,30,48,86,A+
S10233,Nandakumar Suresh,Male,CSE,3,Software Engineering,94.9,3,13,15,31,F
S10234,Reshma Mohan,Female,CE,6,Surveying,59.2,3,14,31,48,F
S10235,Manu Unnithan,Male,CE,8,Surveying,80.2,7,22,52,81,A
S10236,Parvathy Narayanan,Female,ME,2,Machine Design,58.5,8,24,56,88,A+
S10237,Reshma Raghavan,Female,CSE,6,DBMS,74.8,8,26,42,76,B+
S10238,Vishnu Ashokan,Male,CE,8,Transportation Engineering,88.1,3,10,15,28,F
S10239,Manu Radhakrishnan,Male,ECE,6,Microprocessors,92.8,10,25,51,86,A+
S10240,Deepthi Kurup,Female,CSE,8,Data Structures,56.2,8,20,47,75,B+
S10241,Devika Raman,Female,ECE,1,Signals & Systems,91.1,9,27,54,90,S
S10242,Reshma Unni,Female,ECE,6,Communication Systems,74.7,9,28,57,94,S
S10243,Jyothsna Mohan,Female,ME,1,Machine Design,84.6,8,22,49,79,B+
S10244,Gokul Marar,Male,CE,5,Surveying,67.2,6,16,30,52,P
S10245,Gokul Sathyan,Male,ECE,6,Communication Systems,57.8,7,18,48,73,B
S10246,Priya Gopinathan,Female,CSE,5,Big Data Processing,56.0,7,22,41,70,B
S10247,Fathima Shukoor,Female,CSE,7,Big Data Processing,66.7,9,27,54,90,S
S10248,Anjali Anandan,Female,ME,3,Fluid Mechanics,82.4,8,22,56,86,A+
S10249,Sreelakshmi Ashokan,Female,ECE,3,Signals & Systems,60.2,9,28,50,87,A+
S10250,Adithya Poduval,Male,CSE,6,Big Data Processing,75.6,7,23,51,81,A
S10251,Nandakumar Kaimal,Male,ECE,3,Signals & Systems,79.5,4,12,20,36,F
S10252,Manu Padmanabhan,Male,CE,6,Geotechnical Engineering,62.4,6,24,36,66,C+
S10253,Nimisha Pradeep,Female,CE,4,Transportation Engineering,75.3,8,22,46,76,B+
S10254,Adithya Pisharody,Male,ECE,6,Microprocessors,59.7,9,30,45,84,A
S10255,Reshma Achari,Female,CE,7,Geotechnical Engineering,90.7,6,19,35,60,C
S10256,Nandakumar Kumar,Male,ME,1,Manufacturing Technology,62.1,9,29,51,89,A+
S10257,Aiswarya Krishnan,Female,CSE,5,Data Structures,99.3,8,24,45,77,B+
S10258,Rohan Krishnan,Male,ECE,7,Digital Electronics,74.8,8,27,48,83,A
S10259,Manu Kurup,Male,CSE,7,Data Structures,85.1,9,26,60,95,S
S10260,Deepthi Raj,Female,ECE,7,Digital Electronics,87.4,9,25,54,88,A+
S10261,Lakshmi Bhattathiri,Female,ME,2,Machine Design,79.3,8,18,36,62,C
S10262,Nikhil Vasudevan,Male,ME,8,Fluid Mechanics,77.2,8,23,47,78,B+
S10263,Reshma Bhaskaran,Female,CSE,2,Data Structures,70.7,6,21,40,67,C+
S10264,Divya Govindan,Female,CE,2,Surveying,76.2,8,26,57,91,S
S10265,Adithya Rajendran,Male,CSE,4,Computer Networks,58.1,7,22,46,75,B+
S10266,Devika Prasad,Female,CE,1,Transportation Engineering,86.2,8,21,53,82,A
S10267,Nikhil Narayanan,Male,CE,1,Transportation Engineering,97.2,5,16,30,51,P
S10268,Lakshmi Achari,Female,CE,3,Structural Analysis,85.2,7,20,45,72,B
S10269,Devika Menon,Female,CSE,7,Computer Networks,72.1,8,22,52,82,A
S10270,Sreejith Kaimal,Male,ME,1,Machine Design,67.6,7,20,46,73,B
S10271,Irfan Rafeeq,Male,CSE,6,Operating Systems,67.7,6,17,36,59,D
S10272,Irfan Salam,Male,ME,3,Manufacturing Technology,55.6,6,13,41,60,C
S10273,Athira Bhaskaran,Female,CSE,8,Data Structures,57.2,6,20,34,60,C
S10274,Divya Panicker,Female,ECE,1,Communication Systems,90.8,7,25,45,77,B+
S10275,Deepthi Rajagopal,Female,CE,5,Structural Analysis,60.2,8,26,49,83,A
S10276,Adithya Kunjunni,Male,CSE,6,DBMS,78.3,9,21,58,88,A+
S10277,Irfan Qureshi,Male,CE,8,Concrete Technology,75.0,6,22,35,63,C
S10278,Athira Namputhiri,Female,CE,6,Transportation Engineering,59.7,6,17,45,68,C+
S10279,Devika Krishnan,Female,CE,2,Concrete Technology,83.5,8,22,33,63,C
S10280,Bibin Idiculla,Male,ME,2,Thermodynamics,63.8,4,12,21,37,F
S10281,Nithya Sankar,Female,CE,7,Geotechnical Engineering,91.1,9,26,50,85,A+
S10282,Haritha Chandran,Female,CSE,6,Big Data Processing,77.8,7,18,31,56,D
S10283,Sana Rawther,Female,CSE,2,Software Engineering,74.0,8,28,46,82,A
S10284,Haritha Manoharan,Female,ECE,1,Signals & Systems,98.0,7,25,45,77,B+
S10285,Sneha Varma,Female,CSE,4,Software Engineering,60.2,10,30,55,95,S
S10286,Haritha Ashokan,Female,CSE,3,Software Engineering,58.2,8,21,57,86,A+
S10287,Haritha Iyer,Female,CE,2,Transportation Engineering,81.7,6,20,34,60,C
S10288,Akhil Vasudevan,Male,CE,6,Surveying,61.4,8,21,46,75,B+
S10289,Arjun Sreekumar,Male,ECE,8,Microprocessors,60.5,4,12,27,43,F
S10290,Aiswarya Unni,Female,ME,5,Manufacturing Technology,74.3,4,17,25,46,F
S10291,Nandakumar Nair,Male,CE,4,Structural Analysis,92.0,7,24,44,75,B+
S10292,Vishnu Vasudevan,Male,ECE,8,Digital Electronics,86.0,7,20,46,73,B
S10293,Haritha Anandan,Female,CSE,5,DBMS,62.0,8,22,42,72,B
S10294,Sarath Bhaskaran,Male,ECE,2,Signals & Systems,69.0,6,18,38,62,C
S10295,Karthik Rajagopal,Male,CSE,6,Big Data Processing,86.0,9,26,56,91,S
S10296,Reshma Kumar,Female,ECE,2,Digital Electronics,56.8,8,22,57,87,A+
S10297,Jyothsna Pisharody,Female,CE,7,Concrete Technology,68.0,7,16,33,56,D
S10298,Nikhil Namboothiri,Male,CSE,8,Computer Networks,70.3,6,20,38,64,C
S10299,Priya Kunjunni,Female,ECE,3,VLSI Design,74.8,8,20,42,70,B
S10300,Arjun Varma,Male,ECE,5,Signals & Systems,98.5,4,17,16,37,F
S10301,Gokul Sivan,Male,ECE,6,Microprocessors,77.0,6,17,30,53,P
S10302,Devika Karthikeyan,Female,ECE,5,Signals & Systems,56.8,9,28,50,87,A+
S10303,Nimisha Karthikeyan,Female,CSE,3,Big Data Processing,90.7,8,20,53,81,A
S10304,Sarath Kurup,Male,ME,1,Thermodynamics,81.5,9,24,53,86,A+
S10305,Rahul Sankar,Male,ME,4,Strength of Materials,77.2,2,6,17,25,F
S10306,Nimisha Namputhiri,Female,CSE,8,Software Engineering,64.0,8,26,46,80,A
S10307,Nithya Kutty,Female,ECE,7,Communication Systems,78.0,6,16,29,51,P
S10308,Devika Namboothiri,Female,CSE,3,Computer Networks,68.5,9,28,48,85,A+
S10309,Sreelakshmi Jayan,Female,ECE,6,Microprocessors,55.6,7,24,49,80,A
S10310,Gokul Pillai,Male,ME,6,Manufacturing Technology,84.6,8,26,40,74,B
S10311,Irfan Sayyed,Male,CSE,6,Operating Systems,73.3,8,21,34,63,C
S10312,Meera Warrier,Female,CE,4,Geotechnical Engineering,58.5,7,22,39,68,C+
S10313,Rahul Ashokan,Male,CE,7,Geotechnical Engineering,68.3,5,14,36,55,D
S10314,Gokul Prasad,Male,ME,4,Fluid Mechanics,69.5,6,15,27,48,F
S10315,Deepthi Nambiar,Female,CE,5,Concrete Technology,84.2,8,28,60,96,S
S10316,Vishnu Vasu,Male,CE,4,Geotechnical Engineering,58.2,7,19,45,71,B
S10317,Sneha Unnithan,Female,ME,8,Strength of Materials,78.4,9,30,50,89,A+
S10318,Nithya Kurup,Female,CSE,2,Computer Networks,83.3,8,28,46,82,A
S10319,Rohan Madhavan,Male,ME,7,Machine Design,67.4,9,29,43,81,A
S10320,Sreejith Rajagopal,Male,ECE,6,Microprocessors,92.9,6,19,35,60,C
S10321,Devika Kutty,Female,CE,5,Transportation Engineering,98.4,8,30,57,95,S
S10322,Nikhil Unni,Male,CE,6,Surveying,55.2,7,24,35,66,C+
S10323,Priya Govindan,Female,CE,1,Structural Analysis,59.7,9,26,52,87,A+
S10324,Nikhil Balan,Male,ME,8,Strength of Materials,74.5,9,22,59,90,S
S10325,Priya Raghavan,Female,ECE,6,Microprocessors,93.3,8,29,50,87,A+
S10326,Athira Kurup,Female,ME,6,Strength of Materials,82.3,6,14,40,60,C
S10327,Parvathy Bhaskaran,Female,CE,1,Surveying,72.8,5,16,29,50,P
S10328,Meera Chandrasekharan,Female,ME,1,Strength of Materials,60.0,6,16,27,49,F
S10329,Sana Anwar,Female,ECE,1,Microprocessors,55.9,7,12,54,73,B
S10330,Athira Vallikkat,Female,CE,3,Geotechnical Engineering,55.4,8,26,54,88,A+
S10331,Jithin Vinod,Male,CSE,4,Data Structures,89.8,7,22,43,72,B
S10332,Fathima Sheikh,Female,ECE,7,Signals & Systems,70.7,8,25,53,86,A+
S10333,Deepthi Vasu,Female,CE,1,Geotechnical Engineering,75.6,8,25,50,83,A
S10334,Bibin Edathil,Male,CE,7,Surveying,88.6,5,16,31,52,P
S10335,Manu Namboodiripad,Male,ME,6,Machine Design,65.1,6,16,30,52,P
S10336,Divya Sivan,Female,ME,5,Fluid Mechanics,91.5,5,13,36,54,P
S10337,Nithya Pisharody,Female,ECE,8,Communication Systems,68.1,7,22,35,64,C
S10338,Haritha Karthikeyan,Female,ME,5,Thermodynamics,61.0,10,30,55,95,S
S10339,Jyothsna Ramesh,Female,ECE,5,Digital Electronics,67.4,4,8,18,30,F
S10340,Devika Vallikkat,Female,CE,5,Concrete Technology,57.2,8,25,47,80,A
S10341,Vivek Sreekumar,Male,ME,5,Fluid Mechanics,66.7,9,26,54,89,A+
S10342,Nandakumar Gopalan,Male,ECE,4,Digital Electronics,89.1,5,14,37,56,D
S10343,Karthik Karthikeyan,Male,CSE,7,DBMS,62.3,8,29,42,79,B+
S10344,Meera Prakash,Female,ECE,1,Microprocessors,69.5,8,26,50,84,A
S10345,Anoop Pisharody,Male,CE,8,Geotechnical Engineering,84.8,8,20,45,73,B
S10346,Fathima Wahab,Female,CSE,2,Software Engineering,72.7,10,30,60,100,S
S10347,Bibin Chundevalel,Male,CSE,3,Computer Networks,71.1,7,19,41,67,C+
S10348,Rahul Sathyan,Male,CE,3,Surveying,64.9,7,23,33,63,C
S10349,Aravind Rajendran,Male,CSE,6,DBMS,81.1,9,30,54,93,S
S10350,Aiswarya Prakash,Female,CE,3,Transportation Engineering,90.1,9,28,53,90,S
S10351,Sana Malik,Female,CSE,6,Operating Systems,93.5,6,21,40,67,C+
S10352,Sana Zubair,Female,ECE,1,Communication Systems,69.9,7,24,41,72,B
S10353,Parvathy Gopalan,Female,ECE,3,Microprocessors,67.7,7,14,37,58,D
S10354,Anagha Anilkumar,Female,ME,2,Manufacturing Technology,65.4,5,11,28,44,F
S10355,Sarath Kaimal,Male,CE,6,Geotechnical Engineering,68.6,7,23,47,77,B+
S10356,Rohan Anandan,Male,ECE,8,Communication Systems,91.3,8,28,45,81,A
S10357,Nithya Ramakrishnan,Female,CSE,5,Software Engineering,79.5,7,19,45,71,B
S10358,Lakshmi Kartha,Female,CSE,8,DBMS,68.3,6,20,24,50,P
S10359,Sreejith Anandan,Male,ME,2,Machine Design,97.0,6,21,37,64,C
S10360,Nimisha Krishnan,Female,ECE,3,VLSI Design,87.8,7,18,32,57,D
S10361,Manu Mahesh,Male,ME,7,Strength of Materials,99.0,4,16,25,45,F
S10362,Aiswarya Kaimal,Female,ECE,4,Microprocessors,72.1,7,23,41,71,B
S10363,Akhil Narayanan,Male,ME,2,Strength of Materials,65.6,7,26,45,78,B+
S10364,Rahul Namboothiri,Male,ECE,3,Signals & Systems,87.3,6,16,29,51,P
S10365,Deepthi Balan,Female,CSE,4,Software Engineering,93.9,9,23,59,91,S
S10366,Devika Sivan,Female,CE,1,Concrete Technology,66.3,6,20,38,64,C
S10367,Akhil Menon,Male,CE,1,Transportation Engineering,67.9,5,10,24,39,F
S10368,Nithya Madhavan,Female,CSE,7,DBMS,58.1,9,22,51,82,A
S10369,Vivek Kartha,Male,CSE,1,Computer Networks,71.8,5,19,28,52,P
S10370,Devika Ramesh,Female,CSE,2,Computer Networks,88.8,8,20,38,66,C+
S10371,Adithya Govindan,Male,ECE,3,VLSI Design,98.7,5,14,20,39,F
S10372,Jyothsna Raman,Female,CE,7,Structural Analysis,72.9,7,15,45,67,C+
S10373,Irfan Bava,Male,ECE,7,Microprocessors,98.6,6,19,46,71,B
S10374,Karthik Ashokan,Male,CSE,5,Computer Networks,84.2,7,19,35,61,C
S10375,Aiswarya Panicker,Female,ECE,4,VLSI Design,67.2,8,26,56,90,S
S10376,Priya Neelakandan,Female,ECE,2,Digital Electronics,73.4,10,30,57,97,S
S10377,Nimisha Kaimal,Female,ECE,4,Digital Electronics,92.8,9,26,52,87,A+
S10378,Nandakumar Vasu,Male,CE,1,Geotechnical Engineering,66.6,6,21,39,66,C+
S10379,Sreejith Poduval,Male,ECE,4,Digital Electronics,59.1,6,19,29,54,P
S10380,Akhil Prakash,Male,ECE,6,Microprocessors,67.2,7,18,50,75,B+
S10381,Lakshmi Warrier,Female,ECE,4,VLSI Design,58.7,8,24,46,78,B+
S10382,Sana Siddiqui,Female,ECE,7,Microprocessors,64.0,7,23,40,70,B
S10383,Sneha Raj,Female,CE,6,Concrete Technology,96.4,9,28,57,94,S
S10384,Priya Ramesh,Female,CE,3,Transportation Engineering,90.4,9,30,46,85,A+
S10385,Lakshmi Vasu,Female,ME,3,Manufacturing Technology,84.2,6,12,35,53,P
S10386,Bibin Thumpayil,Male,CE,3,Concrete Technology,57.5,6,22,31,59,D
S10387,Rohan Namputhiri,Male,ME,2,Manufacturing Technology,62.2,6,15,39,60,C
S10388,Devika Narayanan,Female,ECE,1,Communication Systems,60.0,9,25,42,76,B+
S10389,Nimisha Narayanan,Female,CSE,2,Operating Systems,70.9,9,29,51,89,A+
S10390,Vignesh Rajagopal,Male,ME,5,Thermodynamics,70.9,8,21,39,68,C+
S10391,Vivek Bhaskaran,Male,CSE,8,Operating Systems,93.6,7,22,55,84,A
S10392,Sreejith Venugopal,Male,ME,5,Manufacturing Technology,62.2,5,13,31,49,F
S10393,Aiswarya Sathyan,Female,ME,5,Machine Design,62.3,9,28,51,88,A+
S10394,Deepthi Sankar,Female,CE,2,Concrete Technology,78.4,9,26,55,90,S
S10395,Divya Sreedharan,Female,ME,7,Thermodynamics,80.1,6,10,30,46,F
S10396,Nikhil Anandan,Male,ME,7,Machine Design,77.5,7,25,46,78,B+
S10397,Vivek Madhavan,Male,ECE,7,Microprocessors,60.3,6,14,39,59,D
S10398,Vignesh Namboodiripad,Male,ME,5,Manufacturing Technology,64.2,8,22,45,75,B+
S10399,Reshma Krishnan,Female,ME,3,Fluid Mechanics,80.2,8,28,52,88,A+
S10400,Athira Chandran,Female,CSE,1,Data Structures,92.6,9,29,50,88,A+
S10401,Aravind Vallikkat,Male,ECE,4,Digital Electronics,63.3,8,28,58,94,S
S10402,Aravind Raj,Male,CE,6,Structural Analysis,95.6,6,10,34,50,P
S10403,Sreelakshmi Menon,Female,CSE,7,Data Structures,58.3,7,26,33,66,C+
S10404,Akhil Prasad,Male,ME,5,Thermodynamics,64.9,9,26,60,95,S
S10405,Athira Karthikeyan,Female,CSE,3,Operating Systems,84.6,7,28,48,83,A
S10406,Nandakumar Chandrasekharan,Male,ME,6,Machine Design,79.7,7,26,48,81,A
S10407,Devika Das,Female,CE,8,Transportation Engineering,78.3,6,24,36,66,C+
S10408,Karthik Sreedharan,Male,CSE,1,Data Structures,95.1,7,21,44,72,B
S10409,Jyothsna Bhaskaran,Female,CE,1,Structural Analysis,81.0,8,20,41,69,C+
S10410,Vishnu Prakash,Male,CE,6,Transportation Engineering,69.1,7,18,36,61,C
S10411,Akhil Chandran,Male,ECE,4,Microprocessors,58.5,6,16,30,52,P
S10412,Sana Kunju,Female,CSE,5,Big Data Processing,86.2,8,25,42,75,B+
S10413,Sarath Thampi,Male,CSE,4,Big Data Processing,86.3,9,29,58,96,S
S10414,Sreejith Rajendran,Male,ME,3,Strength of Materials,89.2,8,21,42,71,B
S10415,Jithin Raghavan,Male,ME,7,Fluid Mechanics,66.7,8,25,47,80,A
S10416,Akhil Madhavan,Male,ME,1,Thermodynamics,69.5,8,25,43,76,B+
S10417,Lakshmi Namputhiri,Female,ME,7,Machine Design,81.0,6,16,32,54,P
S10418,Rohan Vijayan,Male,CE,4,Surveying,56.0,7,24,32,63,C
S10419,Anagha Namboothiri,Female,CE,2,Transportation Engineering,55.6,6,20,39,65,C+
S10420,Lakshmi Panicker,Female,CSE,2,DBMS,80.4,8,27,58,93,S
S10421,Sreejith Unnithan,Male,ECE,7,Communication Systems,72.5,6,18,37,61,C
S10422,Meera Kaimal,Female,CSE,5,Computer Networks,64.5,7,26,37,70,B
S10423,Sana Thangal,Female,ECE,2,Signals & Systems,85.5,8,28,55,91,S
S10424,Reshma Menon,Female,CE,2,Structural Analysis,84.2,7,24,39,70,B
S10425,Irfan Rahman,Male,CSE,6,Computer Networks,75.5,7,24,53,84,A
S10426,Adithya Marar,Male,CE,2,Transportation Engineering,86.5,7,14,41,62,C
S10427,Jithin Poduval,Male,ECE,7,Signals & Systems,61.9,4,8,33,45,F
S10428,Rohan Suresh,Male,ME,8,Fluid Mechanics,57.3,8,20,52,80,A
S10429,Sarath Kumar,Male,ME,7,Machine Design,93.8,7,22,42,71,B
S10430,Devika Madhavan,Female,ME,4,Manufacturing Technology,75.9,7,21,39,67,C+
S10431,Manu Raghavan,Male,ECE,5,Digital Electronics,58.2,8,19,44,71,B
S10432,Fathima Ansari,Female,CE,6,Concrete Technology,90.9,8,22,40,70,B
S10433,Anagha Vijayan,Female,ECE,5,Communication Systems,85.3,6,14,38,58,D
S10434,Vignesh Achari,Male,ECE,7,Communication Systems,80.4,7,21,33,61,C
S10435,Sreelakshmi Namboodiripad,Female,ECE,6,VLSI Design,67.3,7,16,25,48,F
S10436,Jyothsna Poduval,Female,CSE,4,Big Data Processing,87.6,8,24,35,67,C+
S10437,Bibin Verghese,Male,CE,4,Concrete Technology,92.8,7,11,33,51,P
S10438,Devika Nair,Female,CE,3,Surveying,92.7,9,30,49,88,A+
S10439,Rohan Vallikkat,Male,ECE,7,VLSI Design,60.7,9,23,59,91,S
S10440,Manu Namboothiri,Male,CE,7,Transportation Engineering,79.9,9,26,51,86,A+
S10441,Aiswarya Anandan,Female,ME,2,Thermodynamics,64.8,8,25,52,85,A+
S10442,Irfan Jaleel,Male,CSE,7,DBMS,61.4,9,30,54,93,S
S10443,Meera Krishnan,Female,CSE,5,Operating Systems,90.8,9,26,57,92,S
S10444,Manu Krishnan,Male,CE,8,Transportation Engineering,66.8,6,12,33,51,P
S10445,Irfan Hussain,Male,CE,2,Surveying,59.2,8,22,44,74,B
S10446,Devika Pillai,Female,ECE,6,Communication Systems,95.9,9,19,51,79,B+
S10447,Reshma Raj,Female,CE,6,Concrete Technology,81.9,9,24,45,78,B+
S10448,Manu Ashokan,Male,CE,6,Structural Analysis,78.0,8,16,56,80,A
S10449,Sneha Venugopal,Female,CSE,1,DBMS,92.8,6,19,31,56,D
S10450,Sarath Balakrishnan,Male,ECE,3,Microprocessors,67.6,9,24,54,87,A+
S10451,Gokul Unnithan,Male,CE,8,Geotechnical Engineering,89.8,9,26,54,89,A+
S10452,Athira Anandan,Female,CE,7,Structural Analysis,55.9,6,16,33,55,D
S10453,Manu Iyer,Male,CE,7,Structural Analysis,98.3,8,19,52,79,B+
S10454,Vivek Pradeep,Male,CSE,2,Big Data Processing,93.2,5,17,38,60,C
S10455,Irfan Aslam,Male,ECE,8,Digital Electronics,99.6,8,22,43,73,B
S10456,Sreelakshmi Radhakrishnan,Female,ME,7,Strength of Materials,92.6,8,26,42,76,B+
S10457,Parvathy Namputhiri,Female,ME,6,Manufacturing Technology,61.8,7,26,37,70,B
S10458,Adithya Das,Male,CSE,3,DBMS,88.8,6,14,44,64,C
S10459,Karthik Namboothiri,Male,CSE,3,DBMS,73.1,6,17,34,57,D
S10460,Akhil Raj,Male,CE,3,Transportation Engineering,70.4,9,20,53,82,A
S10461,Anagha Bhaskaran,Female,CE,3,Transportation Engineering,77.2,10,29,51,90,S
S10462,Vignesh Nambiar,Male,ECE,3,Communication Systems,95.6,9,28,60,97,S
S10463,Nimisha Prakash,Female,ME,1,Manufacturing Technology,84.6,6,19,38,63,C
S10464,Vivek Chandran,Male,CE,7,Concrete Technology,59.7,4,13,25,42,F
S10465,Reshma Panicker,Female,ECE,2,Microprocessors,59.6,8,24,51,83,A
S10466,Karthik Prasad,Male,CSE,5,Operating Systems,70.6,4,14,15,33,F
S10467,Athira Sreekumar,Female,CE,2,Transportation Engineering,71.2,7,25,40,72,B
S10468,Rohan Padmanabhan,Male,ME,1,Manufacturing Technology,69.8,10,30,56,96,S
S10469,Anoop Bhattathiri,Male,ECE,5,Digital Electronics,92.1,6,24,21,51,P
S10470,Sana Ansari,Female,CSE,8,Data Structures,62.3,7,21,39,67,C+
S10471,Vivek Menon,Male,ME,7,Fluid Mechanics,60.2,6,20,42,68,C+
S10472,Vivek Nambiar,Male,CSE,6,Big Data Processing,73.1,4,16,21,41,F
S10473,Nimisha Rajendran,Female,ECE,6,Communication Systems,71.0,5,20,24,49,F
S10474,Parvathy Padmanabhan,Female,CSE,3,Computer Networks,62.1,7,20,44,71,B
S10475,Rohan Thampi,Male,ECE,3,Signals & Systems,65.4,8,22,48,78,B+
S10476,Gokul Varma,Male,CE,8,Geotechnical Engineering,83.3,8,28,56,92,S
S10477,Anagha Raman,Female,CE,2,Structural Analysis,92.1,7,23,28,58,D
S10478,Deepthi Jayan,Female,ME,6,Manufacturing Technology,96.2,6,22,41,69,C+
S10479,Fathima Zubair,Female,CSE,2,Software Engineering,69.6,3,7,23,33,F
S10480,Haritha Vinod,Female,CE,4,Concrete Technology,97.6,9,28,53,90,S
S10481,Vignesh Warrier,Male,ME,5,Machine Design,84.7,6,16,41,63,C
S10482,Jithin Balakrishnan,Male,ME,1,Thermodynamics,73.8,6,14,29,49,F
S10483,Manu Vasudevan,Male,CSE,3,Computer Networks,55.7,9,27,56,92,S
S10484,Anjali Rajan,Female,ECE,3,Communication Systems,96.7,9,30,56,95,S
S10485,Rohan Rajagopal,Male,ME,5,Thermodynamics,90.4,7,20,44,71,B
S10486,Athira Govindan,Female,CE,5,Geotechnical Engineering,67.4,7,20,39,66,C+
S10487,Devika Warrier,Female,CSE,1,Operating Systems,74.2,8,27,49,84,A
S10488,Devika Suresh,Female,ECE,8,Digital Electronics,70.2,10,28,60,98,S
S10489,Gokul Karthikeyan,Male,CE,3,Concrete Technology,62.3,3,11,16,30,F
S10490,Karthik Sankar,Male,CSE,2,Data Structures,71.2,7,22,53,82,A
S10491,Haritha Thampi,Female,ECE,7,Signals & Systems,63.7,6,16,27,49,F
S10492,Vishnu Warrier,Male,CSE,3,Computer Networks,73.5,5,16,28,49,F
S10493,Divya Venugopal,Female,ECE,7,Microprocessors,62.0,6,16,44,66,C+
S10494,Divya Balakrishnan,Female,CSE,3,Data Structures,94.0,6,16,25,47,F
S10495,Haritha Panicker,Female,ME,3,Fluid Mechanics,80.4,5,16,24,45,F
S10496,Devika Mohan,Female,ME,1,Machine Design,89.4,5,17,36,58,D
S10497,Akhil Mahesh,Male,ECE,7,Communication Systems,82.1,10,30,54,94,S
S10498,Karthik Nambiar,Male,CE,2,Geotechnical Engineering,86.2,6,20,43,69,C+
S10499,Nimisha Nair,Female,CSE,6,DBMS,57.0,8,18,46,72,B
S10500,Sreejith Ramakrishnan,Male,CE,6,Transportation Engineering,55.6,7,27,39,73,B
S10501,Vignesh Kurup,Male,CSE,2,Data Structures,84.9,4,17,13,34,F
S10502,Divya Unni,Female,CSE,7,Big Data Processing,96.3,8,21,57,86,A+
S10503,Deepthi Namboodiripad,Female,CE,7,Structural Analysis,95.5,6,21,30,57,D
S10504,Rohan Neelakandan,Male,ME,2,Strength of Materials,84.8,7,21,49,77,B+
S10505,Nikhil Das,Male,ME,7,Strength of Materials,80.0,7,23,50,80,A
S10506,Adithya Pillai,Male,CE,4,Structural Analysis,60.3,9,30,54,93,S
S10507,Vishnu Radhakrishnan,Male,CSE,8,Big Data Processing,93.3,6,26,24,56,D
S10508,Adithya Vijayan,Male,ECE,2,Digital Electronics,82.3,8,25,50,83,A
S10509,Aravind Rajagopal,Male,CE,6,Transportation Engineering,78.9,8,28,60,96,S
S10510,Athira Bhattathiri,Female,ECE,5,Digital Electronics,85.7,6,14,45,65,C+
S10511,Gokul Radhakrishnan,Male,ME,2,Machine Design,86.5,8,27,40,75,B+
S10512,Vignesh Chandrasekharan,Male,ME,1,Manufacturing Technology,56.2,5,11,27,43,F
S10513,Irfan Shah,Male,ME,2,Strength of Materials,98.4,4,9,22,35,F
S10514,Karthik Prakash,Male,CSE,1,Data Structures,79.5,5,15,39,59,D
S10515,Rahul Anilkumar,Male,ME,7,Fluid Mechanics,66.4,6,19,46,71,B
S10516,Rahul Mahesh,Male,CE,4,Surveying,71.4,9,28,44,81,A
S10517,Anoop Kartha,Male,ME,5,Thermodynamics,96.0,8,25,44,77,B+
S10518,Meera Vallikkat,Female,CSE,3,Operating Systems,85.4,9,30,53,92,S
S10519,Sreejith Balan,Male,CE,5,Surveying,98.6,7,19,43,69,C+
S10520,Devika Bhattathiri,Female,CE,1,Surveying,99.9,8,20,49,77,B+
S10521,Adithya Vallikkat,Male,ME,4,Manufacturing Technology,72.4,5,14,35,54,P
S10522,Parvathy Ramesh,Female,ECE,4,Signals & Systems,61.8,5,22,27,54,P
S10523,Anoop Varma,Male,ECE,6,Digital Electronics,72.6,8,27,60,95,S
S10524,Anjali Thampuran,Female,CE,5,Structural Analysis,94.2,7,19,42,68,C+
S10525,Akhil Vijayan,Male,CE,8,Structural Analysis,95.9,8,22,59,89,A+
S10526,Rohan Radhakrishnan,Male,CSE,4,Big Data Processing,58.6,5,19,29,53,P
S10527,Haritha Poduval,Female,CSE,2,Big Data Processing,83.4,8,26,49,83,A
S10528,Sreejith Nambiar,Male,CSE,7,Software Engineering,81.1,8,23,41,72,B
S10529,Karthik Gopalan,Male,ME,6,Manufacturing Technology,57.5,9,28,48,85,A+
S10530,Fathima Marakkar,Female,ME,4,Thermodynamics,91.9,9,30,60,99,S
S10531,Nikhil Govindan,Male,CSE,3,Data Structures,83.4,5,11,33,49,F
S10532,Manu Rajan,Male,ME,7,Thermodynamics,83.2,5,16,42,63,C
S10533,Divya Namboothiri,Female,ME,8,Machine Design,65.2,6,17,35,58,D
S10534,Vishnu Mahesh,Male,ME,1,Fluid Mechanics,72.4,8,28,46,82,A
S10535,Priya Bhaskaran,Female,ECE,6,VLSI Design,61.5,7,22,41,70,B
S10536,Adithya Pradeep,Male,ECE,1,VLSI Design,80.1,9,26,54,89,A+
S10537,Aiswarya Venugopal,Female,ECE,2,VLSI Design,62.6,5,16,32,53,P
S10538,Nikhil Thampi,Male,CSE,1,Operating Systems,61.4,10,30,60,100,S
S10539,Vivek Prasad,Male,ME,2,Strength of Materials,73.5,4,14,29,47,F
S10540,Devika Sathyan,Female,CSE,4,Software Engineering,87.8,9,28,51,88,A+
S10541,Priya Anandan,Female,ME,2,Thermodynamics,85.5,2,4,5,11,F
S10542,Sneha Namputhiri,Female,CE,7,Concrete Technology,90.2,7,23,44,74,B
S10543,Sreejith Krishnan,Male,CE,3,Surveying,63.1,5,19,32,56,D
S10544,Sarath Sivan,Male,ME,8,Fluid Mechanics,91.2,6,19,20,45,F
S10545,Nandakumar Namputhiri,Male,ECE,5,VLSI Design,99.8,9,30,45,84,A
S10546,Aiswarya Gopinathan,Female,CSE,2,DBMS,76.8,7,22,36,65,C+
S10547,Priya Poduval,Female,ECE,4,Microprocessors,79.9,5,19,27,51,P
S10548,Sreejith Warrier,Male,ME,8,Strength of Materials,80.4,9,29,60,98,S
S10549,Haritha Pillai,Female,ME,7,Machine Design,77.0,8,18,48,74,B
S10550,Aravind Mahesh,Male,ECE,1,Communication Systems,55.3,5,17,32,54,P
S10551,Vignesh Pisharody,Male,ME,4,Fluid Mechanics,62.8,7,21,24,52,P
S10552,Karthik Raghavan,Male,ECE,5,Microprocessors,95.3,6,17,44,67,C+
S10553,Karthik Manoharan,Male,CE,6,Geotechnical Engineering,88.7,6,17,33,56,D
S10554,Karthik Iyer,Male,ME,6,Strength of Materials,68.8,7,22,36,65,C+
S10555,Irfan Kunju,Male,ECE,4,VLSI Design,64.6,9,30,60,99,S
S10556,Athira Poduval,Female,CSE,2,Data Structures,90.9,10,26,60,96,S
S10557,Nandakumar Prasad,Male,CSE,8,Data Structures,94.6,6,20,45,71,B
S10558,Nimisha Sathyan,Female,ECE,6,Signals & Systems,85.4,9,22,51,82,A
S10559,Sneha Karthikeyan,Female,ECE,3,Digital Electronics,98.9,8,25,52,85,A+
S10560,Devika Ashokan,Female,CE,2,Surveying,98.5,7,16,43,66,C+
S10561,Fathima Rawther,Female,ECE,7,VLSI Design,77.7,9,26,47,82,A
S10562,Athira Rajagopal,Female,ME,4,Strength of Materials,67.1,9,27,53,89,A+
S10563,Sreejith Sreekumar,Male,ME,3,Fluid Mechanics,93.1,8,22,44,74,B
S10564,Jithin Achari,Male,CSE,3,Big Data Processing,69.3,7,23,47,77,B+
S10565,Nimisha Menon,Female,CSE,8,Operating Systems,61.6,7,29,45,81,A
S10566,Devika Rajagopal,Female,ME,6,Fluid Mechanics,78.0,8,28,41,77,B+
S10567,Gokul Achari,Male,CSE,5,Operating Systems,88.8,9,28,58,95,S
S10568,Vishnu Anilkumar,Male,ME,2,Thermodynamics,66.4,7,26,43,76,B+
S10569,Sreejith Namboodiripad,Male,CE,3,Concrete Technology,72.3,8,25,59,92,S
S10570,Jyothsna Warrier,Female,CE,2,Concrete Technology,82.2,8,29,57,94,S
S10571,Sarath Neelakandan,Male,CSE,1,DBMS,71.3,7,21,42,70,B
S10572,Gokul Madhavan,Male,CSE,2,DBMS,83.4,8,22,55,85,A+
S10573,Sreejith Anilkumar,Male,CSE,2,DBMS,61.3,8,20,39,67,C+
S10574,Anjali Padmanabhan,Female,ECE,7,Signals & Systems,78.4,8,25,49,82,A
S10575,Arjun Namboodiripad,Male,ECE,4,VLSI Design,84.8,3,10,14,27,F
S10576,Nithya Narayanan,Female,ECE,2,Digital Electronics,84.2,9,28,56,93,S
S10577,Parvathy Kartha,Female,CE,3,Structural Analysis,96.4,9,26,51,86,A+
S10578,Anjali Iyer,Female,CSE,5,Software Engineering,60.4,7,22,44,73,B
S10579,Divya Kartha,Female,CSE,4,Operating Systems,70.7,4,14,31,49,F
S10580,Devika Unni,Female,CSE,5,Computer Networks,70.4,7,26,39,72,B
S10581,Sreelakshmi Balakrishnan,Female,ME,2,Strength of Materials,99.5,8,20,43,71,B
S10582,Athira Sivan,Female,CE,6,Geotechnical Engineering,55.3,8,21,39,68,C+
S10583,Sneha Kutty,Female,CE,8,Surveying,65.5,6,14,26,46,F
S10584,Rohan Dinesh,Male,CSE,3,Software Engineering,94.4,9,28,50,87,A+
S10585,Vishnu Jayan,Male,ME,7,Strength of Materials,69.4,7,22,43,72,B
S10586,Bibin Ninan,Male,CE,7,Transportation Engineering,58.5,8,22,55,85,A+
S10587,Parvathy Nambiar,Female,CE,5,Structural Analysis,97.1,8,22,42,72,B
S10588,Sneha Balan,Female,ECE,2,VLSI Design,79.5,7,23,52,82,A
S10589,Sarath Iyer,Male,ECE,3,Digital Electronics,88.3,7,18,35,60,C
S10590,Devika Radhakrishnan,Female,CE,4,Geotechnical Engineering,56.8,6,17,39,62,C
S10591,Fathima Haji,Female,CSE,2,Computer Networks,61.4,5,14,24,43,F
S10592,Aiswarya Iyer,Female,ME,8,Thermodynamics,61.6,6,20,29,55,D
S10593,Meera Kumar,Female,ECE,3,Microprocessors,83.6,6,14,28,48,F
S10594,Arjun Thampuran,Male,CSE,5,Big Data Processing,63.9,6,13,27,46,F
S10595,Anagha Mohan,Female,CE,8,Transportation Engineering,92.1,7,20,48,75,B+
S10596,Sneha Marar,Female,ME,7,Fluid Mechanics,56.1,7,20,37,64,C
S10597,Sneha Raghavan,Female,ME,4,Thermodynamics,58.6,7,20,41,68,C+
S10598,Sana Shukoor,Female,CSE,6,DBMS,60.5,7,25,49,81,A
S10599,Sana Kunhi,Female,CSE,4,Operating Systems,63.8,9,28,49,86,A+
S10600,Reshma Poduval,Female,ME,7,Strength of Materials,97.8,7,22,41,70,B
S10601,Vivek Sreedharan,Male,ECE,7,VLSI Design,65.2,6,20,33,59,D
S10602,Sneha Chandran,Female,ECE,2,Communication Systems,77.0,8,26,42,76,B+
S10603,Priya Namputhiri,Female,CSE,3,Operating Systems,74.5,7,18,48,73,B
S10604,Rahul Unnithan,Male,CSE,8,Data Structures,91.2,9,26,48,83,A
S10605,Divya Anilkumar,Female,ME,8,Strength of Materials,88.7,9,30,48,87,A+
S10606,Meera Sasidharan,Female,CSE,4,DBMS,68.1,8,22,49,79,B+
S10607,Nimisha Sivan,Female,ECE,8,Microprocessors,76.4,6,15,35,56,D
S10608,Haritha Vijayan,Female,ME,2,Machine Design,64.3,8,25,54,87,A+
S10609,Sreejith Kurup,Male,ECE,4,Signals & Systems,87.9,4,14,18,36,F
S10610,Vivek Narayanan,Male,CE,1,Structural Analysis,81.9,10,30,60,100,S
S10611,Priya Bhattathiri,Female,ECE,1,Signals & Systems,63.2,6,16,42,64,C
S10612,Nimisha Prasad,Female,ME,7,Manufacturing Technology,64.5,8,21,57,86,A+
S10613,Reshma Rajendran,Female,ECE,8,Communication Systems,97.9,7,21,40,68,C+
S10614,Parvathy Rajendran,Female,CSE,6,Big Data Processing,79.0,7,22,44,73,B
S10615,Nithya Neelakandan,Female,CSE,8,Data Structures,87.7,7,25,53,85,A+
S10616,Sana Ilyas,Female,ME,5,Machine Design,82.1,10,30,54,94,S
S10617,Divya Bhaskaran,Female,ECE,1,Microprocessors,63.4,8,27,40,75,B+
S10618,Fathima Bava,Female,ECE,1,VLSI Design,70.6,5,8,26,39,F
S10619,Sana Jaleel,Female,CE,7,Structural Analysis,96.4,8,30,49,87,A+
S10620,Gokul Raman,Male,ECE,8,Communication Systems,65.6,5,13,33,51,P
S10621,Athira Achari,Female,ECE,5,Digital Electronics,63.8,8,28,49,85,A+
S10622,Priya Kumar,Female,ME,3,Machine Design,66.8,7,16,47,70,B
S10623,Karthik Padmanabhan,Male,ECE,5,VLSI Design,69.2,8,26,56,90,S
S10624,Haritha Kunjunni,Female,ME,8,Thermodynamics,86.5,9,26,60,95,S
S10625,Sneha Raman,Female,CSE,8,Operating Systems,69.3,8,22,41,71,B
S10626,Sreejith Pillai,Male,ME,7,Thermodynamics,93.3,4,13,28,45,F
S10627,Nikhil Gopalan,Male,ME,7,Strength of Materials,82.1,8,26,44,78,B+
S10628,Priya Kartha,Female,ECE,2,VLSI Design,89.5,8,22,52,82,A
S10629,Athira Kunjunni,Female,CSE,1,Computer Networks,68.9,6,19,48,73,B
S10630,Divya Marar,Female,ECE,8,Digital Electronics,65.2,7,19,39,65,C+
S10631,Nandakumar Sivan,Male,CE,7,Concrete Technology,64.2,5,14,25,44,F
S10632,Jyothsna Chandrasekharan,Female,CSE,4,Software Engineering,91.7,8,20,56,84,A
S10633,Anjali Sasidharan,Female,ECE,1,Digital Electronics,97.2,8,27,56,91,S
S10634,Karthik Anandan,Male,ME,5,Fluid Mechanics,57.9,7,26,48,81,A
S10635,Sreejith Suresh,Male,ME,3,Thermodynamics,98.9,9,24,46,79,B+
S10636,Adithya Rajan,Male,CE,6,Concrete Technology,89.0,10,28,46,84,A
S10637,Gokul Thampuran,Male,ME,4,Fluid Mechanics,62.6,9,30,60,99,S
S10638,Anjali Kurup,Female,ECE,3,Signals & Systems,73.9,4,15,32,51,P
S10639,Jithin Kaimal,Male,ECE,2,Communication Systems,56.7,8,23,48,79,B+
S10640,Sreejith Gopinathan,Male,ME,1,Strength of Materials,81.2,7,23,43,73,B
S10641,Arjun Manoharan,Male,CSE,1,Software Engineering,86.4,7,20,42,69,C+
S10642,Anoop Raghavan,Male,CE,2,Transportation Engineering,92.2,7,19,28,54,P
S10643,Sreelakshmi Kurup,Female,ECE,4,Digital Electronics,93.6,7,22,54,83,A
S10644,Anagha Balan,Female,CSE,5,Big Data Processing,65.2,8,26,52,86,A+
S10645,Anoop Raj,Male,CSE,5,Data Structures,63.1,6,14,40,60,C
S10646,Vignesh Bhattathiri,Male,ECE,5,Microprocessors,63.3,6,18,37,61,C
S10647,Irfan Zubair,Male,CE,5,Geotechnical Engineering,90.3,6,20,33,59,D
S10648,Bibin Pulickal,Male,ECE,8,Communication Systems,95.2,7,23,38,68,C+
S10649,Aravind Narayanan,Male,CSE,2,Big Data Processing,67.7,9,25,55,89,A+
S10650,Priya Raman,Female,CSE,2,DBMS,62.0,10,29,56,95,S
S10651,Manu Madhavan,Male,ME,8,Thermodynamics,98.5,7,19,39,65,C+
S10652,Sarath Achari,Male,ME,6,Machine Design,66.6,9,28,43,80,A
S10653,Meera Ashokan,Female,CSE,1,Operating Systems,79.0,7,28,40,75,B+
S10654,Gokul Kaimal,Male,CE,5,Structural Analysis,65.2,8,20,57,85,A+
S10655,Fathima Moulavi,Female,CSE,7,Computer Networks,89.7,9,26,60,95,S
S10656,Sana Hameed,Female,CE,7,Geotechnical Engineering,90.7,4,10,12,26,F
S10657,Nikhil Ramakrishnan,Male,CSE,3,Data Structures,66.7,6,20,33,59,D
S10658,Parvathy Madhavan,Female,CE,3,Transportation Engineering,59.2,7,21,39,67,C+
S10659,Haritha Sasidharan,Female,CSE,3,Computer Networks,95.3,9,26,48,83,A
S10660,Meera Chandran,Female,CE,1,Structural Analysis,88.1,8,23,49,80,A
S10661,Fathima Riyas,Female,ECE,6,Microprocessors,69.4,8,16,53,77,B+
S10662,Anoop Vinod,Male,ECE,8,Communication Systems,82.3,9,26,47,82,A
S10663,Priya Ramakrishnan,Female,CSE,1,Software Engineering,92.9,8,28,56,92,S
S10664,Akhil Rajagopal,Male,CE,3,Structural Analysis,79.5,8,20,55,83,A
S10665,Fathima Koya,Female,ME,5,Thermodynamics,64.8,6,18,33,57,D
S10666,Bibin Chacko,Male,CE,7,Geotechnical Engineering,58.1,8,19,48,75,B+
S10667,Manu Ramakrishnan,Male,CE,2,Concrete Technology,71.2,8,23,48,79,B+
S10668,Fathima Aslam,Female,CE,1,Structural Analysis,69.8,8,28,47,83,A
S10669,Anagha Suresh,Female,CSE,2,Big Data Processing,87.7,3,15,23,41,F
S10670,Deepthi Anandan,Female,ECE,8,Communication Systems,80.6,10,28,58,96,S
S10671,Sneha Namboodiripad,Female,CE,6,Transportation Engineering,83.4,10,29,46,85,A+
S10672,Haritha Padmanabhan,Female,CE,2,Structural Analysis,66.6,7,22,45,74,B
S10673,Aravind Balan,Male,ME,5,Strength of Materials,89.5,6,20,35,61,C
S10674,Meera Jayan,Female,ECE,8,Signals & Systems,78.8,9,28,58,95,S
S10675,Meera Gopinathan,Female,ECE,4,Digital Electronics,61.0,6,20,23,49,F
S10676,Divya Namputhiri,Female,ECE,6,Digital Electronics,59.8,8,26,49,83,A
S10677,Sneha Poduval,Female,CSE,8,Computer Networks,72.3,5,16,31,52,P
S10678,Vignesh Pradeep,Male,CSE,7,Big Data Processing,67.4,8,22,54,84,A
S10679,Deepthi Namputhiri,Female,ECE,3,Digital Electronics,98.8,6,22,35,63,C
S10680,Nimisha Pillai,Female,ME,7,Manufacturing Technology,56.8,7,25,43,75,B+
S10681,Rohan Bhattathiri,Male,ME,5,Manufacturing Technology,76.1,9,30,51,90,S
S10682,Nikhil Vallikkat,Male,ME,6,Strength of Materials,71.0,3,10,11,24,F
S10683,Vivek Kumar,Male,ME,6,Fluid Mechanics,84.5,5,17,22,44,F
S10684,Akhil Jayan,Male,ME,2,Machine Design,58.5,6,19,35,60,C
S10685,Parvathy Suresh,Female,CE,5,Concrete Technology,63.7,6,21,30,57,D
S10686,Akhil Iyer,Male,CSE,7,Operating Systems,89.0,8,23,50,81,A
S10687,Rahul Menon,Male,ME,3,Machine Design,92.8,7,18,33,58,D
S10688,Priya Vasu,Female,ME,4,Strength of Materials,81.8,4,17,17,38,F
S10689,Irfan Ahmed,Male,CSE,4,Software Engineering,70.9,7,20,45,72,B
S10690,Lakshmi Kaimal,Female,ME,1,Manufacturing Technology,63.3,7,26,48,81,A
S10691,Anagha Krishnan,Female,ME,1,Thermodynamics,92.6,7,23,35,65,C+
S10692,Divya Kaimal,Female,CE,4,Surveying,98.1,9,28,53,90,S
S10693,Vivek Mohan,Male,CE,3,Structural Analysis,77.2,7,21,50,78,B+
S10694,Sarath Thampuran,Male,CSE,7,Data Structures,61.6,8,23,58,89,A+
S10695,Sana Sayyed,Female,ME,3,Fluid Mechanics,68.9,7,22,39,68,C+
S10696,Anjali Kumar,Female,CE,3,Structural Analysis,80.4,6,20,39,65,C+
S10697,Gokul Namboothiri,Male,CSE,5,Computer Networks,95.8,7,22,33,62,C
S10698,Devika Prakash,Female,ME,4,Fluid Mechanics,63.5,8,22,43,73,B
S10699,Akhil Sathyan,Male,CE,7,Structural Analysis,59.4,6,14,43,63,C
S10700,Lakshmi Vinod,Female,ME,6,Machine Design,83.3,8,23,57,88,A+
S10701,Divya Rajan,Female,CE,1,Structural Analysis,99.6,6,22,40,68,C+
S10702,Reshma Madhavan,Female,ECE,1,Communication Systems,59.8,7,23,32,62,C
S10703,Meera Sathyan,Female,ME,5,Thermodynamics,69.0,5,14,27,46,F
S10704,Deepthi Namboothiri,Female,CE,8,Structural Analysis,67.1,5,18,40,63,C
S10705,Divya Krishnan,Female,CSE,2,Operating Systems,61.6,4,10,21,35,F
S10706,Vishnu Kaimal,Male,ECE,7,Digital Electronics,55.8,8,28,43,79,B+
S10707,Bibin Mannath,Male,CE,2,Geotechnical Engineering,98.4,6,16,31,53,P
S10708,Manu Gopinathan,Male,ME,1,Thermodynamics,59.5,9,22,60,91,S
S10709,Rahul Jayan,Male,ME,2,Strength of Materials,62.5,7,24,45,76,B+
S10710,Rohan Narayanan,Male,CE,8,Concrete Technology,77.4,5,15,26,46,F
S10711,Fathima Mirza,Female,CE,2,Transportation Engineering,83.7,8,28,48,84,A
S10712,Nandakumar Namboothiri,Male,CSE,2,DBMS,74.4,6,22,43,71,B
S10713,Adithya Sankar,Male,ME,2,Machine Design,73.8,8,20,47,75,B+
S10714,Jyothsna Panicker,Female,CSE,8,Operating Systems,98.2,9,27,51,87,A+
S10715,Nikhil Sathyan,Male,CE,5,Geotechnical Engineering,75.5,7,26,40,73,B
S10716,Haritha Ramesh,Female,ECE,2,Digital Electronics,65.5,6,21,38,65,C+
S10717,Jithin Sivan,Male,CE,2,Surveying,73.7,8,21,50,79,B+
S10718,Irfan Thangal,Male,CE,3,Geotechnical Engineering,83.2,5,20,30,55,D
S10719,Karthik Madhavan,Male,ME,4,Thermodynamics,63.7,9,26,52,87,A+
S10720,Jithin Raj,Male,CE,2,Surveying,83.4,8,22,44,74,B
S10721,Rohan Ashokan,Male,ECE,8,Communication Systems,90.0,9,23,50,82,A
S10722,Priya Dinesh,Female,ECE,2,Communication Systems,78.3,8,19,39,66,C+
S10723,Vivek Unni,Male,CE,8,Surveying,87.3,7,24,38,69,C+
S10724,Parvathy Rajagopal,Female,ME,6,Manufacturing Technology,66.2,4,11,23,38,F
S10725,Aravind Ashokan,Male,ECE,4,VLSI Design,67.7,9,22,58,89,A+
S10726,Haritha Narayanan,Female,ME,8,Manufacturing Technology,61.6,7,25,34,66,C+
S10727,Haritha Kutty,Female,CE,2,Geotechnical Engineering,71.6,9,29,60,98,S
S10728,Rohan Vasudevan,Male,ECE,5,Digital Electronics,76.8,8,26,44,78,B+
S10729,Aravind Poduval,Male,CSE,7,Big Data Processing,97.9,8,20,51,79,B+
S10730,Rahul Panicker,Male,ME,8,Fluid Mechanics,85.0,7,21,40,68,C+
S10731,Jyothsna Kurup,Female,ME,3,Manufacturing Technology,85.8,7,27,39,73,B
S10732,Sreejith Mohan,Male,CSE,4,Big Data Processing,94.3,9,26,57,92,S
S10733,Akhil Unnithan,Male,CE,3,Geotechnical Engineering,91.8,7,26,51,84,A
S10734,Vignesh Krishnankutty,Male,CSE,4,Computer Networks,59.0,8,25,48,81,A
S10735,Vishnu Pillai,Male,ME,4,Thermodynamics,94.4,9,29,48,86,A+
S10736,Akhil Gopinathan,Male,CE,8,Concrete Technology,65.5,5,11,30,46,F
S10737,Rahul Vasu,Male,ME,2,Strength of Materials,74.2,9,30,53,92,S
S10738,Sana Haji,Female,ECE,7,VLSI Design,97.1,8,23,54,85,A+
S10739,Parvathy Krishnan,Female,CSE,5,Computer Networks,76.2,8,25,37,70,B
S10740,Akhil Sreedharan,Male,ME,6,Manufacturing Technology,80.8,9,26,50,85,A+
S10741,Nimisha Achari,Female,ECE,8,Signals & Systems,97.7,7,22,43,72,B
S10742,Vishnu Padmanabhan,Male,ME,4,Fluid Mechanics,79.5,3,6,17,26,F
S10743,Sarath Sathyan,Male,CSE,4,Computer Networks,66.0,9,26,50,85,A+
S10744,Meera Menon,Female,CE,8,Geotechnical Engineering,89.9,10,30,57,97,S
S10745,Anoop Balan,Male,ECE,1,Signals & Systems,70.9,4,14,19,37,F
S10746,Nikhil Raman,Male,CSE,3,Data Structures,58.7,7,23,35,65,C+
S10747,Rohan Gopinathan,Male,CE,1,Surveying,84.7,7,20,50,77,B+
S10748,Vivek Rajan,Male,CE,8,Geotechnical Engineering,68.5,8,22,49,79,B+
S10749,Anoop Ashokan,Male,ECE,3,Microprocessors,55.8,8,25,59,92,S
S10750,Athira Ramakrishnan,Female,ME,8,Strength of Materials,71.3,6,20,37,63,C
S10751,Karthik Unni,Male,CE,3,Structural Analysis,81.1,7,18,42,67,C+
S10752,Vivek Panicker,Male,CE,3,Transportation Engineering,92.6,8,25,39,72,B
S10753,Sarath Raman,Male,CSE,2,Data Structures,73.3,7,28,46,81,A
S10754,Priya Mohan,Female,CSE,7,Big Data Processing,62.7,8,23,56,87,A+
S10755,Haritha Krishnankutty,Female,CE,4,Concrete Technology,61.1,9,27,55,91,S
S10756,Haritha Kumar,Female,CSE,7,Operating Systems,62.0,8,23,60,91,S
S10757,Sreelakshmi Kutty,Female,CSE,5,Big Data Processing,96.4,6,16,27,49,F
S10758,Sana Rasheed,Female,CSE,1,Big Data Processing,57.3,6,21,41,68,C+
S10759,Akhil Balakrishnan,Male,CE,4,Surveying,61.9,8,22,55,85,A+
S10760,Haritha Govindan,Female,ECE,7,Microprocessors,71.5,9,25,60,94,S
S10761,Sana Latif,Female,CE,6,Transportation Engineering,81.0,6,20,43,69,C+
S10762,Jyothsna Vasu,Female,CE,8,Geotechnical Engineering,84.3,8,26,46,80,A
S10763,Aiswarya Madhavan,Female,CE,5,Surveying,87.4,9,26,50,85,A+
S10764,Jyothsna Prakash,Female,ECE,2,Signals & Systems,79.7,7,21,50,78,B+
S10765,Athira Mahesh,Female,ECE,7,Communication Systems,99.2,8,30,55,93,S
S10766,Sarath Gopalan,Male,CSE,2,Operating Systems,84.4,9,27,60,96,S
S10767,Nimisha Anandan,Female,CSE,2,DBMS,89.3,5,17,31,53,P
S10768,Irfan Hakkim,Male,CSE,7,Computer Networks,75.3,9,24,50,83,A
S10769,Nimisha Namboothiri,Female,ECE,8,VLSI Design,87.6,9,25,60,94,S
S10770,Vivek Sasidharan,Male,ME,4,Thermodynamics,74.9,8,26,36,70,B
S10771,Nandakumar Panicker,Male,CSE,6,Operating Systems,85.2,8,30,54,92,S
S10772,Sarath Chandrasekharan,Male,ME,7,Machine Design,56.3,4,12,29,45,F
S10773,Jyothsna Varma,Female,ECE,1,Digital Electronics,76.0,5,14,34,53,P
S10774,Bibin Kochuveettil,Male,ME,6,Machine Design,63.5,6,20,38,64,C
S10775,Nandakumar Pillai,Male,CE,7,Transportation Engineering,73.8,8,22,46,76,B+
S10776,Rohan Balan,Male,CE,2,Transportation Engineering,80.6,2,6,7,15,F
S10777,Akhil Sasidharan,Male,ME,2,Strength of Materials,65.8,8,23,39,70,B
S10778,Aiswarya Namboothiri,Female,ME,8,Manufacturing Technology,92.4,4,14,27,45,F
S10779,Lakshmi Kunjunni,Female,CE,8,Transportation Engineering,98.6,6,18,28,52,P
S10780,Vignesh Balan,Male,ME,2,Manufacturing Technology,83.3,8,24,43,75,B+
S10781,Karthik Raman,Male,CE,6,Transportation Engineering,88.8,9,30,60,99,S
S10782,Rohan Prakash,Male,ME,2,Manufacturing Technology,94.7,8,20,41,69,C+
S10783,Devika Pisharody,Female,ECE,8,Communication Systems,78.0,9,20,44,73,B
S10784,Divya Warrier,Female,ME,3,Fluid Mechanics,96.2,5,11,29,45,F
S10785,Divya Ramesh,Female,ECE,5,Signals & Systems,97.6,5,20,31,56,D
S10786,Vivek Vinod,Male,ME,3,Thermodynamics,80.3,6,21,50,77,B+
S10787,Vishnu Sankar,Male,CE,1,Transportation Engineering,98.6,7,22,38,67,C+
S10788,Vignesh Namputhiri,Male,ME,8,Strength of Materials,63.6,3,12,12,27,F
S10789,Sreelakshmi Kaimal,Female,ME,7,Fluid Mechanics,97.7,9,28,59,96,S
S10790,Rahul Venugopal,Male,CE,8,Transportation Engineering,92.1,7,20,45,72,B
S10791,Akhil Kurup,Male,CE,3,Concrete Technology,78.8,9,28,53,90,S
S10792,Akhil Namputhiri,Male,ME,1,Thermodynamics,72.3,9,23,51,83,A
S10793,Sreejith Dinesh,Male,CSE,6,DBMS,98.5,8,23,54,85,A+
S10794,Athira Marar,Female,ME,4,Machine Design,58.6,7,22,43,72,B
S10795,Nimisha Ramakrishnan,Female,ME,3,Manufacturing Technology,93.5,7,20,50,77,B+
S10796,Divya Gopinathan,Female,ME,6,Manufacturing Technology,65.5,7,18,36,61,C
S10797,Reshma Nair,Female,ECE,4,Digital Electronics,90.7,5,18,24,47,F
S10798,Lakshmi Padmanabhan,Female,CE,7,Geotechnical Engineering,95.0,9,26,56,91,S
S10799,Nikhil Pradeep,Male,CSE,3,Computer Networks,80.2,6,26,40,72,B
S10800,Priya Suresh,Female,ME,8,Machine Design,55.4,7,18,33,58,D
S10801,Aiswarya Ramesh,Female,CSE,7,Data Structures,63.3,6,10,40,56,D
S10802,Rahul Marar,Male,ME,8,Thermodynamics,73.9,7,22,41,70,B
S10803,Fathima Faisal,Female,ME,6,Strength of Materials,96.4,9,27,49,85,A+
S10804,Haritha Namputhiri,Female,CE,2,Surveying,73.5,7,15,38,60,C
S10805,Jithin Madhavan,Male,ECE,5,Communication Systems,72.3,7,21,40,68,C+
S10806,Deepthi Thampi,Female,CE,2,Concrete Technology,81.2,8,21,48,77,B+
S10807,Reshma Padmanabhan,Female,ECE,3,Communication Systems,60.8,8,21,52,81,A
S10808,Nimisha Varma,Female,CE,2,Structural Analysis,56.6,8,30,50,88,A+
S10809,Gokul Raghavan,Male,ME,6,Machine Design,60.1,6,17,48,71,B
S10810,Nimisha Gopinathan,Female,CE,5,Concrete Technology,73.5,7,28,48,83,A
S10811,Parvathy Vijayan,Female,CE,7,Geotechnical Engineering,81.4,5,14,34,53,P
S10812,Aravind Venugopal,Male,ECE,5,Digital Electronics,67.0,6,20,34,60,C
S10813,Sarath Krishnankutty,Male,CSE,2,Data Structures,63.0,9,27,54,90,S
S10814,Aiswarya Sivan,Female,CSE,7,Big Data Processing,80.8,5,11,23,39,F
S10815,Arjun Panicker,Male,ECE,2,VLSI Design,88.5,9,23,44,76,B+
S10816,Lakshmi Das,Female,ME,8,Fluid Mechanics,80.0,9,30,60,99,S
S10817,Akhil Manoharan,Male,CSE,1,Software Engineering,55.7,5,9,27,41,F
S10818,Fathima Qureshi,Female,CE,5,Transportation Engineering,85.5,6,18,41,65,C+
S10819,Priya Sankar,Female,ECE,8,Microprocessors,68.3,8,28,56,92,S
S10820,Deepthi Sivan,Female,ME,6,Manufacturing Technology,96.8,6,20,41,67,C+
S10821,Vishnu Sivan,Male,ME,6,Manufacturing Technology,92.1,8,22,42,72,B
S10822,Priya Sasidharan,Female,CSE,1,Big Data Processing,89.8,7,24,39,70,B
S10823,Irfan Anwar,Male,CE,1,Concrete Technology,59.0,7,26,41,74,B
S10824,Nithya Unni,Female,CE,5,Transportation Engineering,62.2,6,20,28,54,P
S10825,Aravind Iyer,Male,ME,4,Manufacturing Technology,80.1,5,14,23,42,F
S10826,Jyothsna Vinod,Female,ECE,7,VLSI Design,62.4,7,25,47,79,B+
S10827,Rohan Ramesh,Male,CE,4,Transportation Engineering,62.4,7,17,39,63,C
S10828,Nithya Vinod,Female,ME,7,Fluid Mechanics,77.6,3,11,23,37,F
S10829,Sarath Pisharody,Male,ME,2,Manufacturing Technology,79.8,9,21,41,71,B
S10830,Sana Ashraf,Female,CE,4,Surveying,98.3,7,18,41,66,C+
S10831,Nikhil Iyer,Male,CSE,3,Data Structures,75.9,6,20,29,55,D
S10832,Sana Koya,Female,CE,1,Geotechnical Engineering,89.8,8,24,48,80,A
S10833,Nikhil Madhavan,Male,CE,4,Surveying,78.4,9,28,49,86,A+
S10834,Nithya Manoharan,Female,ME,8,Thermodynamics,96.9,8,22,43,73,B
S10835,Devika Mahesh,Female,CSE,5,Computer Networks,82.9,7,16,37,60,C
S10836,Bibin Karippacheril,Male,ECE,4,Communication Systems,65.2,7,22,51,80,A
S10837,Anjali Neelakandan,Female,ECE,7,VLSI Design,67.4,7,21,30,58,D
S10838,Rahul Karthikeyan,Male,CE,2,Transportation Engineering,72.7,7,21,42,70,B
S10839,Vignesh Das,Male,ME,6,Fluid Mechanics,70.3,9,26,48,83,A
S10840,Bibin Panjikaran,Male,CSE,5,Computer Networks,89.5,8,20,45,73,B
S10841,Divya Manoharan,Female,CSE,4,Data Structures,77.9,7,14,39,60,C
S10842,Anoop Marar,Male,CSE,3,DBMS,65.3,5,14,32,51,P
S10843,Sreejith Vasu,Male,CSE,1,Big Data Processing,76.7,9,22,56,87,A+
S10844,Nimisha Manoharan,Female,ME,2,Fluid Mechanics,82.7,7,16,39,62,C
S10845,Vignesh Sreekumar,Male,ME,1,Thermodynamics,84.2,9,30,48,87,A+
S10846,Priya Pillai,Female,CSE,3,Computer Networks,97.6,5,14,39,58,D
S10847,Gokul Sudhakaran,Male,ME,8,Fluid Mechanics,94.0,7,18,38,63,C
S10848,Sreejith Marar,Male,ECE,5,Digital Electronics,94.7,7,26,47,80,A
S10849,Reshma Pradeep,Female,ME,8,Fluid Mechanics,85.5,5,15,28,48,F
S10850,Bibin Vallikappen,Male,ME,8,Machine Design,68.4,8,28,41,77,B+
S10851,Vishnu Madhavan,Male,ECE,8,Communication Systems,82.1,5,10,36,51,P
S10852,Aiswarya Bhattathiri,Female,CE,1,Transportation Engineering,89.7,8,19,47,74,B
S10853,Athira Warrier,Female,ME,4,Machine Design,68.6,9,27,53,89,A+
S10854,Bibin Kollamparambil,Male,ECE,8,Microprocessors,96.8,6,20,35,61,C
S10855,Nandakumar Narayanan,Male,ME,7,Machine Design,63.4,8,29,46,83,A
S10856,Arjun Radhakrishnan,Male,CSE,1,Operating Systems,66.3,8,22,46,76,B+
S10857,Rahul Raman,Male,CSE,8,Operating Systems,58.5,7,27,43,77,B+
S10858,Rahul Raghavan,Male,CE,8,Transportation Engineering,56.8,7,26,51,84,A
S10859,Sneha Jayan,Female,ECE,2,Digital Electronics,75.1,6,20,38,64,C
S10860,Vignesh Venugopal,Male,CE,1,Surveying,72.8,6,16,25,47,F
S10861,Haritha Mahesh,Female,CSE,5,Big Data Processing,94.5,8,24,46,78,B+
S10862,Vishnu Chandran,Male,CSE,4,Big Data Processing,66.1,6,20,32,58,D
S10863,Arjun Sathyan,Male,ECE,7,Signals & Systems,56.5,6,24,30,60,C
S10864,Akhil Kartha,Male,ECE,3,Microprocessors,58.3,6,22,37,65,C+
S10865,Meera Rajagopal,Female,ME,8,Manufacturing Technology,70.1,5,10,34,49,F
S10866,Sarath Ashokan,Male,CE,6,Geotechnical Engineering,58.9,6,19,34,59,D
S10867,Haritha Kurup,Female,ME,6,Manufacturing Technology,55.4,4,15,25,44,F
S10868,Fathima Kareem,Female,ECE,4,VLSI Design,73.7,7,25,45,77,B+
S10869,Haritha Rajan,Female,CE,7,Structural Analysis,91.2,8,25,42,75,B+
S10870,Adithya Kartha,Male,CSE,3,DBMS,94.6,10,30,58,98,S
S10871,Adithya Kurup,Male,ECE,6,Digital Electronics,67.7,9,28,56,93,S
S10872,Aiswarya Rajendran,Female,ECE,2,Digital Electronics,83.2,6,16,40,62,C
S10873,Haritha Rajagopal,Female,ECE,5,Communication Systems,97.0,7,25,46,78,B+
S10874,Karthik Neelakandan,Male,ME,2,Strength of Materials,59.7,9,28,41,78,B+
S10875,Parvathy Manoharan,Female,CSE,6,Computer Networks,87.8,9,23,55,87,A+
S10876,Vignesh Vijayan,Male,CSE,5,Data Structures,65.9,8,24,44,76,B+
S10877,Devika Gopinathan,Female,ME,6,Manufacturing Technology,99.6,6,21,30,57,D
S10878,Meera Pisharody,Female,CSE,7,Data Structures,89.7,3,8,36,47,F
S10879,Deepthi Chandran,Female,ME,3,Machine Design,77.7,8,25,53,86,A+
S10880,Nikhil Jayan,Male,CE,8,Transportation Engineering,61.1,6,17,28,51,P
S10881,Karthik Panicker,Male,ME,7,Fluid Mechanics,72.2,5,11,30,46,F
S10882,Gokul Kumar,Male,CE,1,Transportation Engineering,82.5,8,22,43,73,B
S10883,Sana Mirza,Female,CE,7,Geotechnical Engineering,95.3,7,16,47,70,B
S10884,Vignesh Kumar,Male,ECE,8,VLSI Design,76.3,8,23,40,71,B
S10885,Bibin George,Male,ECE,4,Digital Electronics,67.8,8,25,50,83,A
S10886,Anagha Prasad,Female,CSE,2,Software Engineering,96.1,8,23,59,90,S
S10887,Anagha Gopalan,Female,ME,4,Machine Design,66.5,9,26,40,75,B+
S10888,Nimisha Dinesh,Female,CSE,5,Operating Systems,71.0,8,26,44,78,B+
S10889,Nimisha Kutty,Female,ECE,8,Digital Electronics,68.6,8,20,51,79,B+
S10890,Vivek Jayan,Male,ME,3,Thermodynamics,77.7,5,12,28,45,F
S10891,Rahul Thampi,Male,ECE,5,Digital Electronics,59.8,6,11,35,52,P
S10892,Meera Nambiar,Female,CE,8,Structural Analysis,83.8,9,25,57,91,S
S10893,Divya Suresh,Female,ECE,4,Microprocessors,90.5,4,11,39,54,P
S10894,Aiswarya Balan,Female,ECE,1,VLSI Design,97.7,9,30,51,90,S
S10895,Rohan Chandrasekharan,Male,CSE,5,Operating Systems,63.5,5,8,32,45,F
S10896,Sneha Sivan,Female,CSE,2,Computer Networks,65.5,5,14,41,60,C
S10897,Haritha Bhattathiri,Female,CSE,5,Software Engineering,78.1,9,28,59,96,S
S10898,Lakshmi Ramakrishnan,Female,CSE,6,Computer Networks,56.9,9,28,54,91,S
S10899,Sarath Anandan,Male,CE,1,Structural Analysis,86.7,10,29,45,84,A
S10900,Akhil Panicker,Male,ME,8,Manufacturing Technology,81.1,6,12,42,60,C
S10901,Aravind Vinod,Male,ME,6,Machine Design,81.5,8,30,54,92,S
S10902,Akhil Kumar,Male,CSE,5,Computer Networks,69.6,9,28,60,97,S
S10903,Bibin Cherian,Male,ECE,3,Communication Systems,67.5,7,22,51,80,A
S10904,Priya Vallikkat,Female,CE,4,Concrete Technology,73.2,7,22,35,64,C
S10905,Jithin Menon,Male,CE,5,Transportation Engineering,74.1,6,13,39,58,D
S10906,Reshma Prakash,Female,ECE,4,Signals & Systems,63.2,8,20,39,67,C+
S10907,Nikhil Mahesh,Male,ECE,7,Signals & Systems,76.1,7,17,48,72,B
S10908,Gokul Poduval,Male,CSE,3,DBMS,75.7,8,22,43,73,B
S10909,Aravind Bhattathiri,Male,CE,7,Surveying,67.6,9,22,60,91,S
S10910,Sana Sait,Female,ECE,2,Signals & Systems,86.9,5,7,37,49,F
S10911,Aravind Chandrasekharan,Male,ME,4,Strength of Materials,67.1,9,26,42,77,B+
S10912,Karthik Vinod,Male,CSE,6,Data Structures,96.1,9,22,60,91,S
S10913,Priya Thampi,Female,CE,6,Geotechnical Engineering,70.0,10,30,59,99,S
S10914,Sreelakshmi Karthikeyan,Female,ECE,3,Signals & Systems,70.4,8,16,45,69,C+
S10915,Rahul Balakrishnan,Male,CSE,5,Computer Networks,98.3,9,26,57,92,S
S10916,Vivek Rajendran,Male,CSE,3,Computer Networks,93.8,4,8,24,36,F
S10917,Fathima Kabeer,Female,ECE,7,VLSI Design,97.6,5,9,34,48,F
S10918,Nandakumar Raghavan,Male,CE,6,Concrete Technology,67.8,8,16,40,64,C
S10919,Akhil Sivan,Male,CE,8,Structural Analysis,82.6,6,20,34,60,C
S10920,Akhil Venugopal,Male,CE,1,Transportation Engineering,92.8,7,24,33,64,C
S10921,Deepthi Varma,Female,CSE,4,DBMS,57.8,6,16,34,56,D
S10922,Jyothsna Thampi,Female,ME,8,Fluid Mechanics,84.8,9,30,60,99,S
S10923,Nithya Bhattathiri,Female,CSE,3,Computer Networks,91.5,9,28,59,96,S
S10924,Devika Vijayan,Female,CSE,3,Big Data Processing,96.4,6,13,40,59,D
S10925,Sreejith Sasidharan,Male,ME,8,Thermodynamics,87.1,4,16,38,58,D
S10926,Manu Kunjunni,Male,ECE,8,Digital Electronics,73.8,9,26,55,90,S
S10927,Fathima Rahman,Female,ECE,2,Digital Electronics,95.3,7,16,45,68,C+
S10928,Manu Poduval,Male,ME,2,Strength of Materials,69.4,7,17,37,61,C
S10929,Deepthi Pisharody,Female,ECE,7,Microprocessors,63.0,9,24,59,92,S
S10930,Sneha Kartha,Female,ME,3,Fluid Mechanics,98.7,6,22,38,66,C+
S10931,Sarath Warrier,Male,CSE,7,DBMS,84.3,8,22,60,90,S
S10932,Reshma Jayan,Female,ECE,2,Signals & Systems,69.7,8,23,42,73,B
S10933,Aravind Varma,Male,ME,1,Manufacturing Technology,56.1,8,20,54,82,A
S10934,Sreelakshmi Poduval,Female,CSE,8,Operating Systems,78.2,5,10,33,48,F
S10935,Jithin Karthikeyan,Male,CE,8,Concrete Technology,88.9,8,30,50,88,A+
S10936,Devika Neelakandan,Female,CSE,4,Big Data Processing,90.0,9,24,58,91,S
S10937,Nimisha Jayan,Female,ECE,1,Signals & Systems,70.4,6,20,53,79,B+
S10938,Rahul Mohan,Male,ME,1,Fluid Mechanics,88.7,8,26,41,75,B+
S10939,Jithin Vallikkat,Male,ME,6,Thermodynamics,89.6,9,23,57,89,A+
S10940,Arjun Iyer,Male,ECE,3,Communication Systems,97.1,3,7,22,32,F
S10941,Manu Sivan,Male,ME,1,Thermodynamics,71.0,8,23,57,88,A+
S10942,Fathima Sha,Female,CE,2,Concrete Technology,56.5,8,20,47,75,B+
S10943,Adithya Vasudevan,Male,ECE,2,Communication Systems,99.3,7,23,44,74,B
S10944,Deepthi Gopinathan,Female,ECE,4,Microprocessors,97.0,8,26,55,89,A+
S10945,Arjun Venugopal,Male,CSE,8,Software Engineering,64.4,7,20,38,65,C+
S10946,Anagha Kurup,Female,ME,5,Strength of Materials,75.9,7,20,39,66,C+
S10947,Priya Panicker,Female,CE,8,Concrete Technology,86.0,9,27,60,96,S
S10948,Nandakumar Vallikkat,Male,ME,4,Thermodynamics,95.1,8,26,55,89,A+
S10949,Aravind Mohan,Male,CSE,4,Big Data Processing,83.1,9,26,60,95,S
S10950,Anagha Govindan,Female,ME,6,Strength of Materials,66.2,6,16,17,39,F
S10951,Aravind Krishnan,Male,ECE,5,Communication Systems,56.4,8,29,60,97,S
S10952,Adithya Dinesh,Male,ME,1,Thermodynamics,64.9,9,26,51,86,A+
S10953,Fathima Ilyas,Female,CSE,3,Operating Systems,56.7,7,20,47,74,B
S10954,Fathima Sayyed,Female,CE,8,Structural Analysis,55.9,9,26,56,91,S
S10955,Vignesh Vallikkat,Male,CE,6,Concrete Technology,70.9,9,29,42,80,A
S10956,Sneha Govindan,Female,ME,6,Strength of Materials,59.3,9,26,46,81,A
S10957,Vivek Raman,Male,ME,6,Thermodynamics,82.3,4,10,23,37,F
S10958,Rohan Poduval,Male,ME,7,Strength of Materials,75.9,6,22,30,58,D
S10959,Jithin Nair,Male,CE,3,Transportation Engineering,90.6,10,27,55,92,S
S10960,Adithya Mohan,Male,ME,1,Machine Design,63.9,9,30,60,99,S
S10961,Devika Rajan,Female,ECE,6,VLSI Design,84.4,9,30,45,84,A
S10962,Divya Varma,Female,ME,3,Thermodynamics,95.0,9,26,46,81,A
S10963,Sneha Menon,Female,CSE,8,Big Data Processing,91.1,9,28,47,84,A
S10964,Vignesh Raman,Male,ECE,4,Communication Systems,67.1,7,21,50,78,B+
S10965,Deepthi Prakash,Female,ME,3,Thermodynamics,73.6,6,15,36,57,D
S10966,Vivek Thampuran,Male,CSE,8,Computer Networks,84.2,7,24,48,79,B+
S10967,Aravind Suresh,Male,CSE,2,DBMS,70.2,8,22,48,78,B+
S10968,Sneha Manoharan,Female,ME,1,Strength of Materials,71.4,7,19,41,67,C+
S10969,Divya Prasad,Female,ECE,4,Communication Systems,67.5,7,20,44,71,B
S10970,Aiswarya Rajagopal,Female,CE,2,Surveying,85.1,9,28,60,97,S
S10971,Sarath Menon,Male,CSE,1,Big Data Processing,56.4,7,19,33,59,D
S10972,Vivek Venugopal,Male,ME,6,Machine Design,96.5,6,21,40,67,C+
S10973,Adithya Vasu,Male,ECE,3,Digital Electronics,64.9,5,17,34,56,D
S10974,Nimisha Kunjunni,Female,CE,1,Geotechnical Engineering,84.5,9,23,48,80,A
S10975,Vignesh Kunjunni,Male,CSE,2,Computer Networks,75.5,6,16,25,47,F
S10976,Vishnu Rajendran,Male,CE,3,Transportation Engineering,89.0,8,25,60,93,S
S10977,Nimisha Ashokan,Female,ME,6,Fluid Mechanics,65.0,7,25,47,79,B+
S10978,Manu Raman,Male,ECE,2,VLSI Design,77.4,8,28,54,90,S
S10979,Manu Unni,Male,CE,8,Geotechnical Engineering,65.2,8,27,45,80,A
S10980,Nikhil Namputhiri,Male,ME,6,Manufacturing Technology,90.7,6,16,33,55,D
S10981,Gokul Rajan,Male,CE,8,Structural Analysis,59.5,7,24,38,69,C+
S10982,Vignesh Mohan,Male,ME,8,Manufacturing Technology,76.6,9,28,53,90,S
S10983,Adithya Raman,Male,ECE,2,VLSI Design,70.0,9,30,60,99,S
S10984,Gokul Bhaskaran,Male,CSE,5,Big Data Processing,92.5,6,25,27,58,D
S10985,Jyothsna Sudhakaran,Female,CE,4,Transportation Engineering,61.4,7,18,39,64,C
S10986,Bibin Thottathil,Male,CE,7,Structural Analysis,81.4,7,21,41,69,C+
S10987,Divya Menon,Female,CE,7,Transportation Engineering,81.3,8,26,54,88,A+
S10988,Aiswarya Sasidharan,Female,ECE,3,Digital Electronics,77.5,10,26,53,89,A+
S10989,Meera Unni,Female,CE,6,Transportation Engineering,78.8,8,26,47,81,A
S10990,Manu Govindan,Male,ME,7,Thermodynamics,90.0,8,25,46,79,B+
S10991,Nandakumar Krishnan,Male,ME,8,Thermodynamics,98.4,8,22,39,69,C+
S10992,Vivek Rajagopal,Male,CSE,3,Software Engineering,97.8,8,22,48,78,B+
S10993,Manu Das,Male,ME,7,Strength of Materials,92.1,4,10,34,48,F
S10994,Divya Thampuran,Female,ME,5,Strength of Materials,98.3,8,16,45,69,C+
S10995,Anagha Jayan,Female,ME,2,Strength of Materials,85.8,6,18,27,51,P
S10996,Nandakumar Mohan,Male,CE,3,Surveying,83.7,6,16,34,56,D
S10997,Irfan Ali,Male,CSE,1,Software Engineering,97.1,5,15,25,45,F
S10998,Meera Sivan,Female,CSE,4,Computer Networks,72.0,9,28,56,93,S
S10999,Fathima Salam,Female,CE,7,Concrete Technology,72.0,8,23,43,74,B
S11000,Aiswarya Vasu,Female,ECE,8,Signals & Systems,62.8,7,20,58,85,A+
S11001,Bibin Njiralath,Male,ME,7,Fluid Mechanics,69.1,7,21,45,73,B
S11002,Priya Warrier,Female,CSE,2,Software Engineering,71.2,4,18,30,52,P
S11003,Nikhil Rajagopal,Male,CE,7,Geotechnical Engineering,81.6,4,14,20,38,F
S11004,Nikhil Rajendran,Male,CE,8,Transportation Engineering,87.0,8,22,40,70,B
S11005,Nimisha Kartha,Female,CE,7,Transportation Engineering,81.6,9,30,60,99,S
S11006,Jyothsna Karthikeyan,Female,ECE,3,VLSI Design,58.9,9,30,49,88,A+
S11007,Jithin Sankar,Male,ECE,5,VLSI Design,59.9,8,30,29,67,C+
S11008,Sneha Narayanan,Female,CE,6,Structural Analysis,72.9,8,27,48,83,A
S11009,Devika Kaimal,Female,ME,8,Strength of Materials,55.8,8,23,49,80,A
S11010,Akhil Ramakrishnan,Male,CSE,4,Computer Networks,82.8,9,28,48,85,A+
S11011,Bibin Zachariah,Male,ME,1,Machine Design,70.2,5,10,39,54,P
S11012,Vignesh Rajendran,Male,CE,6,Concrete Technology,68.4,7,22,37,66,C+
S11013,Nithya Varma,Female,ECE,1,Microprocessors,64.3,7,26,39,72,B
S11014,Parvathy Kutty,Female,CSE,8,Big Data Processing,82.9,5,15,34,54,P
S11015,Jithin Thampuran,Male,ME,1,Machine Design,75.8,7,23,43,73,B
S11016,Devika Iyer,Female,CSE,5,DBMS,88.9,9,28,60,97,S
S11017,Nandakumar Ramesh,Male,ME,5,Thermodynamics,63.9,8,25,45,78,B+
S11018,Nandakumar Das,Male,ECE,8,Communication Systems,61.0,9,30,54,93,S
S11019,Rohan Karthikeyan,Male,ECE,8,Signals & Systems,82.8,7,19,42,68,C+
S11020,Gokul Pisharody,Male,ECE,3,VLSI Design,65.2,3,10,18,31,F
S11021,Jyothsna Raghavan,Female,CE,3,Geotechnical Engineering,66.6,8,24,42,74,B
S11022,Sneha Gopalan,Female,ME,2,Thermodynamics,59.0,7,22,40,69,C+
S11023,Manu Pradeep,Male,CE,5,Concrete Technology,81.2,2,6,2,10,F
S11024,Sreejith Iyer,Male,CE,8,Surveying,72.1,8,24,55,87,A+
S11025,Akhil Namboothiri,Male,CSE,5,Computer Networks,89.2,9,25,52,86,A+
S11026,Fathima Shah,Female,CSE,2,Big Data Processing,99.4,7,20,43,70,B
S11027,Anagha Bhattathiri,Female,ME,6,Machine Design,83.8,7,16,38,61,C
S11028,Meera Manoharan,Female,CE,8,Geotechnical Engineering,86.0,8,22,50,80,A
S11029,Akhil Warrier,Male,ECE,6,Microprocessors,86.3,8,26,47,81,A
S11030,Aravind Ramesh,Male,CSE,7,Data Structures,69.8,9,28,36,73,B
S11031,Manu Sasidharan,Male,ECE,5,Communication Systems,68.3,9,26,57,92,S
S11032,Rahul Anandan,Male,CSE,1,Big Data Processing,84.3,8,26,50,84,A
S11033,Nandakumar Kutty,Male,CSE,2,Data Structures,59.1,5,16,25,46,F
S11034,Sreejith Jayan,Male,ECE,2,Signals & Systems,97.2,7,16,39,62,C
S11035,Nithya Rajagopal,Female,CSE,8,DBMS,67.6,8,27,52,87,A+
S11036,Fathima Ahmed,Female,ECE,2,Communication Systems,86.0,8,26,45,79,B+
S11037,Sreejith Kunjunni,Male,ME,1,Machine Design,75.4,7,20,37,64,C
S11038,Athira Sathyan,Female,CSE,8,Operating Systems,90.2,6,23,40,69,C+
S11039,Athira Kartha,Female,CE,2,Geotechnical Engineering,79.4,7,22,49,78,B+
S11040,Divya Pisharody,Female,CSE,8,Software Engineering,85.3,6,17,45,68,C+
S11041,Meera Bhattathiri,Female,CSE,2,Big Data Processing,72.5,9,24,52,85,A+
S11042,Reshma Warrier,Female,CE,3,Structural Analysis,81.7,7,24,45,76,B+
S11043,Sreejith Sudhakaran,Male,ECE,6,VLSI Design,76.8,8,22,38,68,C+
S11044,Akhil Ramesh,Male,CE,8,Concrete Technology,72.4,8,21,51,80,A
S11045,Devika Achari,Female,ECE,1,VLSI Design,70.5,8,22,36,66,C+
S11046,Meera Madhavan,Female,ME,6,Machine Design,76.2,7,23,41,71,B
S11047,Sneha Anandan,Female,CSE,6,Big Data Processing,88.3,6,14,45,65,C+
S11048,Devika Vasu,Female,ME,4,Fluid Mechanics,87.1,7,19,49,75,B+
S11049,Sreejith Gopalan,Male,ECE,5,VLSI Design,83.8,6,16,31,53,P
S11050,Irfan Latif,Male,CSE,8,Software Engineering,97.8,8,27,47,82,A
S11051,Nikhil Marar,Male,ECE,1,Microprocessors,67.8,7,15,36,58,D
S11052,Vignesh Ramesh,Male,CSE,5,Computer Networks,91.4,5,14,38,57,D
S11053,Anjali Suresh,Female,ME,1,Machine Design,67.4,9,29,54,92,S
S11054,Sreejith Mahesh,Male,ECE,8,Microprocessors,64.6,9,24,41,74,B
S11055,Jithin Kutty,Male,CSE,1,Software Engineering,79.2,8,21,45,74,B
S11056,Vignesh Balakrishnan,Male,CSE,8,Big Data Processing,77.4,7,22,36,65,C+
S11057,Karthik Pisharody,Male,ECE,1,Signals & Systems,97.6,9,24,51,84,A
S11058,Adithya Krishnankutty,Male,CE,3,Transportation Engineering,86.9,6,19,28,53,P
S11059,Arjun Rajagopal,Male,CE,4,Structural Analysis,70.2,4,10,15,29,F
S11060,Anoop Kumar,Male,CE,6,Structural Analysis,84.6,9,23,49,81,A
S11061,Gokul Sreekumar,Male,CSE,3,DBMS,66.8,8,28,54,90,S
S11062,Arjun Gopalan,Male,ECE,7,Signals & Systems,68.0,4,16,24,44,F
S11063,Aiswarya Padmanabhan,Female,CE,4,Transportation Engineering,94.8,5,18,28,51,P
S11064,Nikhil Kunjunni,Male,CE,3,Structural Analysis,87.6,7,22,36,65,C+
S11065,Devika Raghavan,Female,CSE,3,Data Structures,66.3,4,16,19,39,F
S11066,Anagha Unni,Female,CE,3,Geotechnical Engineering,78.2,9,28,51,88,A+
S11067,Rohan Sivan,Male,CE,7,Geotechnical Engineering,69.7,8,25,56,89,A+
S11068,Nandakumar Rajendran,Male,CSE,3,Software Engineering,62.4,8,25,45,78,B+
S11069,Nimisha Panicker,Female,ME,6,Manufacturing Technology,66.8,6,16,30,52,P
S11070,Bibin Vellappally,Male,ECE,2,Microprocessors,61.4,7,16,38,61,C
S11071,Nandakumar Kartha,Male,ECE,8,Signals & Systems,88.0,2,6,12,20,F
S11072,Sneha Thampuran,Female,CSE,3,Software Engineering,74.7,7,16,49,72,B
S11073,Sreelakshmi Namputhiri,Female,ECE,1,Digital Electronics,66.6,8,26,43,77,B+
S11074,Nithya Nair,Female,CE,5,Surveying,93.1,4,14,29,47,F
S11075,Sneha Mahesh,Female,CSE,3,Operating Systems,70.4,3,6,11,20,F
S11076,Vignesh Menon,Male,CSE,2,Operating Systems,70.4,7,25,39,71,B
S11077,Parvathy Raman,Female,ME,7,Fluid Mechanics,81.3,7,18,43,68,C+
S11078,Lakshmi Kurup,Female,ME,4,Thermodynamics,55.9,7,22,37,66,C+
S11079,Anoop Poduval,Male,CE,4,Structural Analysis,86.0,8,22,58,88,A+
S11080,Parvathy Kumar,Female,CSE,7,Operating Systems,77.8,8,26,43,77,B+
S11081,Nandakumar Iyer,Male,ECE,7,Communication Systems,80.5,8,22,45,75,B+
S11082,Manu Prasad,Male,ECE,6,Communication Systems,71.8,9,30,59,98,S
S11083,Gokul Thampi,Male,CSE,1,DBMS,86.0,8,28,56,92,S
S11084,Arjun Namboothiri,Male,CE,7,Geotechnical Engineering,99.1,6,11,32,49,F
S11085,Lakshmi Thampuran,Female,ECE,3,Microprocessors,96.1,7,26,50,83,A
S11086,Vishnu Sreedharan,Male,CE,4,Transportation Engineering,79.9,7,24,58,89,A+
S11087,Reshma Thampi,Female,CSE,7,Software Engineering,92.3,2,14,20,36,F
S11088,Karthik Vijayan,Male,CE,4,Transportation Engineering,62.1,9,28,54,91,S
S11089,Jithin Nambiar,Male,CE,1,Structural Analysis,65.2,6,23,27,56,D
S11090,Deepthi Thampuran,Female,CE,7,Concrete Technology,75.8,5,14,21,40,F
S11091,Manu Vijayan,Male,ECE,2,Microprocessors,92.1,10,30,60,100,S
S11092,Anoop Venugopal,Male,ECE,6,Communication Systems,82.4,8,17,45,70,B
S11093,Vishnu Ramesh,Male,CE,5,Geotechnical Engineering,84.8,6,24,40,70,B
S11094,Parvathy Sankar,Female,CSE,8,Computer Networks,67.4,4,5,28,37,F
S11095,Sreejith Govindan,Male,ME,8,Thermodynamics,70.0,7,25,44,76,B+
S11096,Sreejith Bhaskaran,Male,ME,1,Machine Design,91.8,8,23,39,70,B
S11097,Sana Pookoya,Female,ECE,2,Microprocessors,78.2,5,14,18,37,F
S11098,Sneha Kunjunni,Female,ME,1,Thermodynamics,68.6,5,14,25,44,F
S11099,Haritha Kartha,Female,CSE,6,DBMS,57.4,9,29,42,80,A
S11100,Bibin Kizhakkekara,Male,CSE,4,Operating Systems,78.3,7,25,36,68,C+
S11101,Lakshmi Nambiar,Female,CSE,8,Software Engineering,71.4,5,17,36,58,D
S11102,Karthik Pradeep,Male,ME,5,Strength of Materials,64.5,8,23,49,80,A
S11103,Sana Aslam,Female,CSE,6,DBMS,72.9,8,22,47,77,B+
S11104,Sreelakshmi Manoharan,Female,CSE,8,Software Engineering,69.2,8,21,43,72,B
S11105,Reshma Vallikkat,Female,ME,2,Fluid Mechanics,96.5,7,16,40,63,C
S11106,Devika Nambiar,Female,CE,3,Surveying,77.7,7,25,37,69,C+
S11107,Arjun Thampi,Male,ME,2,Fluid Mechanics,90.3,7,14,38,59,D
S11108,Priya Madhavan,Female,CSE,5,Computer Networks,89.0,7,23,35,65,C+
S11109,Vignesh Sudhakaran,Male,CE,8,Structural Analysis,74.5,8,24,55,87,A+
S11110,Divya Jayan,Female,CSE,4,Big Data Processing,58.9,6,22,32,60,C
S11111,Anagha Manoharan,Female,ME,6,Manufacturing Technology,61.1,7,22,45,74,B
S11112,Reshma Chandrasekharan,Female,ECE,5,Signals & Systems,78.7,2,6,12,20,F
S11113,Lakshmi Pradeep,Female,ME,5,Thermodynamics,97.2,9,27,57,93,S
S11114,Irfan Mirza,Male,CE,3,Transportation Engineering,82.0,7,17,45,69,C+
S11115,Bibin Kannampuzha,Male,ECE,3,Signals & Systems,89.9,8,20,58,86,A+
S11116,Karthik Kumar,Male,CSE,6,Big Data Processing,63.9,7,16,29,52,P
S11117,Manu Varma,Male,ME,3,Fluid Mechanics,73.4,6,15,38,59,D
S11118,Gokul Kartha,Male,ECE,6,VLSI Design,60.7,7,20,44,71,B
S11119,Bibin Manjooran,Male,CSE,1,Computer Networks,89.6,8,22,43,73,B
S11120,Priya Ashokan,Female,ME,3,Thermodynamics,67.9,8,22,47,77,B+
S11121,Nithya Namboothiri,Female,ME,3,Strength of Materials,65.4,6,14,32,52,P
S11122,Fathima Muneer,Female,CSE,8,Data Structures,85.4,7,23,52,82,A
S11123,Bibin Ramban,Male,ME,1,Manufacturing Technology,97.6,10,28,52,90,S
S11124,Manu Bhaskaran,Male,CSE,6,Data Structures,85.9,6,16,31,53,P
S11125,Jithin Suresh,Male,ECE,5,Signals & Systems,56.1,10,30,60,100,S
S11126,Vishnu Thampuran,Male,CE,2,Transportation Engineering,67.0,8,22,50,80,A
S11127,Divya Kurup,Female,ME,1,Machine Design,96.8,9,26,47,82,A
S11128,Priya Unnithan,Female,CE,6,Concrete Technology,86.0,9,30,55,94,S
S11129,Anjali Raghavan,Female,ME,6,Machine Design,77.0,6,14,41,61,C
S11130,Aiswarya Raghavan,Female,ECE,8,VLSI Design,68.7,5,13,31,49,F
S11131,Nithya Das,Female,CE,7,Geotechnical Engineering,75.4,9,26,51,86,A+
S11132,Nikhil Panicker,Male,ME,8,Strength of Materials,67.6,8,21,58,87,A+
S11133,Devika Panicker,Female,CE,2,Structural Analysis,87.4,8,23,42,73,B
S11134,Sana Wahab,Female,ECE,8,Microprocessors,97.4,7,23,42,72,B
S11135,Vivek Kunjunni,Male,CE,5,Transportation Engineering,73.2,9,30,56,95,S
S11136,Sneha Suresh,Female,ME,8,Strength of Materials,95.6,7,21,32,60,C
S11137,Lakshmi Namboothiri,Female,CSE,3,DBMS,93.1,8,23,54,85,A+
S11138,Sreelakshmi Achari,Female,ME,7,Fluid Mechanics,70.8,9,23,53,85,A+
S11139,Lakshmi Venugopal,Female,CSE,5,Computer Networks,91.2,9,29,60,98,S
S11140,Nandakumar Dinesh,Male,ME,8,Strength of Materials,74.3,5,20,37,62,C
S11141,Sana Sheikh,Female,CE,2,Surveying,74.9,4,19,22,45,F
S11142,Rohan Menon,Male,CSE,3,DBMS,79.4,7,22,44,73,B
S11143,Priya Vinod,Female,ECE,1,Communication Systems,84.3,8,27,53,88,A+
S11144,Anagha Rajagopal,Female,ME,1,Machine Design,62.3,7,16,37,60,C
S11145,Deepthi Krishnankutty,Female,CSE,4,Software Engineering,67.8,9,30,54,93,S
S11146,Arjun Bhattathiri,Male,ECE,6,Communication Systems,63.6,8,22,49,79,B+
S11147,Sana Sadiq,Female,ME,2,Strength of Materials,55.5,10,28,47,85,A+
S11148,Priya Thampuran,Female,ECE,5,Communication Systems,79.7,9,27,52,88,A+
S11149,Anagha Namboodiripad,Female,ECE,2,Signals & Systems,77.0,10,25,54,89,A+
S11150,Akhil Sudhakaran,Male,ECE,2,VLSI Design,79.1,9,26,57,92,S
S11151,Devika Kumar,Female,ECE,1,VLSI Design,76.1,8,28,51,87,A+
S11152,Nithya Prasad,Female,ME,3,Manufacturing Technology,79.7,3,11,14,28,F
S11153,Athira Thampi,Female,ME,1,Thermodynamics,74.5,7,18,36,61,C
S11154,Nikhil Chandrasekharan,Male,ECE,4,Communication Systems,68.3,5,14,22,41,F
S11155,Vivek Mahesh,Male,CSE,7,Software Engineering,76.4,4,10,28,42,F
S11156,Vishnu Nair,Male,CE,7,Structural Analysis,63.5,6,14,43,63,C
S11157,Arjun Raj,Male,CSE,8,Data Structures,85.8,8,26,56,90,S
S11158,Sneha Nair,Female,ME,1,Thermodynamics,71.2,9,25,52,86,A+
S11159,Nandakumar Sreedharan,Male,ECE,3,Communication Systems,60.1,9,28,43,80,A
S11160,Vishnu Ramakrishnan,Male,ME,6,Machine Design,57.0,7,13,42,62,C
S11161,Akhil Marar,Male,ECE,2,Digital Electronics,98.0,9,27,59,95,S
S11162,Akhil Raman,Male,ECE,5,Signals & Systems,75.9,9,30,60,99,S
S11163,Arjun Balan,Male,CE,6,Transportation Engineering,58.4,6,19,47,72,B
S11164,Manu Jayan,Male,CSE,3,DBMS,72.8,10,28,53,91,S
S11165,Anagha Kunjunni,Female,ECE,7,Digital Electronics,95.1,6,25,32,63,C
S11166,Meera Radhakrishnan,Female,CSE,3,Computer Networks,89.9,8,23,36,67,C+
S11167,Nithya Raman,Female,CSE,2,DBMS,70.0,8,28,56,92,S
S11168,Meera Das,Female,ME,8,Strength of Materials,92.2,9,27,60,96,S
S11169,Reshma Kunjunni,Female,CE,5,Concrete Technology,72.1,10,28,60,98,S
S11170,Vishnu Poduval,Male,ME,3,Thermodynamics,59.6,8,25,36,69,C+
S11171,Meera Unnithan,Female,CE,2,Structural Analysis,61.5,6,18,45,69,C+
S11172,Sreejith Panicker,Male,CSE,3,Data Structures,60.8,4,7,26,37,F
S11173,Divya Chandrasekharan,Female,ECE,7,Digital Electronics,65.9,7,22,41,70,B
S11174,Anoop Achari,Male,CE,5,Transportation Engineering,89.8,5,13,37,55,D
S11175,Jyothsna Suresh,Female,CE,7,Concrete Technology,95.7,7,19,31,57,D
S11176,Priya Rajagopal,Female,CSE,2,DBMS,58.2,9,30,56,95,S
S11177,Sreelakshmi Neelakandan,Female,ECE,1,Digital Electronics,57.1,7,16,47,70,B
S11178,Vishnu Sreekumar,Male,CSE,3,Computer Networks,64.0,7,19,40,66,C+
S11179,Priya Gopalan,Female,CSE,2,Software Engineering,71.9,7,20,39,66,C+
S11180,Reshma Rajagopal,Female,ME,8,Manufacturing Technology,62.3,8,27,50,85,A+
S11181,Aiswarya Narayanan,Female,CSE,1,Computer Networks,80.2,8,26,42,76,B+
S11182,Sreejith Prasad,Male,ME,7,Manufacturing Technology,90.2,9,30,43,82,A
S11183,Sneha Pradeep,Female,ECE,5,Signals & Systems,97.7,8,26,59,93,S
S11184,Anagha Sivan,Female,ME,7,Manufacturing Technology,75.3,8,24,52,84,A
S11185,Jithin Sudhakaran,Male,CE,8,Concrete Technology,72.7,5,16,42,63,C
S11186,Akhil Varma,Male,CE,5,Concrete Technology,91.4,6,14,30,50,P
S11187,Nimisha Govindan,Female,ME,5,Machine Design,55.1,6,17,41,64,C
S11188,Aravind Sankar,Male,CSE,3,DBMS,65.2,6,16,49,71,B
S11189,Parvathy Venugopal,Female,ME,7,Thermodynamics,88.1,8,22,50,80,A
S11190,Haritha Kaimal,Female,CE,6,Structural Analysis,76.1,6,22,28,56,D
S11191,Karthik Rajan,Male,ME,2,Thermodynamics,86.0,8,26,59,93,S
S11192,Meera Vasu,Female,ECE,1,Microprocessors,65.0,7,16,44,67,C+
S11193,Sneha Bhaskaran,Female,CE,7,Surveying,89.2,5,13,28,46,F
S11194,Vignesh Krishnan,Male,CSE,6,Computer Networks,90.7,6,17,25,48,F
S11195,Fathima Hakkim,Female,CSE,8,Data Structures,72.7,8,27,47,82,A
S11196,Gokul Sreedharan,Male,ME,3,Strength of Materials,66.4,7,22,39,68,C+
S11197,Haritha Balan,Female,ECE,8,Digital Electronics,90.3,7,25,50,82,A
S11198,Adithya Namputhiri,Male,CSE,5,Big Data Processing,83.1,7,23,37,67,C+
S11199,Lakshmi Dinesh,Female,CSE,2,Big Data Processing,98.1,6,21,26,53,P
S11200,Sana Qureshi,Female,CE,7,Geotechnical Engineering,88.8,5,23,21,49,F
S11201,Devika Kunjunni,Female,ME,5,Manufacturing Technology,89.7,4,14,16,34,F
S11202,Divya Ashokan,Female,CE,5,Transportation Engineering,91.5,9,26,60,95,S
S11203,Aiswarya Nambiar,Female,CSE,3,Big Data Processing,81.6,6,18,35,59,D
S11204,Divya Ramakrishnan,Female,CE,5,Transportation Engineering,69.9,6,22,42,70,B
S11205,Parvathy Balan,Female,CSE,4,DBMS,55.2,9,23,47,79,B+
S11206,Priya Kutty,Female,ECE,5,VLSI Design,82.0,7,20,29,56,D
S11207,Fathima Hameed,Female,ECE,7,Communication Systems,80.5,8,24,42,74,B
S11208,Athira Gopinathan,Female,ECE,7,Signals & Systems,87.3,5,19,34,58,D
S11209,Nikhil Nair,Male,CSE,4,DBMS,85.6,8,24,49,81,A
S11210,Sreelakshmi Bhattathiri,Female,CE,7,Structural Analysis,93.0,7,20,37,64,C
S11211,Sarath Gopinathan,Male,ECE,1,Communication Systems,97.2,10,28,60,98,S
S11212,Aiswarya Kartha,Female,CSE,8,Data Structures,78.9,9,26,59,94,S
S11213,Vishnu Unni,Male,ME,2,Manufacturing Technology,88.7,9,30,48,87,A+
S11214,Devika Venugopal,Female,ECE,4,Digital Electronics,78.0,3,10,16,29,F
S11215,Akhil Balan,Male,ME,8,Thermodynamics,70.7,6,20,43,69,C+
S11216,Nandakumar Sreekumar,Male,ME,6,Strength of Materials,76.8,5,15,34,54,P
S11217,Lakshmi Mohan,Female,ECE,3,Digital Electronics,61.1,7,19,50,76,B+
S11218,Vivek Bhattathiri,Male,CE,7,Surveying,97.8,6,11,22,39,F
S11219,Vignesh Ramakrishnan,Male,ME,2,Machine Design,68.2,8,28,57,93,S
S11220,Sreelakshmi Thampuran,Female,ECE,5,Signals & Systems,60.6,9,26,48,83,A
S11221,Sreelakshmi Sankar,Female,ME,5,Thermodynamics,82.3,5,16,31,52,P
S11222,Rahul Bhattathiri,Male,ECE,5,Microprocessors,96.8,8,25,47,80,A
S11223,Nithya Gopalan,Female,ME,2,Strength of Materials,66.7,7,22,32,61,C
S11224,Manu Anilkumar,Male,CSE,7,DBMS,95.2,9,28,53,90,S
S11225,Devika Dinesh,Female,ME,4,Fluid Mechanics,80.1,9,28,52,89,A+
S11226,Fathima Ashraf,Female,CE,1,Surveying,95.7,10,30,60,100,S
S11227,Vignesh Radhakrishnan,Male,CE,6,Concrete Technology,69.3,8,23,52,83,A
S11228,Sarath Sreedharan,Male,ME,2,Machine Design,85.7,5,14,31,50,P
S11229,Nimisha Nambiar,Female,ME,8,Thermodynamics,68.7,9,26,60,95,S
S11230,Sarath Mohan,Male,CE,3,Structural Analysis,84.5,9,25,60,94,S
S11231,Divya Karthikeyan,Female,ME,6,Strength of Materials,65.2,8,20,43,71,B
S11232,Arjun Kartha,Male,ECE,3,Microprocessors,81.5,9,25,54,88,A+
S11233,Fathima Pookoya,Female,CE,3,Surveying,70.2,8,22,45,75,B+
S11234,Jithin Neelakandan,Male,ME,4,Thermodynamics,66.8,7,27,37,71,B
S11235,Haritha Thampuran,Female,CE,7,Transportation Engineering,88.9,7,20,49,76,B+
S11236,Aravind Menon,Male,ECE,2,VLSI Design,82.0,8,30,55,93,S
S11237,Rohan Sankar,Male,ECE,1,VLSI Design,79.9,8,23,54,85,A+
S11238,Nimisha Madhavan,Female,ECE,2,Communication Systems,90.3,8,28,45,81,A
S11239,Jithin Radhakrishnan,Male,CSE,7,Computer Networks,57.4,9,25,60,94,S
S11240,Meera Raghavan,Female,ECE,4,Communication Systems,76.3,10,26,60,96,S
S11241,Sreelakshmi Madhavan,Female,ECE,7,Signals & Systems,61.3,5,13,26,44,F
S11242,Adithya Rajagopal,Male,ECE,7,Signals & Systems,83.2,9,30,60,99,S
S11243,Priya Vijayan,Female,ME,5,Fluid Mechanics,77.3,6,18,27,51,P
S11244,Lakshmi Narayanan,Female,CE,2,Structural Analysis,55.8,7,23,42,72,B
S11245,Priya Chandrasekharan,Female,CE,4,Concrete Technology,62.7,7,20,41,68,C+
S11246,Nimisha Padmanabhan,Female,CSE,2,Big Data Processing,56.3,8,20,48,76,B+
S11247,Rahul Nambiar,Male,ECE,8,Communication Systems,69.2,8,22,48,78,B+
S11248,Aravind Vasudevan,Male,CE,5,Concrete Technology,86.8,8,22,53,83,A
S11249,Priya Das,Female,CSE,3,DBMS,76.3,5,16,25,46,F
S11250,Akhil Pillai,Male,ME,8,Fluid Mechanics,79.6,10,28,60,98,S
S11251,Gokul Namboodiripad,Male,CE,3,Surveying,55.5,6,16,40,62,C
S11252,Gokul Narayanan,Male,ECE,8,Communication Systems,85.1,10,28,46,84,A
S11253,Anagha Rajan,Female,ME,5,Strength of Materials,74.5,3,8,12,23,F
S11254,Anagha Vallikkat,Female,ME,8,Fluid Mechanics,73.4,7,20,41,68,C+
S11255,Sneha Ashokan,Female,ECE,1,Signals & Systems,55.3,6,26,37,69,C+
S11256,Rahul Kartha,Male,ME,3,Manufacturing Technology,57.0,7,18,43,68,C+
S11257,Meera Kurup,Female,CSE,8,DBMS,68.9,7,20,33,60,C
S11258,Reshma Rajan,Female,CSE,3,Data Structures,86.8,7,18,36,61,C
S11259,Devika Unnithan,Female,ME,3,Fluid Mechanics,73.6,9,26,57,92,S
S11260,Parvathy Prasad,Female,ECE,1,Microprocessors,86.2,8,28,48,84,A
S11261,Anoop Iyer,Male,ECE,8,Digital Electronics,60.7,6,16,18,40,F
S11262,Anjali Madhavan,Female,CSE,7,DBMS,96.7,2,2,9,13,F
S11263,Gokul Vallikkat,Male,CSE,2,Computer Networks,90.4,7,24,39,70,B
S11264,Reshma Karthikeyan,Female,ME,1,Machine Design,71.5,7,10,42,59,D
S11265,Nandakumar Namboodiripad,Male,ME,3,Fluid Mechanics,99.9,6,20,39,65,C+
S11266,Adithya Kaimal,Male,CSE,2,Big Data Processing,86.9,8,26,56,90,S
S11267,Devika Chandrasekharan,Female,ME,3,Fluid Mechanics,84.1,7,20,53,80,A
S11268,Devika Thampuran,Female,ECE,3,VLSI Design,77.1,8,26,39,73,B
S11269,Nithya Ramesh,Female,ECE,2,Communication Systems,82.5,8,26,49,83,A
S11270,Anagha Raj,Female,ME,3,Machine Design,92.2,6,19,31,56,D
S11271,Irfan Pookoya,Male,ECE,8,VLSI Design,82.0,9,26,55,90,S
S11272,Sreelakshmi Vasudevan,Female,CE,2,Concrete Technology,58.7,4,11,11,26,F
S11273,Nimisha Rajan,Female,CE,7,Structural Analysis,75.5,9,26,60,95,S
S11274,Akhil Achari,Male,CE,4,Geotechnical Engineering,85.5,8,22,53,83,A
S11275,Deepthi Mahesh,Female,CSE,5,Computer Networks,66.3,7,23,44,74,B
S11276,Devika Kurup,Female,ME,3,Fluid Mechanics,96.0,9,26,60,95,S
S11277,Lakshmi Vallikkat,Female,CE,5,Transportation Engineering,80.7,7,16,39,62,C
S11278,Bibin Abraham,Male,CSE,2,Big Data Processing,57.3,5,12,34,51,P
S11279,Anagha Kaimal,Female,CE,5,Surveying,57.2,7,21,34,62,C
S11280,Parvathy Kaimal,Female,CSE,2,Software Engineering,62.5,8,22,55,85,A+
S11281,Athira Suresh,Female,CE,1,Structural Analysis,90.8,9,26,54,89,A+
S11282,Nithya Anilkumar,Female,CE,8,Transportation Engineering,80.0,9,30,60,99,S
S11283,Fathima Nadeem,Female,ECE,3,Digital Electronics,88.3,5,9,21,35,F
S11284,Meera Poduval,Female,CSE,1,Computer Networks,89.4,6,22,43,71,B
S11285,Aravind Kunjunni,Male,CE,8,Concrete Technology,97.9,8,26,45,79,B+
S11286,Nithya Poduval,Female,ME,7,Machine Design,76.6,9,26,57,92,S
S11287,Nikhil Sivan,Male,CSE,4,Data Structures,97.9,6,22,23,51,P
S11288,Vivek Manoharan,Male,ECE,8,Signals & Systems,81.3,5,14,28,47,F
S11289,Anoop Prasad,Male,ECE,2,Communication Systems,57.1,7,28,52,87,A+
S11290,Priya Rajan,Female,CE,1,Structural Analysis,93.0,9,26,51,86,A+
S11291,Nikhil Kartha,Male,CE,8,Concrete Technology,73.4,7,20,40,67,C+
S11292,Manu Panicker,Male,ECE,4,Communication Systems,95.3,6,15,36,57,D
S11293,Sneha Rajagopal,Female,CSE,2,Software Engineering,93.7,5,11,30,46,F
S11294,Anagha Sreekumar,Female,ME,1,Manufacturing Technology,64.4,8,26,47,81,A
S11295,Sreelakshmi Chandrasekharan,Female,CE,4,Structural Analysis,88.7,6,14,25,45,F
S11296,Anoop Manoharan,Male,ME,2,Machine Design,78.0,8,25,46,79,B+
S11297,Sreelakshmi Raman,Female,CE,6,Concrete Technology,98.3,8,30,52,90,S
S11298,Anjali Narayanan,Female,ME,4,Manufacturing Technology,88.4,9,30,50,89,A+
S11299,Reshma Krishnankutty,Female,ECE,6,Microprocessors,88.8,9,30,58,97,S
S11300,Priya Pradeep,Female,CE,7,Surveying,92.2,6,22,21,49,F
S11301,Athira Balakrishnan,Female,ECE,5,Digital Electronics,75.1,3,5,14,22,F
S11302,Priya Prasad,Female,ECE,3,Microprocessors,95.9,8,23,53,84,A
S11303,Meera Sreedharan,Female,CE,5,Geotechnical Engineering,82.6,8,18,53,79,B+
S11304,Bibin Alex,Male,CSE,6,DBMS,74.8,8,23,51,82,A
S11305,Athira Manoharan,Female,CSE,2,DBMS,58.1,6,17,36,59,D
S11306,Meera Prasad,Female,ECE,2,Microprocessors,87.7,8,20,59,87,A+
S11307,Vignesh Sankar,Male,ME,6,Thermodynamics,79.2,8,21,43,72,B
S11308,Priya Narayanan,Female,CSE,1,Computer Networks,55.5,8,28,53,89,A+
S11309,Meera Anilkumar,Female,CSE,1,Big Data Processing,72.8,9,27,60,96,S
S11310,Sarath Raj,Male,CSE,4,DBMS,89.0,9,25,43,77,B+
S11311,Adithya Namboothiri,Male,CE,8,Structural Analysis,63.8,8,27,60,95,S
S11312,Irfan Riyas,Male,ECE,2,Signals & Systems,94.5,6,20,45,71,B
S11313,Anagha Iyer,Female,ECE,8,Communication Systems,84.3,9,30,60,99,S
S11314,Deepthi Vasudevan,Female,CSE,5,DBMS,57.2,8,26,56,90,S
S11315,Haritha Sreedharan,Female,ECE,3,Microprocessors,70.9,9,30,47,86,A+
S11316,Lakshmi Sankar,Female,CE,7,Concrete Technology,64.6,5,14,38,57,D
S11317,Deepthi Govindan,Female,ME,1,Manufacturing Technology,86.8,6,15,32,53,P
S11318,Aravind Nambiar,Male,CSE,2,DBMS,62.8,9,26,55,90,S
S11319,Jyothsna Jayan,Female,CE,1,Concrete Technology,92.7,7,20,45,72,B
S11320,Nikhil Prakash,Male,CSE,5,Computer Networks,84.0,8,28,40,76,B+
S11321,Aiswarya Sudhakaran,Female,ME,6,Thermodynamics,74.3,7,20,45,72,B
S11322,Deepthi Ramesh,Female,ECE,7,VLSI Design,65.3,9,26,57,92,S
S11323,Bibin Pallivathukal,Male,CE,6,Concrete Technology,95.0,6,18,34,58,D
S11324,Adithya Nambiar,Male,CSE,6,Computer Networks,60.8,7,21,40,68,C+
S11325,Akhil Sankar,Male,ME,4,Thermodynamics,71.9,8,26,42,76,B+
S11326,Deepthi Narayanan,Female,ECE,1,Digital Electronics,91.6,8,25,42,75,B+
S11327,Lakshmi Suresh,Female,CE,2,Structural Analysis,98.6,7,26,44,77,B+
S11328,Sana Bava,Female,ME,2,Thermodynamics,81.3,7,23,38,68,C+
S11329,Manu Sreedharan,Male,CSE,8,DBMS,96.9,8,21,58,87,A+
S11330,Jithin Rajendran,Male,ECE,6,Communication Systems,57.5,8,28,46,82,A
S11331,Parvathy Dinesh,Female,ECE,7,Microprocessors,69.1,5,16,21,42,F
S11332,Arjun Vasudevan,Male,ECE,6,VLSI Design,76.3,9,28,47,84,A
S11333,Nikhil Sankar,Male,CE,7,Structural Analysis,95.1,5,14,31,50,P
S11334,Rahul Rajan,Male,ECE,8,Signals & Systems,69.6,9,29,60,98,S
S11335,Devika Ramakrishnan,Female,CE,7,Surveying,94.3,8,22,38,68,C+
S11336,Anagha Narayanan,Female,CE,7,Geotechnical Engineering,95.7,5,18,22,45,F
S11337,Akhil Vallikkat,Male,CE,8,Geotechnical Engineering,85.6,7,24,53,84,A
S11338,Vivek Kurup,Male,CE,1,Geotechnical Engineering,80.1,6,13,42,61,C
S11339,Meera Rajan,Female,CE,2,Structural Analysis,62.5,4,16,29,49,F
S11340,Parvathy Pillai,Female,CSE,3,Data Structures,66.1,8,28,45,81,A
S11341,Nithya Warrier,Female,ME,5,Manufacturing Technology,80.6,7,23,39,69,C+
S11342,Nikhil Pisharody,Male,CE,1,Surveying,56.7,6,20,42,68,C+
S11343,Divya Achari,Female,CE,1,Structural Analysis,76.6,7,20,43,70,B
S11344,Devika Namputhiri,Female,CE,8,Transportation Engineering,79.0,9,28,53,90,S
S11345,Parvathy Nair,Female,ME,7,Manufacturing Technology,94.5,7,16,48,71,B
S11346,Nikhil Ashokan,Male,CE,8,Concrete Technology,72.9,8,26,39,73,B
S11347,Gokul Mahesh,Male,CE,7,Geotechnical Engineering,76.1,6,21,29,56,D
S11348,Fathima Basheer,Female,CSE,8,Software Engineering,96.6,5,19,28,52,P
S11349,Devika Poduval,Female,CSE,5,Big Data Processing,87.1,10,23,60,93,S
S11350,Bibin Samuel,Male,ECE,1,Microprocessors,99.5,7,21,47,75,B+
S11351,Vignesh Kaimal,Male,CSE,2,Software Engineering,59.0,8,17,50,75,B+
S11352,Aravind Panicker,Male,ECE,4,Microprocessors,71.6,7,14,36,57,D
S11353,Devika Padmanabhan,Female,ME,7,Strength of Materials,91.9,9,21,47,77,B+
S11354,Vignesh Gopalan,Male,ME,7,Fluid Mechanics,95.7,9,27,53,89,A+
S11355,Anjali Balan,Female,ME,7,Machine Design,76.2,9,28,58,95,S
S11356,Arjun Ashokan,Male,ECE,5,Signals & Systems,71.3,6,22,31,59,D
S11357,Rohan Raman,Male,ECE,5,VLSI Design,83.9,7,21,36,64,C
S11358,Rahul Raj,Male,ME,3,Thermodynamics,71.7,8,28,52,88,A+
S11359,Adithya Unnithan,Male,CSE,6,Operating Systems,68.0,7,26,45,78,B+
S11360,Fathima Sait,Female,CE,2,Structural Analysis,86.0,6,16,34,56,D
S11361,Karthik Vasudevan,Male,ECE,8,Microprocessors,70.6,10,30,55,95,S
S11362,Meera Karthikeyan,Female,CSE,6,Computer Networks,97.4,6,22,44,72,B
S11363,Devika Vinod,Female,CSE,7,Software Engineering,89.3,8,24,43,75,B+
S11364,Aravind Warrier,Male,CSE,4,Big Data Processing,92.9,7,22,56,85,A+
S11365,Adithya Karthikeyan,Male,CE,8,Structural Analysis,99.0,7,18,49,74,B
S11366,Nikhil Achari,Male,ECE,4,Microprocessors,83.8,6,16,30,52,P
S11367,Aiswarya Namboodiripad,Female,CSE,1,Computer Networks,92.6,10,30,48,88,A+
S11368,Athira Menon,Female,CSE,8,DBMS,89.0,5,17,28,50,P
S11369,Jyothsna Rajendran,Female,ECE,5,Digital Electronics,84.8,9,26,54,89,A+
S11370,Bibin Varghese,Male,CSE,5,Data Structures,73.1,7,23,45,75,B+
S11371,Meera Suresh,Female,ME,7,Fluid Mechanics,67.0,9,22,55,86,A+
S11372,Fathima Musaliar,Female,ME,8,Machine Design,78.0,8,26,46,80,A
S11373,Gokul Pradeep,Male,ECE,8,Microprocessors,62.7,6,16,31,53,P
S11374,Anjali Kunjunni,Female,ECE,1,Microprocessors,93.3,8,26,48,82,A
S11375,Anjali Ramakrishnan,Female,ECE,7,Microprocessors,56.1,8,28,41,77,B+
S11376,Jyothsna Sasidharan,Female,CSE,2,Big Data Processing,74.7,7,22,46,75,B+
S11377,Manu Raj,Male,CSE,6,Computer Networks,61.7,9,22,46,77,B+
S11378,Jyothsna Rajagopal,Female,CSE,2,Computer Networks,82.2,7,20,43,70,B
S11379,Divya Vasudevan,Female,CSE,4,Software Engineering,97.6,9,30,45,84,A
S11380,Rohan Marar,Male,ME,4,Thermodynamics,87.9,6,15,37,58,D
S11381,Lakshmi Sreekumar,Female,CE,6,Structural Analysis,79.7,9,16,57,82,A
S11382,Sreelakshmi Namboothiri,Female,ECE,1,Signals & Systems,97.8,4,17,21,42,F
S11383,Meera Vinod,Female,CE,3,Transportation Engineering,60.2,7,21,34,62,C
S11384,Jithin Kumar,Male,ECE,2,Microprocessors,93.7,9,25,50,84,A
S11385,Vishnu Kurup,Male,ME,4,Strength of Materials,97.8,8,24,54,86,A+
S11386,Divya Rajagopal,Female,CSE,5,Software Engineering,91.0,5,18,37,60,C
S11387,Anjali Bhattathiri,Female,CSE,6,Computer Networks,71.7,8,28,51,87,A+
S11388,Sana Khan,Female,CE,8,Surveying,97.0,8,27,56,91,S
S11389,Karthik Varma,Male,ME,7,Strength of Materials,76.0,8,19,55,82,A
S11390,Fathima Anwar,Female,CE,4,Surveying,67.7,8,25,51,84,A
S11391,Jithin Namboodiripad,Male,ECE,7,Digital Electronics,82.5,5,12,32,49,F
S11392,Vivek Balan,Male,ME,5,Thermodynamics,61.6,5,19,24,48,F
S11393,Aravind Achari,Male,CE,1,Transportation Engineering,81.1,9,26,43,78,B+
S11394,Sana Salam,Female,CSE,8,Operating Systems,96.6,6,24,45,75,B+
S11395,Sneha Iyer,Female,ECE,2,Microprocessors,71.4,9,27,55,91,S
S11396,Meera Namboodiripad,Female,CE,2,Structural Analysis,91.8,7,20,35,62,C
S11397,Rahul Vinod,Male,ME,2,Fluid Mechanics,79.5,9,18,53,80,A
S11398,Manu Achari,Male,ME,7,Thermodynamics,55.8,8,20,46,74,B
S11399,Rahul Pisharody,Male,CSE,5,Computer Networks,59.5,6,19,37,62,C
S11400,Meera Mahesh,Female,CE,4,Transportation Engineering,83.2,7,22,38,67,C+
S11401,Manu Sudhakaran,Male,CE,7,Transportation Engineering,93.6,6,15,42,63,C
S11402,Gokul Venugopal,Male,CSE,8,Big Data Processing,69.2,9,30,50,89,A+
S11403,Parvathy Mohan,Female,CSE,2,Data Structures,73.1,6,15,32,53,P
S11404,Jithin Sasidharan,Male,ECE,5,Communication Systems,73.7,5,20,19,44,F
S11405,Sreelakshmi Pisharody,Female,CE,3,Geotechnical Engineering,100.0,6,20,44,70,B
S11406,Rahul Suresh,Male,ECE,5,Microprocessors,94.8,9,23,60,92,S
S11407,Deepthi Marar,Female,ME,5,Strength of Materials,72.2,9,30,60,99,S
S11408,Nikhil Pillai,Male,ME,6,Machine Design,85.9,6,18,35,59,D
S11409,Anjali Nair,Female,ECE,1,Signals & Systems,86.0,9,22,51,82,A
S11410,Anoop Rajendran,Male,ECE,4,Signals & Systems,81.7,8,28,51,87,A+
S11411,Gokul Kunjunni,Male,CE,8,Transportation Engineering,97.5,2,9,21,32,F
S11412,Parvathy Jayan,Female,ME,5,Manufacturing Technology,93.7,10,28,60,98,S
S11413,Athira Rajendran,Female,CE,1,Concrete Technology,66.9,8,26,48,82,A
S11414,Aravind Prasad,Male,ECE,4,VLSI Design,58.9,6,20,39,65,C+
S11415,Karthik Das,Male,ME,7,Fluid Mechanics,91.5,7,21,52,80,A
S11416,Athira Nair,Female,ME,1,Thermodynamics,73.6,7,26,43,76,B+
S11417,Anjali Thampi,Female,CSE,3,DBMS,68.2,8,28,51,87,A+
S11418,Divya Sathyan,Female,ME,1,Thermodynamics,72.3,4,10,29,43,F
S11419,Vivek Namboodiripad,Male,ECE,4,Communication Systems,65.8,8,28,39,75,B+
S11420,Gokul Neelakandan,Male,ECE,3,Signals & Systems,57.9,8,28,51,87,A+
S11421,Sarath Vinod,Male,CSE,1,Software Engineering,96.0,8,26,56,90,S
S11422,Sreejith Prakash,Male,CSE,6,Operating Systems,76.7,6,17,36,59,D
S11423,Reshma Thampuran,Female,ME,6,Fluid Mechanics,73.1,7,26,46,79,B+
S11424,Devika Sasidharan,Female,ECE,3,Signals & Systems,97.8,9,26,60,95,S
S11425,Bibin Vazhayil,Male,ME,6,Strength of Materials,71.0,7,24,38,69,C+
S11426,Lakshmi Kutty,Female,ECE,5,Signals & Systems,65.5,5,12,29,46,F
S11427,Lakshmi Madhavan,Female,ME,3,Strength of Materials,65.7,8,24,55,87,A+
S11428,Divya Raj,Female,CSE,8,Software Engineering,67.6,7,19,39,65,C+
S11429,Sarath Raghavan,Male,CE,6,Concrete Technology,70.6,7,20,48,75,B+
S11430,Athira Chandrasekharan,Female,ME,8,Manufacturing Technology,93.5,7,26,37,70,B
S11431,Sana Nazeer,Female,CE,1,Geotechnical Engineering,86.3,8,24,60,92,S
S11432,Vivek Vasu,Male,ECE,7,Signals & Systems,80.6,6,16,39,61,C
S11433,Anagha Kartha,Female,ECE,6,Communication Systems,64.4,9,30,58,97,S
S11434,Nikhil Namboodiripad,Male,ME,8,Strength of Materials,68.2,7,23,45,75,B+
S11435,Lakshmi Sivan,Female,CSE,8,Big Data Processing,93.6,7,17,45,69,C+
S11436,Anagha Panicker,Female,CE,7,Concrete Technology,95.9,9,27,49,85,A+
S11437,Sreelakshmi Dinesh,Female,ME,7,Thermodynamics,83.5,6,17,37,60,C
S11438,Manu Narayanan,Male,ME,2,Machine Design,93.6,5,10,37,52,P
S11439,Adithya Sreekumar,Male,CSE,5,Operating Systems,94.2,10,30,60,100,S
S11440,Arjun Padmanabhan,Male,ME,1,Strength of Materials,65.1,8,20,38,66,C+
S11441,Gokul Anandan,Male,ME,5,Machine Design,99.7,8,24,47,79,B+
S11442,Divya Krishnankutty,Female,ECE,5,Digital Electronics,78.2,5,16,34,55,D
S11443,Nithya Kartha,Female,CE,7,Transportation Engineering,74.6,7,21,39,67,C+
S11444,Vignesh Nair,Male,ECE,7,Signals & Systems,91.1,7,26,47,80,A
S11445,Vivek Pillai,Male,ECE,8,VLSI Design,59.2,8,22,53,83,A
S11446,Devika Kartha,Female,ECE,7,VLSI Design,98.8,8,22,51,81,A
S11447,Manu Kumar,Male,CSE,6,Operating Systems,78.9,9,26,52,87,A+
S11448,Adithya Krishnan,Male,CSE,8,Software Engineering,83.3,7,20,51,78,B+
S11449,Fathima Rafeeq,Female,CE,7,Concrete Technology,83.6,6,16,31,53,P
S11450,Fathima Khan,Female,CSE,1,Operating Systems,68.4,3,8,10,21,F
S11451,Gokul Kurup,Male,CE,7,Geotechnical Engineering,70.2,7,27,40,74,B
S11452,Devika Krishnankutty,Female,CE,4,Concrete Technology,89.0,5,16,34,55,D
S11453,Gokul Balakrishnan,Male,CE,5,Structural Analysis,64.1,7,21,40,68,C+
S11454,Arjun Vijayan,Male,ECE,1,Microprocessors,65.7,5,13,30,48,F
S11455,Anjali Kutty,Female,ECE,2,VLSI Design,90.7,7,20,38,65,C+
S11456,Divya Balan,Female,ME,2,Manufacturing Technology,93.7,8,23,44,75,B+
S11457,Irfan Kunhi,Male,CSE,3,DBMS,92.5,6,18,44,68,C+
S11458,Jyothsna Kunjunni,Female,CSE,3,Big Data Processing,63.8,2,9,8,19,F
S11459,Sreelakshmi Raj,Female,CSE,7,Operating Systems,59.3,9,26,60,95,S
S11460,Vivek Anandan,Male,CE,8,Geotechnical Engineering,96.3,6,14,35,55,D
S11461,Parvathy Namboodiripad,Female,CE,5,Geotechnical Engineering,72.6,4,14,25,43,F
S11462,Nikhil Thampuran,Male,CSE,7,Big Data Processing,69.3,6,22,38,66,C+
S11463,Akhil Raghavan,Male,CE,8,Concrete Technology,74.3,6,19,31,56,D
S11464,Vishnu Neelakandan,Male,CE,6,Surveying,93.1,9,30,44,83,A
S11465,Nimisha Radhakrishnan,Female,CE,4,Geotechnical Engineering,93.5,7,15,53,75,B+
S11466,Reshma Narayanan,Female,ECE,2,VLSI Design,68.9,5,14,33,52,P
S11467,Karthik Vasu,Male,ME,5,Thermodynamics,65.7,6,20,32,58,D
S11468,Vignesh Prakash,Male,CSE,6,Data Structures,75.4,6,18,41,65,C+
S11469,Akhil Thampuran,Male,CE,8,Geotechnical Engineering,67.5,9,30,57,96,S
S11470,Divya Chandran,Female,CSE,8,Data Structures,74.7,9,30,59,98,S
S11471,Manu Thampuran,Male,ME,7,Fluid Mechanics,96.9,7,16,49,72,B
S11472,Sneha Warrier,Female,ME,2,Fluid Mechanics,63.5,4,16,31,51,P
S11473,Reshma Raman,Female,CE,2,Structural Analysis,80.5,9,28,46,83,A
S11474,Manu Sathyan,Male,CE,5,Geotechnical Engineering,63.0,7,23,36,66,C+
S11475,Aravind Raghavan,Male,CSE,3,DBMS,93.1,9,21,55,85,A+
S11476,Bibin Vadakkan,Male,CE,3,Structural Analysis,67.0,5,14,23,42,F
S11477,Rohan Unni,Male,CE,6,Geotechnical Engineering,75.4,8,26,48,82,A
S11478,Rahul Rajendran,Male,ECE,8,Digital Electronics,82.6,9,26,60,95,S
S11479,Sreejith Ramesh,Male,ME,8,Thermodynamics,82.4,6,22,31,59,D
S11480,Rahul Varma,Male,ECE,4,Communication Systems,76.3,8,23,43,74,B
S11481,Vivek Radhakrishnan,Male,CSE,7,Data Structures,85.3,8,21,54,83,A
S11482,Gokul Ashokan,Male,CSE,4,Data Structures,79.6,4,7,25,36,F
S11483,Sarath Poduval,Male,CE,2,Surveying,71.3,9,26,46,81,A
S11484,Aiswarya Dinesh,Female,ECE,4,Microprocessors,67.5,10,30,60,100,S
S11485,Anagha Chandran,Female,ECE,4,Digital Electronics,82.6,6,13,34,53,P
S11486,Fathima Malik,Female,CSE,7,Software Engineering,69.0,8,26,44,78,B+
S11487,Anjali Jayan,Female,ECE,8,Signals & Systems,90.7,10,30,59,99,S
S11488,Rohan Krishnankutty,Male,ME,1,Thermodynamics,99.6,3,9,16,28,F
S11489,Anoop Krishnankutty,Male,CE,2,Transportation Engineering,58.4,8,26,46,80,A
S11490,Rohan Kaimal,Male,ME,7,Fluid Mechanics,67.2,8,24,45,77,B+
S11491,Athira Pisharody,Female,ME,8,Thermodynamics,89.7,6,17,34,57,D
S11492,Anjali Kartha,Female,CE,7,Transportation Engineering,98.7,7,23,52,82,A
S11493,Akhil Poduval,Male,CSE,4,Data Structures,69.2,7,18,36,61,C
S11494,Adithya Prasad,Male,CE,4,Transportation Engineering,56.8,9,28,49,86,A+
S11495,Rahul Kunjunni,Male,ME,8,Machine Design,72.6,6,22,39,67,C+
S11496,Nikhil Gopinathan,Male,ECE,1,Signals & Systems,64.6,6,15,32,53,P
S11497,Fathima Ali,Female,ME,6,Thermodynamics,55.5,7,20,44,71,B
S11498,Nithya Anandan,Female,ECE,6,Communication Systems,77.1,7,20,34,61,C
S11499,Vivek Suresh,Male,CSE,4,Software Engineering,83.2,8,19,52,79,B+
S11500,Nandakumar Anilkumar,Male,ME,3,Manufacturing Technology,82.7,9,23,50,82,A
S11501,Vishnu Karthikeyan,Male,CSE,4,Data Structures,63.5,6,19,37,62,C
S11502,Vivek Karthikeyan,Male,CSE,3,Big Data Processing,64.0,7,21,44,72,B
S11503,Karthik Sivan,Male,CSE,7,Software Engineering,99.4,6,20,37,63,C
S11504,Nithya Thampi,Female,ECE,4,VLSI Design,90.7,8,28,47,83,A
S11505,Nandakumar Venugopal,Male,ME,5,Strength of Materials,91.5,8,21,44,73,B
S11506,Divya Iyer,Female,CE,2,Surveying,79.2,5,17,39,61,C
S11507,Jyothsna Nambiar,Female,CE,8,Concrete Technology,70.2,7,20,39,66,C+
S11508,Priya Mahesh,Female,CSE,7,Computer Networks,67.7,8,23,53,84,A
S11509,Adithya Kumar,Male,ECE,3,Communication Systems,88.8,7,26,45,78,B+
S11510,Reshma Ramesh,Female,CE,5,Concrete Technology,77.5,8,24,52,84,A
S11511,Devika Sudhakaran,Female,ECE,8,Signals & Systems,66.7,7,22,40,69,C+
S11512,Vivek Ramakrishnan,Male,CSE,6,Computer Networks,82.0,10,29,42,81,A
S11513,Anagha Vasu,Female,ME,7,Manufacturing Technology,67.1,8,26,51,85,A+
S11514,Parvathy Neelakandan,Female,CE,1,Structural Analysis,90.1,6,20,50,76,B+
S11515,Parvathy Iyer,Female,ECE,7,Communication Systems,92.5,9,29,56,94,S
S11516,Deepthi Panicker,Female,CE,6,Structural Analysis,66.3,10,28,60,98,S
S11517,Anagha Balakrishnan,Female,ECE,4,VLSI Design,82.6,8,22,46,76,B+
S11518,Irfan Moulavi,Male,CSE,3,DBMS,86.3,7,22,38,67,C+
S11519,Priya Namboodiripad,Female,ECE,3,Digital Electronics,61.7,10,26,60,96,S
S11520,Vishnu Raman,Male,CE,7,Transportation Engineering,99.6,8,22,51,81,A
S11521,Akhil Gopalan,Male,CE,3,Concrete Technology,82.2,8,28,43,79,B+
S11522,Nithya Achari,Female,CE,5,Concrete Technology,64.6,9,26,50,85,A+
S11523,Arjun Karthikeyan,Male,ME,3,Machine Design,57.9,8,21,54,83,A
S11524,Sreejith Varma,Male,ME,1,Fluid Mechanics,91.2,8,23,58,89,A+
S11525,Anjali Chandran,Female,CSE,7,Big Data Processing,92.8,9,30,56,95,S
S11526,Nithya Raj,Female,CE,3,Geotechnical Engineering,64.1,7,19,37,63,C
S11527,Athira Madhavan,Female,ECE,4,VLSI Design,99.4,5,16,24,45,F
S11528,Akhil Dinesh,Male,CE,4,Geotechnical Engineering,55.7,9,30,54,93,S
S11529,Rahul Warrier,Male,ECE,4,Communication Systems,69.1,5,17,27,49,F
S11530,Reshma Sathyan,Female,CSE,3,Data Structures,58.5,8,22,54,84,A
S11531,Devika Sankar,Female,CSE,5,Data Structures,93.8,9,24,56,89,A+
S11532,Anjali Krishnankutty,Female,ECE,8,VLSI Design,85.7,9,28,56,93,S
S11533,Aravind Neelakandan,Male,ME,1,Strength of Materials,95.6,5,17,23,45,F
S11534,Arjun Gopinathan,Male,CSE,7,Big Data Processing,98.5,9,30,43,82,A
S11535,Sreelakshmi Pillai,Female,ME,7,Machine Design,59.5,8,24,43,75,B+
S11536,Fathima Jaleel,Female,ECE,6,VLSI Design,64.4,6,20,31,57,D
S11537,Nimisha Iyer,Female,ME,6,Thermodynamics,74.2,6,13,37,56,D
S11538,Manu Vasu,Male,CE,3,Structural Analysis,76.2,6,20,31,57,D
S11539,Akhil Bhaskaran,Male,ECE,6,VLSI Design,56.6,7,21,45,73,B
S11540,Deepthi Sathyan,Female,ECE,1,Communication Systems,88.1,8,22,50,80,A
S11541,Irfan Hameed,Male,ME,8,Fluid Mechanics,88.2,6,18,39,63,C
S11542,Jyothsna Chandran,Female,CSE,6,Computer Networks,73.5,6,14,26,46,F
S11543,Meera Marar,Female,CE,5,Transportation Engineering,64.2,7,25,42,74,B
S11544,Nikhil Poduval,Male,CSE,3,Computer Networks,68.1,3,10,27,40,F
S11545,Adithya Achari,Male,CE,3,Concrete Technology,84.5,7,20,37,64,C
S11546,Vignesh Manoharan,Male,ECE,4,Signals & Systems,58.2,8,24,43,75,B+
S11547,Vishnu Manoharan,Male,CE,1,Geotechnical Engineering,89.3,7,19,35,61,C
S11548,Jyothsna Kaimal,Female,ECE,5,VLSI Design,78.5,9,27,60,96,S
S11549,Nikhil Nambiar,Male,CE,2,Surveying,88.0,5,16,29,50,P
S11550,Jithin Gopalan,Male,CSE,6,Computer Networks,97.1,9,28,52,89,A+
S11551,Aiswarya Vijayan,Female,ECE,4,Communication Systems,94.5,8,28,46,82,A
S11552,Adithya Mahesh,Male,CSE,2,DBMS,84.8,7,20,42,69,C+
S11553,Arjun Raman,Male,ME,3,Machine Design,58.8,6,20,40,66,C+
S11554,Parvathy Kunjunni,Female,CSE,5,Data Structures,80.6,9,22,48,79,B+
S11555,Sreejith Das,Male,ME,6,Fluid Mechanics,76.1,5,16,37,58,D
S11556,Arjun Warrier,Male,CSE,8,DBMS,77.0,9,28,48,85,A+
S11557,Adithya Sivan,Male,CE,8,Geotechnical Engineering,71.7,8,23,54,85,A+
S11558,Priya Kurup,Female,CSE,6,DBMS,71.8,9,22,44,75,B+
S11559,Rohan Pradeep,Male,CE,4,Concrete Technology,82.6,8,27,41,76,B+
S11560,Jyothsna Achari,Female,ME,3,Fluid Mechanics,82.5,9,26,60,95,S
S11561,Rahul Pillai,Male,CE,7,Surveying,85.6,9,28,59,96,S
S11562,Aravind Padmanabhan,Male,CE,6,Concrete Technology,71.2,7,24,44,75,B+
S11563,Haritha Anilkumar,Female,CE,2,Transportation Engineering,92.1,9,27,51,87,A+
S11564,Nithya Sreekumar,Female,ECE,7,Digital Electronics,57.4,7,29,40,76,B+
S11565,Gokul Vasu,Male,CSE,5,Computer Networks,67.9,4,13,23,40,F
S11566,Jithin Unnithan,Male,CE,8,Surveying,98.3,7,19,48,74,B
S11567,Vivek Unnithan,Male,ECE,1,Communication Systems,56.1,7,19,36,62,C
S11568,Nikhil Manoharan,Male,CE,3,Structural Analysis,68.5,5,19,37,61,C
S11569,Irfan Ansari,Male,ECE,1,Digital Electronics,80.7,7,18,43,68,C+
S11570,Parvathy Panicker,Female,ECE,7,Signals & Systems,65.1,6,22,42,70,B
S11571,Arjun Govindan,Male,CE,8,Surveying,83.1,8,20,32,60,C
S11572,Sreejith Sankar,Male,CSE,8,Software Engineering,78.5,9,26,60,95,S
S11573,Sana Musaliar,Female,CE,6,Structural Analysis,94.7,5,14,24,43,F
S11574,Arjun Prasad,Male,CSE,8,Software Engineering,89.0,8,30,49,87,A+
S11575,Aravind Gopinathan,Male,CE,5,Structural Analysis,69.0,6,20,29,55,D
S11576,Sreejith Balakrishnan,Male,CE,5,Transportation Engineering,77.2,8,25,55,88,A+
S11577,Arjun Neelakandan,Male,CSE,3,Computer Networks,91.6,8,28,51,87,A+
S11578,Sreejith Namboothiri,Male,CE,2,Transportation Engineering,72.4,8,22,47,77,B+
S11579,Vivek Padmanabhan,Male,CSE,3,Big Data Processing,97.3,7,16,51,74,B
S11580,Aravind Kumar,Male,CE,6,Structural Analysis,75.3,10,30,60,100,S
S11581,Nikhil Mohan,Male,ECE,3,Digital Electronics,57.5,9,25,51,85,A+
S11582,Sneha Ramesh,Female,CSE,5,DBMS,78.8,4,12,21,37,F
S11583,Anoop Anilkumar,Male,CSE,4,DBMS,86.8,6,20,33,59,D
S11584,Akhil Anilkumar,Male,CE,3,Transportation Engineering,57.7,6,15,33,54,P
S11585,Fathima Siddiqui,Female,ME,4,Thermodynamics,96.7,6,19,40,65,C+
S11586,Karthik Sreekumar,Male,ECE,3,Communication Systems,63.3,5,16,32,53,P
S11587,Nikhil Bhattathiri,Male,ECE,6,Communication Systems,56.1,8,26,54,88,A+
S11588,Nandakumar Balakrishnan,Male,CSE,5,DBMS,86.2,8,23,49,80,A
S11589,Athira Iyer,Female,CE,2,Surveying,83.7,4,14,27,45,F
S11590,Priya Anilkumar,Female,ECE,2,Communication Systems,81.2,7,22,39,68,C+
S11591,Irfan Sha,Male,ECE,7,Signals & Systems,66.5,8,20,52,80,A
S11592,Anagha Vinod,Female,CSE,4,Data Structures,79.2,5,17,35,57,D
S11593,Meera Balan,Female,CSE,7,Data Structures,92.8,9,28,53,90,S
S11594,Devika Varma,Female,ME,5,Fluid Mechanics,96.7,8,21,51,80,A
S11595,Rohan Warrier,Male,CSE,7,Operating Systems,68.0,7,21,48,76,B+
S11596,Meera Varma,Female,ECE,5,Microprocessors,96.2,8,22,49,79,B+
S11597,Meera Vijayan,Female,ME,5,Strength of Materials,83.1,6,20,31,57,D
S11598,Nimisha Sasidharan,Female,CSE,3,DBMS,76.8,7,20,31,58,D
S11599,Athira Vijayan,Female,CE,8,Transportation Engineering,71.0,7,20,39,66,C+
S11600,Rohan Venugopal,Male,ECE,3,Signals & Systems,64.0,5,19,26,50,P
S11601,Unnikrishnan Vijayan,Male,ME,2,Fluid Mechanics,88.9,9,30,28,67,C+
S11602,Sudheesh Gupta,Male,CSE,2,Big Data Processing,71.1,6,30,54,90,S
S11603,Vignesh Pandey,Male,ME,7,Thermodynamics,82.8,5,20,41,66,C+
S11604,Manu Kaimal,Male,ME,7,Thermodynamics,77.0,9,16,52,77,B+
S11605,Vishnu Vijayan,Male,CSE,7,DBMS,57.5,8,20,60,88,A+
S11606,Balachandran Bakshi,Male,ECE,3,VLSI Design,83.0,6,22,49,77,B+
S11607,Anand Warrier,Male,ME,2,Thermodynamics,69.4,8,19,41,68,C+
S11608,Renjith Krishnan,Male,CE,8,Structural Analysis,67.9,7,26,33,66,C+
S11609,Sindhu Trivedi,Female,ECE,3,Digital Electronics,83.5,6,20,57,83,A
S11610,Jithin Gopalan,Male,ECE,8,VLSI Design,62.2,7,24,60,91,S
S11611,Swathi Yadav,Female,ME,7,Fluid Mechanics,79.1,7,10,37,54,P
S11612,Meera Ramakrishnan,Female,CE,1,Surveying,86.8,6,19,34,59,D
S11613,Sinan Bava,Male,ECE,6,Microprocessors,84.1,8,16,51,75,B+
S11614,Divya Madhavan,Female,ME,8,Manufacturing Technology,83.1,9,17,43,69,C+
S11615,Vivek Kurup,Male,ECE,8,VLSI Design,72.8,10,15,47,72,B
S11616,Anitha Nambiar,Female,ME,6,Strength of Materials,71.1,8,24,47,79,B+
S11617,Renjith Vinod,Male,ME,5,Machine Design,78.2,8,11,44,63,C
S11618,Unnikrishnan Tiwari,Male,CE,2,Surveying,68.4,7,18,36,61,C
S11619,Sowmya Sreekumar,Female,ECE,7,Digital Electronics,74.3,8,21,35,64,C
S11620,Shilpa Bakshi,Female,ECE,4,Signals & Systems,96.0,8,7,45,60,C
S11621,Gokul Radhakrishnan,Male,CSE,4,Software Engineering,82.6,6,11,40,57,D
S11622,Sreejith Prasad,Male,ECE,3,Communication Systems,86.3,7,26,50,83,A
S11623,Gayathri Vasudevan,Female,ECE,1,Digital Electronics,97.7,4,26,50,80,A
S11624,Resmi Chandra,Female,CE,2,Surveying,71.9,8,15,44,67,C+
S11625,Nimisha Desai,Female,CSE,4,Big Data Processing,59.0,7,20,58,85,A+
S11626,Ramesh Kumar,Male,ME,1,Fluid Mechanics,97.6,7,15,53,75,B+
S11627,Anand Goel,Male,ME,4,Fluid Mechanics,71.5,7,15,24,46,F
S11628,Sreejith Das,Male,ECE,6,VLSI Design,58.1,10,21,32,63,C
S11629,Renjith Pisharody,Male,CE,8,Surveying,69.7,7,27,46,80,A
S11630,Sarath Agarwal,Male,ECE,8,Microprocessors,86.2,6,30,52,88,A+
S11631,Manoj Bhattathiri,Male,ME,6,Machine Design,71.1,8,26,60,94,S
S11632,Manoj Chopra,Male,ECE,5,Communication Systems,95.6,7,23,29,59,D
S11633,Dinesh Srivastava,Male,CSE,6,Operating Systems,71.4,8,30,32,70,B
S11634,Vignesh Manoharan,Male,CE,4,Geotechnical Engineering,76.0,8,14,50,72,B
S11635,Reshma Yadav,Female,ME,8,Manufacturing Technology,49.3,7,20,49,76,B+
S11636,Sruthi Goel,Female,ECE,2,Microprocessors,62.6,7,23,35,65,C+
S11637,Sujith Sankar,Male,CSE,4,DBMS,92.1,5,20,34,59,D
S11638,Sujith Joshi,Male,ECE,2,Communication Systems,97.0,9,29,42,80,A
S11639,Rafi Pookoya,Male,CSE,6,Data Structures,78.1,8,15,38,61,C
S11640,Aparna Panicker,Female,CE,3,Concrete Technology,55.7,6,13,42,61,C
S11641,Arjun Das,Male,CSE,8,Operating Systems,70.6,9,19,33,61,C
S11642,Naveen Chauhan,Male,CE,3,Structural Analysis,71.1,6,17,60,83,A
S11643,Arjun Sinha,Male,ME,3,Fluid Mechanics,89.7,4,25,48,77,B+
S11644,Anoop Karthikeyan,Male,ME,4,Manufacturing Technology,77.8,8,18,30,56,D
S11645,Madhu Anandan,Male,ECE,7,Microprocessors,82.2,10,28,36,74,B
S11646,Dinesh Ramesh,Male,CE,7,Transportation Engineering,82.7,8,30,26,64,C
S11647,Prasanth Jayan,Male,CSE,1,Operating Systems,77.3,9,26,58,93,S
S11648,Deepak Namputhiri,Male,ME,3,Machine Design,80.8,6,20,43,69,C+
S11649,Sreekumar Karthikeyan,Male,ME,8,Manufacturing Technology,75.4,7,23,49,79,B+
S11650,Sreekumar Achari,Male,ME,4,Machine Design,68.7,9,13,26,48,F
S11651,Sudheesh Menon,Male,CE,1,Transportation Engineering,100.0,5,24,30,59,D
S11652,Biju Poduval,Male,ECE,4,VLSI Design,87.4,7,18,46,71,B
S11653,Neethu Bhalla,Female,CE,4,Transportation Engineering,69.7,9,28,44,81,A
S11654,Sowmya Trivedi,Female,CSE,3,Data Structures,71.9,8,16,34,58,D
S11655,Sruthi Karthikeyan,Female,ECE,4,Communication Systems,98.5,8,28,45,81,A
S11656,Pradeep Thampi,Male,ME,6,Machine Design,86.1,8,22,30,60,C
S11657,Rajesh Rao,Male,CSE,2,Software Engineering,72.5,10,30,34,74,B
S11658,Deepthi Bhattathiri,Female,CSE,7,Computer Networks,77.8,10,11,60,81,A
S11659,Jismy Kutty,Female,CE,6,Geotechnical Engineering,86.7,5,23,34,62,C
S11660,Reshma Namboodiripad,Female,ECE,8,VLSI Design,83.3,8,20,41,69,C+
S11661,Vijay Padmanabhan,Male,ECE,5,VLSI Design,90.6,9,21,39,69,C+
S11662,Adithya Bhardwaj,Male,CSE,2,Big Data Processing,81.0,5,24,41,70,B
S11663,Nandakumar Goel,Male,ECE,7,Digital Electronics,68.9,7,24,24,55,D
S11664,Resmi Ramesh,Female,CSE,8,Operating Systems,60.0,4,17,35,56,D
S11665,Akhil Vallikkat,Male,ME,7,Machine Design,53.2,5,14,48,67,C+
S11666,Reshma Sivan,Female,ME,2,Manufacturing Technology,83.3,7,28,42,77,B+
S11667,Rahul Shukla,Male,ECE,8,Communication Systems,73.1,8,13,50,71,B
S11668,Haritha Warrier,Female,CSE,4,Big Data Processing,75.3,8,26,48,82,A
S11669,Sameer Bava,Male,ME,4,Machine Design,76.9,7,24,46,77,B+
S11670,Sabira Junaid,Female,CSE,8,DBMS,75.8,8,16,22,46,F
S11671,Akhil Bansal,Male,ECE,5,Communication Systems,84.9,7,20,32,59,D
S11672,Sudheesh Reddy,Male,CSE,8,Operating Systems,91.8,7,21,55,83,A
S11673,Priya Poduval,Female,CE,7,Surveying,94.8,7,18,50,75,B+
S11674,Farha Ashraf,Female,CSE,4,DBMS,84.9,6,30,44,80,A
S11675,Unnikrishnan Padmanabhan,Male,ECE,3,Communication Systems,84.5,5,9,37,51,P
S11676,Vidya Bakshi,Female,CSE,2,Big Data Processing,82.1,6,24,43,73,B
S11677,Neethu Agrawal,Female,ECE,4,VLSI Design,90.4,10,25,28,63,C
S11678,Rajesh Agrawal,Male,CSE,5,Computer Networks,59.0,8,20,32,60,C
S11679,Sindhu Rajagopal,Female,ECE,6,VLSI Design,100.0,7,28,59,94,S
S11680,Sneha Vinod,Female,ECE,1,Digital Electronics,67.9,8,30,45,83,A
S11681,Sujith Venugopal,Male,ECE,4,VLSI Design,70.8,8,23,47,78,B+
S11682,Jithin Kutty,Male,ECE,3,Communication Systems,79.9,7,28,35,70,B
S11683,Unnikrishnan Vasu,Male,ME,5,Manufacturing Technology,71.4,5,24,45,74,B
S11684,Madhu Bhattathiri,Male,CSE,7,Software Engineering,77.1,6,18,39,63,C
S11685,Meera Karthikeyan,Female,ECE,3,VLSI Design,67.3,7,25,22,54,P
S11686,Neethu Pillai,Female,CSE,1,Operating Systems,76.6,5,21,37,63,C
S11687,Jithin Verma,Male,ME,3,Fluid Mechanics,98.2,7,22,60,89,A+
S11688,Vijay Radhakrishnan,Male,CE,1,Transportation Engineering,76.7,6,24,51,81,A
S11689,Renjith Kumar,Male,ECE,8,Communication Systems,96.2,7,30,52,89,A+
S11690,Manoj Arora,Male,ME,5,Strength of Materials,93.3,9,19,50,78,B+
S11691,Sreelakshmi Warrier,Female,CSE,8,Computer Networks,72.6,7,22,52,81,A
S11692,Divya Patel,Female,CE,1,Structural Analysis,74.2,7,21,32,60,C
S11693,Rahul Kutty,Male,CSE,5,DBMS,76.2,6,19,27,52,P
S11694,Gayathri Prakash,Female,CSE,8,Big Data Processing,88.3,6,22,13,41,F
S11695,Priya Khurana,Female,CSE,8,Software Engineering,74.9,8,15,56,79,B+
S11696,Aparna Padmanabhan,Female,CE,2,Surveying,76.9,6,30,56,92,S
S11697,Bijesh Ninan,Male,ME,1,Strength of Materials,65.8,7,14,33,54,P
S11698,Sudheesh Manoharan,Male,CE,7,Structural Analysis,84.4,8,17,35,60,C
S11699,Rahul Sinha,Male,ME,5,Machine Design,77.7,5,22,48,75,B+
S11700,Nizam Shukoor,Male,ECE,6,Communication Systems,83.3,6,14,43,63,C
S11701,Resmi Naidu,Female,ME,1,Machine Design,78.0,7,25,38,70,B
S11702,Nadhira Sirajudheen,Female,ECE,7,Digital Electronics,67.1,6,30,39,75,B+
S11703,Devika Namboothiri,Female,ECE,6,Communication Systems,78.5,8,13,37,58,D
S11704,Devika Govindan,Female,CSE,1,Software Engineering,76.5,7,20,26,53,P
S11705,Suhana Zaheer,Female,ECE,7,Communication Systems,78.2,5,18,45,68,C+
S11706,Anand Marar,Male,CE,1,Structural Analysis,89.5,6,24,37,67,C+
S11707,Vinod Rajendran,Male,CSE,5,Computer Networks,70.5,6,23,31,60,C
S11708,Lakshmi Bhaskaran,Female,ECE,1,Signals & Systems,62.1,7,26,41,74,B
S11709,Sowmya Sasidharan,Female,CSE,2,Software Engineering,75.6,7,15,39,61,C
S11710,Sruthi Rajan,Female,CSE,5,Software Engineering,77.2,8,25,44,77,B+
S11711,Karthik Malhotra,Male,CE,6,Surveying,68.1,5,18,43,66,C+
S11712,Nithya Bansal,Female,CE,5,Geotechnical Engineering,65.5,6,26,39,71,B
S11713,Devika Balakrishnan,Female,CSE,3,Software Engineering,69.3,5,23,42,70,B
S11714,Sowmya Sathyan,Female,CSE,6,Data Structures,67.2,6,27,50,83,A
S11715,Anumol Vallikappen,Female,CSE,4,Operating Systems,79.2,7,25,39,71,B
S11716,Ramesh Namboothiri,Male,ME,4,Manufacturing Technology,63.4,10,17,58,85,A+
S11717,Arjun Pisharody,Male,CE,7,Surveying,100.0,5,18,41,64,C
S11718,Vijay Unnithan,Male,ECE,1,Microprocessors,64.7,5,18,52,75,B+
S11719,Aiswarya Chandra,Female,CSE,5,Big Data Processing,64.4,8,13,38,59,D
S11720,Resmi Krishnan,Female,CE,5,Surveying,100.0,6,30,52,88,A+
S11721,Nikhil Kartha,Male,ME,8,Strength of Materials,100.0,5,30,26,61,C
S11722,Sana Hameed,Female,ME,8,Strength of Materials,83.4,7,28,42,77,B+
S11723,Shameer Mirza,Male,CSE,3,Computer Networks,100.0,7,15,26,48,F
S11724,Rajesh Khurana,Male,ME,1,Thermodynamics,82.5,8,23,25,56,D
S11725,Manu Kartha,Male,ME,3,Manufacturing Technology,88.0,7,27,31,65,C+
S11726,Devika Rajan,Female,ME,5,Fluid Mechanics,93.0,5,16,53,74,B
S11727,Vijay Bhalla,Male,ECE,1,Digital Electronics,90.9,9,26,39,74,B
S11728,Aparna Mohan,Female,ECE,4,Microprocessors,77.9,6,29,25,60,C
S11729,Sreekumar Chandra,Male,CSE,7,Big Data Processing,78.0,10,18,57,85,A+
S11730,Nimisha Neelakandan,Female,ME,8,Machine Design,63.4,5,15,45,65,C+
S11731,Anagha Balakrishnan,Female,ECE,7,Digital Electronics,65.5,7,26,44,77,B+
S11732,Rafi Wahab,Male,ME,7,Manufacturing Technology,75.5,8,12,31,51,P
S11733,Lakshmi Shukla,Female,ME,2,Manufacturing Technology,74.8,4,27,36,67,C+
S11734,Pradeep Krishnan,Male,CSE,8,Computer Networks,70.0,6,19,49,74,B
S11735,Priya Das,Female,CE,3,Transportation Engineering,61.5,8,20,47,75,B+
S11736,Shilpa Poduval,Female,ME,3,Thermodynamics,84.3,7,22,32,61,C
S11737,Naushad Haji,Male,ME,3,Thermodynamics,75.0,9,23,47,79,B+
S11738,Nandakumar Vasu,Male,CE,6,Surveying,85.9,10,13,45,68,C+
S11739,Karthik Rajendran,Male,ECE,3,Digital Electronics,69.3,7,20,24,51,P
S11740,Parvathy Chopra,Female,ECE,6,Signals & Systems,69.1,4,30,46,80,A
S11741,Reeba Thottathil,Female,ME,2,Fluid Mechanics,69.7,7,14,56,77,B+
S11742,Shilpa Naidu,Female,ME,4,Thermodynamics,90.8,4,24,41,69,C+
S11743,Vidya Vijayan,Female,ME,8,Fluid Mechanics,70.3,6,18,44,68,C+
S11744,Lakshmi Vijayan,Female,ECE,8,Microprocessors,78.0,6,17,33,56,D
S11745,Sreelakshmi Rajendran,Female,CE,7,Concrete Technology,85.7,7,11,49,67,C+
S11746,Vivek Vasudevan,Male,ECE,2,Digital Electronics,61.5,5,27,35,67,C+
S11747,Sindhu Vijayan,Female,ECE,1,Microprocessors,92.2,5,19,35,59,D
S11748,Haritha Chopra,Female,ECE,2,Communication Systems,72.7,8,22,35,65,C+
S11749,Sarath Pandey,Male,CE,7,Surveying,68.9,10,29,38,77,B+
S11750,Aswathy Menon,Female,CSE,3,Data Structures,77.7,9,20,50,79,B+
S11751,Meera Reddy,Female,CSE,6,DBMS,84.8,7,7,40,54,P
S11752,Sudheesh Vijayan,Male,CSE,3,Data Structures,75.1,7,20,44,71,B
S11753,Vishnu Mohan,Male,CE,6,Transportation Engineering,89.4,5,19,52,76,B+
S11754,Priya Pisharody,Female,ME,2,Manufacturing Technology,77.3,6,22,55,83,A
S11755,Aswathy Bhaskaran,Female,CE,4,Geotechnical Engineering,78.7,7,16,46,69,C+
S11756,Gayathri Sankar,Female,CSE,2,Software Engineering,78.5,8,27,56,91,S
S11757,Swathi Pisharody,Female,ECE,5,VLSI Design,94.1,7,23,52,82,A
S11758,Lakshmi Agarwal,Female,CE,3,Geotechnical Engineering,87.3,8,23,59,90,S
S11759,Vinod Mohan,Male,CSE,2,DBMS,71.3,6,18,48,72,B
S11760,Sudheesh Desai,Male,CSE,2,Software Engineering,92.0,3,18,29,50,P
S11761,Sarath Raj,Male,ME,4,Strength of Materials,81.6,8,23,41,72,B
S11762,Parvathy Sethi,Female,ECE,2,Digital Electronics,100.0,10,22,37,69,C+
S11763,Rahul Balakrishnan,Male,ECE,3,VLSI Design,75.8,6,14,28,48,F
S11764,Anjali Varma,Female,ME,6,Thermodynamics,84.5,6,23,58,87,A+
S11765,Soumya Pillai,Female,CSE,4,Big Data Processing,81.6,6,21,46,73,B
S11766,Bibinlal Puthenpurackal,Male,CSE,6,Big Data Processing,67.5,6,25,55,86,A+
S11767,Athira Agarwal,Female,ECE,4,Communication Systems,87.0,6,18,60,84,A
S11768,Sowmya Marar,Female,CE,7,Concrete Technology,71.1,10,30,44,84,A
S11769,Sowmya Chandra,Female,CSE,2,Software Engineering,98.6,5,18,50,73,B
S11770,Haritha Tiwari,Female,CE,5,Structural Analysis,61.9,6,28,49,83,A
S11771,Pradeep Varma,Male,ECE,7,Signals & Systems,91.1,4,26,54,84,A
S11772,Lakshmi Nambiar,Female,CE,4,Surveying,99.6,6,19,52,77,B+
S11773,Shahana Moulavi,Female,CE,2,Concrete Technology,89.5,9,16,43,68,C+
S11774,Aparna Raj,Female,CSE,1,Computer Networks,66.6,6,14,30,50,P
S11775,Unnikrishnan Sasidharan,Male,ME,6,Thermodynamics,92.5,10,23,36,69,C+
S11776,Gokul Prasad,Male,ECE,3,Microprocessors,90.3,10,14,50,74,B
S11777,Sarath Bhatt,Male,CE,4,Surveying,64.8,7,16,46,69,C+
S11778,Sujith Agrawal,Male,ECE,7,Communication Systems,59.9,10,17,57,84,A
S11779,Manu Sudhakaran,Male,CE,4,Transportation Engineering,64.1,6,21,26,53,P
S11780,Balachandran Venugopal,Male,CSE,7,Big Data Processing,68.0,8,25,46,79,B+
S11781,Imran Kareem,Male,ECE,3,Communication Systems,51.0,8,17,59,84,A
S11782,Vishnu Prakash,Male,ME,2,Manufacturing Technology,92.1,9,24,45,78,B+
S11783,Sowmya Mohan,Female,ECE,5,Signals & Systems,75.4,7,11,45,63,C
S11784,Bindu Malhotra,Female,ECE,8,Signals & Systems,79.3,6,17,37,60,C
S11785,Naveen Pisharody,Male,CE,4,Surveying,90.7,6,17,47,70,B
S11786,Athira Iyer,Female,CE,2,Surveying,75.9,6,18,37,61,C
S11787,Vidya Krishnankutty,Female,ECE,8,Communication Systems,64.2,6,27,27,60,C
S11788,Vishnu Bhatt,Male,CSE,6,Big Data Processing,88.3,8,22,46,76,B+
S11789,Vivek Chandran,Male,CE,1,Geotechnical Engineering,96.4,8,15,48,71,B
S11790,Rohan Rathore,Male,CSE,5,Data Structures,82.1,6,18,46,70,B
S11791,Rashid Kabir,Male,ME,5,Manufacturing Technology,73.6,9,26,48,83,A
S11792,Aparna Gupta,Female,CSE,8,DBMS,85.2,7,21,43,71,B
S11793,Gayathri Venugopal,Female,CSE,6,DBMS,86.0,9,22,34,65,C+
S11794,Unnikrishnan Prasad,Male,CSE,5,Software Engineering,80.9,9,13,42,64,C
S11795,Deepthi Unnithan,Female,ECE,1,Communication Systems,77.6,8,23,41,72,B
S11796,Sruthi Balakrishnan,Female,ME,7,Manufacturing Technology,89.1,9,16,55,80,A
S11797,Nithya Narayanan,Female,CE,3,Structural Analysis,72.0,8,18,34,60,C
S11798,Biju Chandrasekharan,Male,CSE,1,Computer Networks,93.8,7,17,47,71,B
S11799,Anu Menon,Female,ECE,1,Communication Systems,75.8,6,16,41,63,C
S11800,Gayathri Vijayan,Female,CE,6,Surveying,66.1,8,14,33,55,D
S11801,Renjith Balakrishnan,Male,CSE,1,Operating Systems,100.0,5,26,29,60,C
S11802,Balachandran Nair,Male,ECE,2,Microprocessors,83.8,9,26,29,64,C
S11803,Sanjay Bhatt,Male,ECE,3,VLSI Design,63.7,8,24,47,79,B+
S11804,Deepthi Saxena,Female,CSE,4,Big Data Processing,61.1,7,23,44,74,B
S11805,Priya Srivastava,Female,ME,5,Machine Design,66.6,6,23,46,75,B+
S11806,Anjali Raj,Female,ME,6,Thermodynamics,78.6,8,21,37,66,C+
S11807,Athulya Thampi,Female,CE,3,Geotechnical Engineering,79.1,9,10,60,79,B+
S11808,Rizwan Fareed,Male,ME,3,Strength of Materials,94.2,6,14,58,78,B+
S11809,Sarath Yadav,Male,ME,4,Thermodynamics,72.1,5,15,58,78,B+
S11810,Manoj Venugopal,Male,CE,3,Transportation Engineering,80.5,7,21,37,65,C+
S11811,Pradeep Agrawal,Male,ME,1,Strength of Materials,85.7,9,22,33,64,C
S11812,Aparna Kunjunni,Female,ME,3,Strength of Materials,84.4,5,17,46,68,C+
S11813,Sreejith Pisharody,Male,CSE,1,Software Engineering,82.6,10,17,39,66,C+
S11814,Nimisha Thampi,Female,ECE,7,VLSI Design,80.7,10,18,54,82,A
S11815,Swathi Kohli,Female,CSE,1,Big Data Processing,81.2,7,22,56,85,A+
S11816,Rohan Ramakrishnan,Male,CSE,6,Software Engineering,76.5,7,19,42,68,C+
S11817,Soumya Sreedharan,Female,CSE,8,Data Structures,71.5,6,30,52,88,A+
S11818,Arjun Ramesh,Male,CE,5,Geotechnical Engineering,84.8,7,26,36,69,C+
S11819,Gayathri Dinesh,Female,ME,3,Thermodynamics,68.6,7,25,60,92,S
S11820,Adithya Manoharan,Male,ME,3,Thermodynamics,74.6,7,26,44,77,B+
S11821,Arjun Bhatt,Male,ME,3,Fluid Mechanics,56.7,10,18,38,66,C+
S11822,Rahul Rajagopal,Male,ME,6,Fluid Mechanics,100.0,8,27,42,77,B+
S11823,Vijay Agrawal,Male,ME,4,Machine Design,81.3,6,22,43,71,B
S11824,Vishnu Chandrasekharan,Male,ME,8,Manufacturing Technology,93.4,6,30,57,93,S
S11825,Anoop Pandey,Male,ECE,6,Microprocessors,65.2,9,9,27,45,F
S11826,Dinesh Sudhakaran,Male,ECE,1,Microprocessors,67.9,9,23,40,72,B
S11827,Remya Bhalla,Female,CE,1,Structural Analysis,67.5,9,25,33,67,C+
S11828,Ajay Manoharan,Male,ME,8,Manufacturing Technology,64.8,4,17,15,36,F
S11829,Jithin Balakrishnan,Male,ECE,7,Digital Electronics,73.1,9,15,47,71,B
S11830,Vinod Desai,Male,ME,6,Fluid Mechanics,67.4,6,15,17,38,F
S11831,Athira Malhotra,Female,CE,6,Transportation Engineering,66.3,7,28,47,82,A
S11832,Rafeeqa Aslam,Female,CSE,4,DBMS,80.5,8,15,60,83,A
S11833,Rafi Rahman,Male,CSE,2,Big Data Processing,85.3,8,17,60,85,A+
S11834,Suresh Unni,Male,ECE,7,Communication Systems,80.6,4,27,39,70,B
S11835,Jaseem Kareem,Male,ME,4,Manufacturing Technology,84.7,6,22,46,74,B
S11836,Amrutha Arora,Female,CSE,4,Data Structures,74.1,9,27,59,95,S
S11837,Sinan Jaleel,Male,ME,6,Manufacturing Technology,68.7,8,22,33,63,C
S11838,Sowmya Pandey,Female,ECE,8,Digital Electronics,86.4,5,16,35,56,D
S11839,Nandana Pradeep,Female,CSE,6,Computer Networks,51.8,7,23,46,76,B+
S11840,Sudheesh Mohan,Male,CSE,5,DBMS,85.3,9,20,46,75,B+
S11841,Gokul Kartha,Male,CSE,6,Software Engineering,74.3,9,26,36,71,B
S11842,Deepthi Kapoor,Female,CSE,4,DBMS,76.4,7,25,53,85,A+
S11843,Karthik Chowdhury,Male,ME,7,Machine Design,69.0,7,23,43,73,B
S11844,Pradeep Chowdhury,Male,ECE,5,Signals & Systems,100.0,8,23,28,59,D
S11845,Akhil Solanki,Male,CSE,8,Data Structures,88.3,8,20,50,78,B+
S11846,Vidya Ashokan,Female,CSE,5,Operating Systems,78.1,4,19,41,64,C
S11847,Sreejith Neelakandan,Male,CE,4,Concrete Technology,73.9,6,19,42,67,C+
S11848,Rafeeqa Nazeer,Female,CE,4,Geotechnical Engineering,57.8,8,17,40,65,C+
S11849,Rajesh Madhavan,Male,CE,5,Structural Analysis,75.1,6,18,45,69,C+
S11850,Sanjay Tiwari,Male,CSE,3,Data Structures,80.4,10,25,53,88,A+
S11851,Radhika Goel,Female,CE,7,Concrete Technology,60.5,7,20,33,60,C
S11852,Suresh Pandey,Male,ME,8,Strength of Materials,87.7,6,10,52,68,C+
S11853,Rizwan Ahmed,Male,ECE,4,VLSI Design,72.9,8,23,40,71,B
S11854,Manoj Trivedi,Male,ECE,8,Communication Systems,84.9,5,11,13,29,F
S11855,Neethu Panicker,Female,ME,6,Manufacturing Technology,64.8,5,29,46,80,A
S11856,Sneha Rajendran,Female,CSE,2,Data Structures,89.0,7,25,52,84,A
S11857,Nimisha Pandey,Female,ECE,7,Microprocessors,100.0,8,28,38,74,B
S11858,Rahul Vasu,Male,CE,6,Surveying,83.8,8,24,28,60,C
S11859,Manu Das,Male,ECE,4,Signals & Systems,79.5,10,21,39,70,B
S11860,Bincy Oommen,Female,CSE,3,Computer Networks,71.3,6,19,42,67,C+
S11861,Naushad Kabir,Male,CE,4,Transportation Engineering,64.7,8,30,60,98,S
S11862,Dinesh Krishnan,Male,CE,5,Surveying,58.9,6,30,56,92,S
S11863,Sujith Agarwal,Male,ECE,5,Digital Electronics,62.3,9,16,60,85,A+
S11864,Vidya Sudhakaran,Female,CSE,1,Data Structures,74.6,8,16,47,71,B
S11865,Anitha Krishnan,Female,CSE,5,Software Engineering,85.6,7,16,60,83,A
S11866,Vidya Prasad,Female,ME,3,Manufacturing Technology,71.2,6,15,42,63,C
S11867,Fathima Baig,Female,ME,6,Thermodynamics,92.4,7,27,40,74,B
S11868,Manoj Pradeep,Male,ECE,1,VLSI Design,86.6,3,19,51,73,B
S11869,Rahul Sathyan,Male,ECE,2,Microprocessors,77.0,7,30,34,71,B
S11870,Nandakumar Mahesh,Male,CE,3,Structural Analysis,100.0,8,14,58,80,A
S11871,Amrutha Pandey,Female,CSE,2,Operating Systems,63.0,9,24,57,90,S
S11872,Lakshmi Ramesh,Female,CE,2,Geotechnical Engineering,61.9,7,30,41,78,B+
S11873,Devika Solanki,Female,ME,7,Manufacturing Technology,80.8,7,15,50,72,B
S11874,Sujith Bhatt,Male,CE,1,Transportation Engineering,81.6,9,20,40,69,C+
S11875,Renjith Manoharan,Male,CSE,3,Data Structures,67.0,5,23,53,81,A
S11876,Karthik Dinesh,Male,ECE,8,Signals & Systems,82.5,6,13,44,63,C
S11877,Sindhu Sinha,Female,CE,2,Surveying,75.0,7,28,27,62,C
S11878,Reshma Unnithan,Female,ME,1,Thermodynamics,80.2,8,15,30,53,P
S11879,Priya Achari,Female,CE,3,Surveying,71.5,9,25,41,75,B+
S11880,Aiswarya Sankar,Female,ECE,6,Communication Systems,81.9,5,23,60,88,A+
S11881,Vinod Achari,Male,CE,7,Structural Analysis,90.4,8,23,38,69,C+
S11882,Vinod Pillai,Male,ECE,8,Microprocessors,71.6,9,21,16,46,F
S11883,Neethu Gopinathan,Female,ECE,8,Digital Electronics,80.1,6,28,39,73,B
S11884,Lakshmi Sethi,Female,ECE,3,Microprocessors,77.9,8,13,49,70,B
S11885,Vishnu Dubey,Male,CE,7,Transportation Engineering,76.1,7,24,41,72,B
S11886,Unnikrishnan Pandey,Male,ECE,1,Communication Systems,79.4,8,21,44,73,B
S11887,Athulya Bakshi,Female,ME,7,Thermodynamics,77.2,6,24,40,70,B
S11888,Anoop Pisharody,Male,ME,3,Strength of Materials,88.7,4,10,39,53,P
S11889,Vishnu Ashokan,Male,CE,1,Concrete Technology,69.2,7,21,29,57,D
S11890,Pradeep Kutty,Male,ECE,3,Microprocessors,79.5,10,20,40,70,B
S11891,Reshma Rajan,Female,CE,1,Transportation Engineering,67.3,9,23,42,74,B
S11892,Adithya Iyer,Male,CE,7,Transportation Engineering,79.4,8,26,60,94,S
S11893,Vijay Thampi,Male,CSE,7,Data Structures,98.7,5,20,50,75,B+
S11894,Sujith Sathyan,Male,CSE,1,Computer Networks,59.6,8,18,32,58,D
S11895,Adithya Chauhan,Male,ME,2,Machine Design,60.3,8,14,29,51,P
S11896,Akhil Balakrishnan,Male,CSE,3,Data Structures,73.0,9,26,29,64,C
S11897,Rizwana Jaleel,Female,ME,8,Manufacturing Technology,75.7,9,19,31,59,D
S11898,Nimisha Sankar,Female,ME,1,Fluid Mechanics,80.1,10,27,39,76,B+
S11899,Vijay Sinha,Male,ECE,3,Microprocessors,91.3,5,26,45,76,B+
S11900,Jasira Sheikh,Female,ME,6,Manufacturing Technology,77.9,8,23,26,57,D
S11901,Naila Haji,Female,CSE,2,Computer Networks,82.8,7,24,44,75,B+
S11902,Sanjay Manoharan,Male,CE,8,Surveying,82.4,5,23,55,83,A
S11903,Jasmin Yasin,Female,ECE,6,Communication Systems,73.2,8,24,30,62,C
S11904,Gokul Kutty,Male,ECE,7,VLSI Design,75.2,6,24,19,49,F
S11905,Jibin Joseph,Male,CE,4,Surveying,83.5,6,26,33,65,C+
S11906,Anjali Das,Female,ECE,5,Microprocessors,91.1,9,24,60,93,S
S11907,Vinod Joshi,Male,CSE,3,Operating Systems,81.6,5,21,51,77,B+
S11908,Anitha Kunjunni,Female,ME,8,Thermodynamics,58.9,7,17,21,45,F
S11909,Manu Kutty,Male,ECE,1,VLSI Design,71.6,9,13,54,76,B+
S11910,Sneha Warrier,Female,ECE,1,VLSI Design,73.2,5,19,59,83,A
S11911,Amrutha Vallikkat,Female,ME,6,Thermodynamics,72.3,6,20,33,59,D
S11912,Unnikrishnan Rao,Male,ECE,6,VLSI Design,90.2,5,30,27,62,C
S11913,Rohan Vijayan,Male,CSE,2,Computer Networks,70.2,8,18,51,77,B+
S11914,Sindhu Narayanan,Female,ECE,3,Signals & Systems,71.8,8,30,46,84,A
S11915,Sindhu Mahesh,Female,ME,8,Manufacturing Technology,74.7,8,21,45,74,B
S11916,Suresh Iyer,Male,ME,5,Manufacturing Technology,95.0,6,29,45,80,A
S11917,Sarath Vasudevan,Male,ME,8,Machine Design,62.3,8,15,25,48,F
S11918,Sreejith Vasu,Male,ECE,2,Signals & Systems,68.5,6,18,58,82,A
S11919,Sameer Salahudheen,Male,ME,4,Manufacturing Technology,52.5,7,14,42,63,C
S11920,Nisha Vellappally,Female,ME,1,Fluid Mechanics,65.6,6,15,34,55,D
S11921,Aswathy Chandran,Female,ME,7,Thermodynamics,92.9,10,23,53,86,A+
S11922,Sameer Riyas,Male,ECE,4,VLSI Design,69.1,6,17,60,83,A
S11923,Athira Ashokan,Female,CE,6,Geotechnical Engineering,94.2,7,12,40,59,D
S11924,Faisal Aslam,Male,ME,6,Manufacturing Technology,71.5,5,22,47,74,B
S11925,Vivek Menon,Male,ECE,8,VLSI Design,58.3,7,28,47,82,A
S11926,Suresh Kartha,Male,ME,5,Machine Design,80.1,7,21,45,73,B
S11927,Priya Balan,Female,CE,6,Structural Analysis,90.9,8,22,60,90,S
S11928,Anand Iyer,Male,CE,3,Surveying,100.0,7,10,43,60,C
S11929,Aravind Namboothiri,Male,CE,1,Geotechnical Engineering,61.4,9,24,54,87,A+
S11930,Rahul Chauhan,Male,ECE,8,Digital Electronics,73.7,4,19,47,70,B
S11931,Sana Kabir,Female,ME,6,Strength of Materials,78.3,7,24,40,71,B
S11932,Sujith Panicker,Male,ME,3,Manufacturing Technology,92.3,7,15,39,61,C
S11933,Nandakumar Bansal,Male,CE,3,Transportation Engineering,63.2,9,20,35,64,C
S11934,Akhil Suresh,Male,CE,4,Surveying,74.5,5,24,34,63,C
S11935,Vineetha Das,Female,ECE,3,Microprocessors,47.3,9,14,39,62,C
S11936,Suresh Narayanan,Male,CE,2,Surveying,82.8,7,27,54,88,A+
S11937,Anoop Rajagopal,Male,CE,2,Structural Analysis,78.7,7,19,58,84,A
S11938,Anand Kapoor,Male,CE,4,Structural Analysis,78.1,9,20,47,76,B+
S11939,Imran Jaleel,Male,ECE,3,Signals & Systems,89.6,7,24,45,76,B+
S11940,Meera Sudhakaran,Female,ME,6,Strength of Materials,59.4,9,15,49,73,B
S11941,Anjali Warrier,Female,ECE,6,Digital Electronics,75.9,10,28,46,84,A
S11942,Sneha Rajagopal,Female,ECE,3,VLSI Design,85.1,7,19,52,78,B+
S11943,Manoj Krishnankutty,Male,CSE,3,Software Engineering,73.4,7,23,45,75,B+
S11944,Jithin Bakshi,Male,CE,3,Structural Analysis,91.0,5,30,47,82,A
S11945,Madhu Prakash,Male,ECE,1,Digital Electronics,56.0,7,22,14,43,F
S11946,Nimisha Warrier,Female,ECE,5,Microprocessors,54.5,7,24,41,72,B
S11947,Anagha Desai,Female,ME,8,Strength of Materials,88.8,8,15,49,72,B
S11948,Sreelakshmi Agarwal,Female,CSE,6,Operating Systems,83.3,7,26,30,63,C
S11949,Vineetha Prakash,Female,ME,8,Manufacturing Technology,63.1,10,30,41,81,A
S11950,Shameer Anwar,Male,ECE,6,Digital Electronics,66.1,9,14,47,70,B
S11951,Vineetha Mohan,Female,ME,2,Manufacturing Technology,82.1,4,25,48,77,B+
S11952,Shamna Kabir,Female,ME,3,Thermodynamics,81.1,7,16,36,59,D
S11953,Manu Marar,Male,CSE,2,Computer Networks,89.5,7,22,53,82,A
S11954,Arjun Iyer,Male,ME,5,Machine Design,75.4,9,26,38,73,B
S11955,Greeshma Pisharody,Female,CSE,8,Software Engineering,61.6,6,28,41,75,B+
S11956,Nandakumar Srivastava,Male,ME,2,Manufacturing Technology,62.4,8,30,29,67,C+
S11957,Devika Achari,Female,ME,7,Fluid Mechanics,88.3,6,30,22,58,D
S11958,Manu Pillai,Male,CSE,8,Software Engineering,90.9,8,26,29,63,C
S11959,Arjun Venugopal,Male,CE,1,Surveying,78.8,5,16,32,53,P
S11960,Anand Madhavan,Male,ECE,4,Signals & Systems,57.9,6,25,44,75,B+
S11961,Vineetha Bhalla,Female,ECE,1,Signals & Systems,66.5,9,25,45,79,B+
S11962,Dinesh Gopalan,Male,CSE,1,Data Structures,88.2,8,18,57,83,A
S11963,Rahul Prasad,Male,ECE,4,Signals & Systems,81.0,10,21,47,78,B+
S11964,Manu Dinesh,Male,CSE,7,Data Structures,95.2,8,26,54,88,A+
S11965,Parvathy Thampuran,Female,ME,5,Fluid Mechanics,73.9,10,22,38,70,B
S11966,Rukhsar Aziz,Female,ME,2,Thermodynamics,53.4,7,30,47,84,A
S11967,Ajay Bhalla,Male,CSE,5,Big Data Processing,67.2,7,25,36,68,C+
S11968,Deepthi Chandra,Female,ME,5,Fluid Mechanics,69.7,8,24,60,92,S
S11969,Biju Joshi,Male,ME,3,Thermodynamics,86.2,4,30,36,70,B
S11970,Vineetha Nair,Female,ECE,4,Microprocessors,87.1,4,23,32,59,D
S11971,Aparna Balan,Female,CSE,7,Software Engineering,79.4,6,12,37,55,D
S11972,Aparna Vasudevan,Female,ECE,8,VLSI Design,100.0,10,22,47,79,B+
S11973,Reshma Raman,Female,CSE,4,DBMS,77.4,8,30,18,56,D
S11974,Nandana Kunjunni,Female,CE,6,Concrete Technology,56.3,8,16,34,58,D
S11975,Suresh Rao,Male,ECE,5,Signals & Systems,75.9,7,23,47,77,B+
S11976,Vinod Ramakrishnan,Male,ME,3,Fluid Mechanics,73.0,8,27,39,74,B
S11977,Sruthi Padmanabhan,Female,ME,7,Thermodynamics,75.7,7,19,52,78,B+
S11978,Priya Sharma,Female,CSE,3,Software Engineering,81.7,6,13,60,79,B+
S11979,Aiswarya Sreekumar,Female,CSE,5,Operating Systems,41.9,5,22,30,57,D
S11980,Sujith Narayanan,Male,ECE,7,Digital Electronics,89.1,4,25,27,56,D
S11981,Sanjay Chandra,Male,ME,7,Strength of Materials,76.6,5,30,55,90,S
S11982,Jaseem Pathan,Male,ECE,2,VLSI Design,58.7,6,21,7,34,F
S11983,Aparna Khurana,Female,ECE,5,Microprocessors,68.6,10,15,41,66,C+
S11984,Remya Kunjunni,Female,ME,7,Strength of Materials,70.7,7,21,40,68,C+
S11985,Prasanth Prasad,Male,ECE,7,Digital Electronics,79.8,5,13,51,69,C+
S11986,Jithin Madhavan,Male,ECE,4,Microprocessors,72.3,7,23,37,67,C+
S11987,Jaseem Muneer,Male,ME,1,Fluid Mechanics,94.0,8,29,35,72,B
S11988,Anu Vasudevan,Female,ECE,7,VLSI Design,66.7,9,25,43,77,B+
S11989,Bindu Panicker,Female,CE,1,Structural Analysis,73.8,9,24,53,86,A+
S11990,Sruthi Kapoor,Female,ME,4,Fluid Mechanics,62.7,10,27,41,78,B+
S11991,Neethu Sreekumar,Female,CE,3,Transportation Engineering,89.9,7,21,44,72,B
S11992,Aswathy Namboothiri,Female,CE,6,Surveying,67.6,5,20,39,64,C
S11993,Karthik Raj,Male,ECE,6,Microprocessors,64.6,8,28,58,94,S
S11994,Lincy Thomas,Female,CSE,5,Big Data Processing,74.2,8,13,47,68,C+
S11995,Deepthi Raghavan,Female,ECE,4,VLSI Design,83.0,6,23,24,53,P
S11996,Sanjay Trivedi,Male,CSE,2,Big Data Processing,84.1,8,25,33,66,C+
S11997,Sanjay Sreekumar,Male,ME,5,Fluid Mechanics,94.1,8,25,50,83,A
S11998,Pradeep Govindan,Male,CE,1,Concrete Technology,77.8,7,19,34,60,C
S11999,Nandakumar Chopra,Male,CE,5,Transportation Engineering,70.9,8,12,53,73,B
S12000,Balachandran Das,Male,CSE,2,Data Structures,70.6,9,25,51,85,A+
S12001,Arjun Sethi,Male,ME,3,Fluid Mechanics,55.7,8,13,13,34,F
S12002,Shamna Zaheer,Female,CE,1,Concrete Technology,80.4,6,24,40,70,B
S12003,Meera Madhavan,Female,CSE,5,DBMS,84.4,7,21,41,69,C+
S12004,Priya Bhatt,Female,ME,4,Manufacturing Technology,81.4,4,30,35,69,C+
S12005,Reshma Dinesh,Female,ME,7,Machine Design,81.9,9,30,39,78,B+
S12006,Biju Balakrishnan,Male,ME,4,Thermodynamics,61.3,6,21,40,67,C+
S12007,Karthik Narayanan,Male,CSE,1,DBMS,79.3,8,20,24,52,P
S12008,Anu Krishnankutty,Female,CE,5,Transportation Engineering,62.2,8,19,60,87,A+
S12009,Nazia Shukoor,Female,CSE,7,Software Engineering,89.9,6,30,59,95,S
S12010,Sanjay Balan,Male,ECE,8,Signals & Systems,79.5,4,17,50,71,B
S12011,Jithin Vijayan,Male,CSE,6,Computer Networks,56.9,10,29,35,74,B
S12012,Vinod Sankar,Male,CE,6,Transportation Engineering,95.7,7,25,28,60,C
S12013,Soumya Panicker,Female,CE,2,Concrete Technology,87.6,8,27,39,74,B
S12014,Sowmya Sankar,Female,CSE,4,Data Structures,91.3,6,21,46,73,B
S12015,Sreelakshmi Madhavan,Female,CE,5,Concrete Technology,59.4,9,17,24,50,P
S12016,Meera Agrawal,Female,CSE,3,Software Engineering,64.4,5,21,37,63,C
S12017,Amrutha Srivastava,Female,CSE,8,Operating Systems,87.9,8,22,25,55,D
S12018,Karthik Kohli,Male,ECE,4,Microprocessors,72.4,7,23,28,58,D
S12019,Nandana Chauhan,Female,CSE,8,DBMS,89.5,9,22,32,63,C
S12020,Biju Raghavan,Male,CSE,5,Software Engineering,84.7,5,29,41,75,B+
S12021,Nandana Padmanabhan,Female,ECE,4,VLSI Design,81.4,7,13,56,76,B+
S12022,Nikhil Kaimal,Male,ME,2,Thermodynamics,75.2,9,15,24,48,F
S12023,Bindu Shukla,Female,ME,3,Thermodynamics,100.0,9,19,42,70,B
S12024,Anagha Vallikkat,Female,CSE,6,Computer Networks,87.1,10,30,53,93,S
S12025,Rahul Pradeep,Male,ECE,5,VLSI Design,73.9,6,18,43,67,C+
S12026,Anagha Rajagopal,Female,CSE,3,DBMS,73.1,6,20,54,80,A
S12027,Swathi Pillai,Female,ECE,8,Signals & Systems,69.5,8,24,26,58,D
S12028,Akhil Krishnankutty,Male,CSE,6,Big Data Processing,84.4,7,19,45,71,B
S12029,Shilpa Vallikkat,Female,ME,4,Strength of Materials,83.0,6,22,35,63,C
S12030,Neenu Puthussery,Female,ME,5,Machine Design,60.6,6,16,33,55,D
S12031,Vishnu Kumar,Male,CE,3,Concrete Technology,75.7,6,15,48,69,C+
S12032,Meera Kutty,Female,CE,5,Concrete Technology,69.1,7,27,53,87,A+
S12033,Balachandran Thampi,Male,CSE,8,Operating Systems,97.7,8,30,32,70,B
S12034,Vidya Saxena,Female,ECE,2,Communication Systems,90.1,9,27,44,80,A
S12035,Parvathy Venugopal,Female,ME,2,Machine Design,64.1,8,17,49,74,B
S12036,Sneha Karthikeyan,Female,ECE,7,Communication Systems,71.0,6,27,48,81,A
S12037,Gayathri Nair,Female,CSE,2,DBMS,75.5,5,19,58,82,A
S12038,Sruthi Raghavan,Female,ECE,8,VLSI Design,91.8,6,16,49,71,B
S12039,Ajay Prasad,Male,CSE,4,Data Structures,83.9,9,30,41,80,A
S12040,Athira Menon,Female,CSE,4,Software Engineering,59.7,6,26,37,69,C+
S12041,Vivek Warrier,Male,CSE,6,DBMS,90.2,9,18,29,56,D
S12042,Pradeep Mishra,Male,CSE,8,Computer Networks,53.5,7,18,29,54,P
S12043,Vignesh Kutty,Male,ME,8,Thermodynamics,63.5,8,28,21,57,D
S12044,Anu Chandrasekharan,Female,CSE,3,Software Engineering,78.1,9,22,60,91,S
S12045,Ramesh Ramesh,Male,ME,7,Thermodynamics,73.3,10,17,50,77,B+
S12046,Gokul Chauhan,Male,CE,4,Surveying,89.6,6,16,45,67,C+
S12047,Anjali Thampuran,Female,ECE,4,Signals & Systems,63.9,7,15,35,57,D
S12048,Anu Pradeep,Female,CSE,5,Big Data Processing,87.8,8,18,38,64,C
S12049,Karthik Das,Male,ECE,8,Signals & Systems,82.8,10,21,51,82,A
S12050,Deepthi Agarwal,Female,ME,1,Fluid Mechanics,86.7,10,22,36,68,C+
S12051,Anagha Arora,Female,ECE,5,VLSI Design,63.0,6,11,36,53,P
S12052,Vidya Jayan,Female,CE,6,Geotechnical Engineering,72.7,7,21,31,59,D
S12053,Vinod Anandan,Male,ECE,2,Digital Electronics,69.1,6,25,46,77,B+
S12054,Arjun Menon,Male,CE,5,Geotechnical Engineering,80.0,5,23,28,56,D
S12055,Sarath Balan,Male,ECE,6,VLSI Design,87.6,8,23,23,54,P
S12056,Remya Solanki,Female,CSE,3,DBMS,86.5,7,15,44,66,C+
S12057,Nithya Mishra,Female,CSE,1,Big Data Processing,68.4,8,24,34,66,C+
S12058,Nimisha Raghavan,Female,CSE,7,Data Structures,94.4,9,21,32,62,C
S12059,Pradeep Thampuran,Male,ME,4,Machine Design,81.6,8,23,60,91,S
S12060,Resmi Mishra,Female,ME,8,Fluid Mechanics,64.1,6,21,25,52,P
S12061,Anand Kohli,Male,ME,7,Fluid Mechanics,81.1,7,10,34,51,P
S12062,Vivek Mohan,Male,CE,2,Structural Analysis,63.4,7,14,35,56,D
S12063,Karthik Verma,Male,CE,1,Structural Analysis,51.2,7,10,54,71,B
S12064,Vineetha Gopalan,Female,CSE,2,Data Structures,60.8,7,26,48,81,A
S12065,Vidya Kaimal,Female,CSE,2,Data Structures,89.9,8,24,60,92,S
S12066,Ramesh Unnithan,Male,ECE,7,VLSI Design,77.8,8,22,52,82,A
S12067,Rizwana Mansoor,Female,ECE,1,Microprocessors,65.3,6,20,43,69,C+
S12068,Biju Nambiar,Male,ME,6,Machine Design,72.3,7,23,43,73,B
S12069,Sindhu Arora,Female,CSE,8,Operating Systems,87.2,5,30,31,66,C+
S12070,Manu Shukla,Male,CSE,2,Computer Networks,62.7,8,24,48,80,A
S12071,Priya Anandan,Female,CSE,5,Operating Systems,61.8,7,11,60,78,B+
S12072,Sreekumar Pradeep,Male,CE,2,Geotechnical Engineering,87.5,7,21,34,62,C
S12073,Sanjay Verma,Male,ME,3,Strength of Materials,73.6,6,30,58,94,S
S12074,Sudheesh Verma,Male,ME,7,Strength of Materials,66.3,8,30,31,69,C+
S12075,Balachandran Srivastava,Male,CE,3,Concrete Technology,86.2,7,19,32,58,D
S12076,Unnikrishnan Karthikeyan,Male,CSE,6,Big Data Processing,93.3,4,18,44,66,C+
S12077,Rajesh Bakshi,Male,ECE,3,Communication Systems,75.2,5,23,41,69,C+
S12078,Naveen Sasidharan,Male,CSE,2,Operating Systems,87.5,7,27,38,72,B
S12079,Shahana Habeeb,Female,ECE,1,Microprocessors,75.3,8,14,37,59,D
S12080,Vignesh Varma,Male,ECE,6,VLSI Design,80.3,8,24,53,85,A+
S12081,Deepak Ramesh,Male,ECE,6,Communication Systems,77.4,10,17,44,71,B
S12082,Vishnu Rajagopal,Male,CSE,6,DBMS,55.0,8,17,31,56,D
S12083,Reshma Srivastava,Female,CE,1,Concrete Technology,90.2,7,19,35,61,C
S12084,Sreejith Bakshi,Male,CSE,5,Computer Networks,92.8,6,30,40,76,B+
S12085,Meera Bansal,Female,ECE,5,VLSI Design,53.1,7,30,28,65,C+
S12086,Irfan Khan,Male,ECE,8,Digital Electronics,73.7,8,18,33,59,D
S12087,Vishnu Bhardwaj,Male,ME,7,Machine Design,82.5,5,17,48,70,B
S12088,Biju Chauhan,Male,CE,2,Geotechnical Engineering,77.9,6,27,45,78,B+
S12089,Pradeep Karthikeyan,Male,CSE,1,Operating Systems,82.9,6,23,35,64,C
S12090,Aparna Govindan,Female,ECE,8,VLSI Design,73.2,9,22,44,75,B+
S12091,Remya Chandrasekharan,Female,ME,8,Manufacturing Technology,68.0,10,21,48,79,B+
S12092,Vignesh Krishnan,Male,CE,1,Transportation Engineering,87.4,8,30,47,85,A+
S12093,Akhil Prakash,Male,CE,2,Structural Analysis,80.8,8,19,39,66,C+
S12094,Anitha Manoharan,Female,CSE,1,Software Engineering,88.4,6,21,41,68,C+
S12095,Naushad Haneef,Male,CE,2,Transportation Engineering,95.7,8,23,40,71,B
S12096,Sreelakshmi Joshi,Female,CSE,2,Software Engineering,78.2,9,25,44,78,B+
S12097,Sindhu Bhardwaj,Female,CSE,7,DBMS,93.7,9,27,47,83,A
S12098,Remya Kartha,Female,CE,6,Transportation Engineering,91.4,6,16,38,60,C
S12099,Dinesh Rajagopal,Male,CSE,4,Computer Networks,79.1,5,27,32,64,C
S12100,Resmi Solanki,Female,CE,5,Surveying,93.5,9,15,44,68,C+
S12101,Anas Ismail,Male,ECE,5,Microprocessors,85.4,6,25,43,74,B
S12102,Divya Anilkumar,Female,CSE,2,Operating Systems,83.0,8,18,44,70,B
S12103,Nandana Sathyan,Female,ECE,6,Signals & Systems,85.5,6,20,46,72,B
S12104,Nazia Karim,Female,CE,3,Structural Analysis,92.1,8,28,37,73,B
S12105,Amrutha Mahesh,Female,ME,5,Machine Design,81.0,6,22,32,60,C
S12106,Anoop Sreekumar,Male,ME,8,Strength of Materials,70.3,8,27,50,85,A+
S12107,Neethu Manoharan,Female,ME,4,Machine Design,68.6,3,20,40,63,C
S12108,Deepak Mohan,Male,ME,2,Fluid Mechanics,93.9,4,23,39,66,C+
S12109,Aiswarya Panicker,Female,ME,5,Machine Design,69.6,5,23,58,86,A+
S12110,Suresh Choudhary,Male,ME,6,Machine Design,55.5,7,20,51,78,B+
S12111,Renjith Prasad,Male,CE,6,Transportation Engineering,70.1,5,24,49,78,B+
S12112,Parvathy Saxena,Female,ME,6,Thermodynamics,46.8,8,30,60,98,S
S12113,Nithya Dubey,Female,CE,1,Concrete Technology,63.9,8,27,60,95,S
S12114,Fathima Sayyed,Female,CE,6,Transportation Engineering,100.0,6,26,43,75,B+
S12115,Gokul Marar,Male,CSE,2,Computer Networks,83.9,7,16,41,64,C
S12116,Vidya Gopalan,Female,ECE,3,VLSI Design,85.9,7,16,52,75,B+
S12117,Jyothsna Bhatt,Female,ECE,1,Signals & Systems,94.2,10,30,33,73,B
S12118,Sowmya Namboodiripad,Female,CE,5,Transportation Engineering,66.1,6,27,31,64,C
S12119,Aiswarya Sreedharan,Female,ECE,8,Communication Systems,80.0,5,21,46,72,B
S12120,Meera Marar,Female,CSE,2,Data Structures,80.4,6,21,22,49,F
S12121,Shameer Nadeem,Male,ME,4,Thermodynamics,61.4,7,14,41,62,C
S12122,Sreejith Mohan,Male,ECE,3,Digital Electronics,95.3,8,18,51,77,B+
S12123,Manoj Sankar,Male,ME,4,Manufacturing Technology,74.3,5,20,21,46,F
S12124,Sneha Madhavan,Female,ECE,8,Signals & Systems,95.7,9,16,44,69,C+
S12125,Sarath Khurana,Male,ME,7,Fluid Mechanics,80.7,4,30,52,86,A+
S12126,Nimisha Iyer,Female,CSE,7,Operating Systems,100.0,4,13,38,55,D
S12127,Jyothsna Pillai,Female,ME,1,Manufacturing Technology,92.9,7,22,33,62,C
S12128,Sreelakshmi Vinod,Female,CSE,4,DBMS,66.7,5,17,40,62,C
S12129,Haritha Bhaskaran,Female,ECE,4,Signals & Systems,88.9,6,16,50,72,B
S12130,Justin George,Male,ECE,5,Digital Electronics,100.0,6,22,34,62,C
S12131,Anjali Vinod,Female,CE,3,Geotechnical Engineering,67.9,10,22,50,82,A
S12132,Sneha Pillai,Female,ME,6,Machine Design,99.0,8,20,37,65,C+
S12133,Athira Unni,Female,CE,5,Geotechnical Engineering,61.9,7,18,44,69,C+
S12134,Gokul Vasudevan,Male,ME,5,Machine Design,100.0,8,16,46,70,B
S12135,Priya Neelakandan,Female,CSE,7,Data Structures,85.0,7,19,36,62,C
S12136,Resmi Poduval,Female,ECE,4,Communication Systems,68.6,8,16,60,84,A
S12137,Vishnu Chowdhury,Male,CSE,4,Operating Systems,55.8,8,20,52,80,A
S12138,Arjun Mahesh,Male,ME,2,Manufacturing Technology,55.2,9,25,33,67,C+
S12139,Renjith Verma,Male,CSE,7,Operating Systems,87.5,7,18,40,65,C+
S12140,Prasanth Namboodiripad,Male,CSE,2,Software Engineering,94.2,7,16,30,53,P
S12141,Divya Sethi,Female,ECE,4,Digital Electronics,85.1,8,30,29,67,C+
S12142,Athira Namboothiri,Female,ME,5,Manufacturing Technology,83.4,8,23,45,76,B+
S12143,Rohan Ramesh,Male,ME,6,Strength of Materials,73.8,5,29,60,94,S
S12144,Parvathy Manoharan,Female,CE,5,Transportation Engineering,96.7,9,23,45,77,B+
S12145,Haritha Thampuran,Female,CE,6,Surveying,98.1,9,24,49,82,A
S12146,Meera Chandran,Female,CE,7,Surveying,65.9,8,14,54,76,B+
S12147,Vignesh Chowdhury,Male,ECE,7,VLSI Design,78.2,7,24,51,82,A
S12148,Tom Ninan,Male,ME,1,Thermodynamics,76.6,7,17,42,66,C+
S12149,Imran Nadeem,Male,ECE,6,Signals & Systems,86.4,8,22,60,90,S
S12150,Sujith Rao,Male,CE,6,Transportation Engineering,82.9,9,22,29,60,C
S12151,Sreelakshmi Nambiar,Female,CE,2,Structural Analysis,79.5,8,19,41,68,C+
S12152,Gayathri Sivan,Female,ECE,4,Communication Systems,73.1,7,24,41,72,B
S12153,Suhana Pathan,Female,CE,8,Structural Analysis,100.0,10,17,53,80,A
S12154,Rahul Kumar,Male,ECE,4,VLSI Design,73.9,8,24,52,84,A
S12155,Sreelakshmi Kartha,Female,CSE,8,Computer Networks,80.6,6,9,33,48,F
S12156,Suresh Chandran,Male,CE,7,Structural Analysis,69.6,7,19,30,56,D
S12157,Sreejith Bhattathiri,Male,CE,6,Concrete Technology,58.3,7,19,36,62,C
S12158,Sruthi Neelakandan,Female,ME,7,Manufacturing Technology,88.1,6,30,42,78,B+
S12159,Devika Bansal,Female,CE,3,Surveying,91.8,7,25,60,92,S
S12160,Aravind Menon,Male,CSE,8,DBMS,80.1,4,17,54,75,B+
S12161,Naveen Namputhiri,Male,ECE,6,VLSI Design,84.4,6,17,41,64,C
S12162,Reshma Sathyan,Female,CSE,5,Big Data Processing,82.6,7,25,36,68,C+
S12163,Pradeep Vallikkat,Male,ECE,5,Microprocessors,72.2,7,23,40,70,B
S12164,Anagha Vijayan,Female,CE,4,Concrete Technology,75.5,8,18,43,69,C+
S12165,Gayathri Namboothiri,Female,ECE,8,Communication Systems,84.9,6,19,42,67,C+
S12166,Vinod Madhavan,Male,CE,5,Surveying,62.8,10,23,30,63,C
S12167,Nandana Raman,Female,CSE,4,Operating Systems,96.7,8,16,57,81,A
S12168,Nisha Pallivathukal,Female,CSE,2,DBMS,79.9,6,21,36,63,C
S12169,Bindu Rajagopal,Female,CE,7,Transportation Engineering,92.7,9,13,50,72,B
S12170,Sarath Sharma,Male,CE,7,Surveying,87.2,9,18,49,76,B+
S12171,Athira Raman,Female,ME,7,Strength of Materials,71.3,10,21,52,83,A
S12172,Manu Ramakrishnan,Male,CSE,1,Data Structures,57.9,6,23,49,78,B+
S12173,Rukhsar Rafeeq,Female,ECE,8,Signals & Systems,67.4,8,20,52,80,A
S12174,Rahul Rathore,Male,ME,8,Fluid Mechanics,69.9,9,23,42,74,B
S12175,Balachandran Neelakandan,Male,CE,4,Concrete Technology,51.3,6,23,48,77,B+
S12176,Nimisha Anilkumar,Female,CE,3,Transportation Engineering,77.7,9,22,38,69,C+
S12177,Jerry Thottathil,Male,ECE,4,Microprocessors,84.4,5,22,38,65,C+
S12178,Nandakumar Ramesh,Male,ECE,5,VLSI Design,100.0,7,27,50,84,A
S12179,Nithya Iyer,Female,ECE,7,VLSI Design,61.4,6,30,51,87,A+
S12180,Nimisha Vasu,Female,ECE,4,Microprocessors,67.7,9,28,27,64,C
S12181,Amrutha Vinod,Female,ECE,4,Microprocessors,65.3,7,11,54,72,B
S12182,Prasanth Arora,Male,ECE,8,Signals & Systems,89.6,8,28,60,96,S
S12183,Anand Saxena,Male,ECE,8,Digital Electronics,70.1,8,28,36,72,B
S12184,Shefeek Zaheer,Male,ME,2,Thermodynamics,80.3,6,24,44,74,B
S12185,Parvathy Ramesh,Female,ECE,8,Digital Electronics,81.8,5,15,25,45,F
S12186,Madhu Chopra,Male,CE,8,Surveying,77.2,8,13,42,63,C
S12187,Vivek Yadav,Male,CSE,2,Data Structures,87.9,5,13,37,55,D
S12188,Deepak Tiwari,Male,CE,1,Geotechnical Engineering,82.2,9,20,37,66,C+
S12189,Rafi Kunhi,Male,CSE,5,Software Engineering,88.6,8,22,39,69,C+
S12190,Gokul Menon,Male,CSE,2,Operating Systems,64.9,6,12,24,42,F
S12191,Jithin Neelakandan,Male,ME,4,Strength of Materials,100.0,8,25,40,73,B
S12192,Sruthi Arora,Female,CE,1,Geotechnical Engineering,68.8,9,21,49,79,B+
S12193,Rizwan Zaheer,Male,CSE,5,Data Structures,95.3,6,20,41,67,C+
S12194,Sowmya Venugopal,Female,CSE,5,DBMS,68.0,10,24,23,57,D
S12195,Gokul Sreedharan,Male,CSE,1,Data Structures,72.6,7,14,38,59,D
S12196,Vinod Varma,Male,CSE,2,Software Engineering,97.4,5,29,29,63,C
S12197,Nandakumar Pandey,Male,CE,7,Structural Analysis,70.5,8,14,40,62,C
S12198,Devika Arora,Female,CSE,2,Software Engineering,58.4,9,29,41,79,B+
S12199,Reshma Rao,Female,CE,4,Concrete Technology,78.3,7,25,53,85,A+
S12200,Athulya Vasu,Female,ME,3,Machine Design,82.1,7,21,47,75,B+
S12201,Madhu Sasidharan,Male,ECE,2,Communication Systems,88.4,7,25,52,84,A
S12202,Farha Sirajudheen,Female,CSE,5,Software Engineering,78.5,5,25,20,50,P
S12203,Anitha Achari,Female,CE,4,Surveying,69.3,7,21,38,66,C+
S12204,Athira Anandan,Female,ME,2,Manufacturing Technology,71.8,9,15,35,59,D
S12205,Priya Mishra,Female,ME,7,Machine Design,74.9,6,25,54,85,A+
S12206,Vishnu Sinha,Male,ME,3,Strength of Materials,81.2,8,23,54,85,A+
S12207,Divya Desai,Female,ECE,6,Digital Electronics,70.9,5,15,55,75,B+
S12208,Ramesh Ashokan,Male,ME,5,Strength of Materials,78.7,6,30,56,92,S
S12209,Sarath Warrier,Male,CSE,3,Big Data Processing,71.8,5,21,47,73,B
S12210,Suresh Sreedharan,Male,CE,3,Geotechnical Engineering,74.8,6,29,27,62,C
S12211,Sudheesh Kohli,Male,ECE,4,Microprocessors,72.7,6,14,18,38,F
S12212,Nikhil Namboothiri,Male,CSE,4,Software Engineering,73.7,5,22,57,84,A
S12213,Sarath Prakash,Male,ME,4,Strength of Materials,87.2,9,28,49,86,A+
S12214,Jithin Namboodiripad,Male,CSE,5,Computer Networks,86.9,6,22,38,66,C+
S12215,Riya George,Female,ME,2,Manufacturing Technology,72.4,4,21,47,72,B
S12216,Manu Srivastava,Male,CSE,1,Operating Systems,48.9,8,16,40,64,C
S12217,Deepak Varma,Male,ECE,1,Communication Systems,88.7,9,25,53,87,A+
S12218,Pradeep Prasad,Male,ECE,8,Communication Systems,63.3,9,18,37,64,C
S12219,Aravind Rao,Male,ECE,7,Signals & Systems,96.7,10,22,45,77,B+
S12220,Gokul Bansal,Male,CSE,6,Computer Networks,85.1,7,22,26,55,D
S12221,Rohan Vallikkat,Male,CSE,6,Software Engineering,96.3,8,6,45,59,D
S12222,Aravind Bhalla,Male,CE,8,Concrete Technology,78.7,8,16,49,73,B
S12223,Divya Kumar,Female,ME,1,Machine Design,64.6,10,19,54,83,A
S12224,Anagha Unni,Female,ECE,3,VLSI Design,67.1,3,30,40,73,B
S12225,Aswathy Kapoor,Female,CSE,5,DBMS,73.9,7,25,37,69,C+
S12226,Rafeeqa Kunhi,Female,CSE,7,Data Structures,59.3,10,21,42,73,B
S12227,Nandana Bhardwaj,Female,ME,5,Fluid Mechanics,89.5,7,23,42,72,B
S12228,Vignesh Mishra,Male,CSE,8,Operating Systems,71.9,5,29,60,94,S
S12229,Vineetha Tiwari,Female,ME,7,Strength of Materials,100.0,8,15,12,35,F
S12230,Bindu Neelakandan,Female,CE,4,Concrete Technology,57.5,8,22,51,81,A
S12231,Athulya Karthikeyan,Female,CE,1,Structural Analysis,80.1,10,16,47,73,B
S12232,Adithya Vasudevan,Male,CE,7,Surveying,91.8,6,23,46,75,B+
S12233,Meera Sreedharan,Female,ECE,4,VLSI Design,69.9,7,26,44,77,B+
S12234,Aparna Rajagopal,Female,ME,6,Manufacturing Technology,70.9,9,21,59,89,A+
S12235,Athira Kumar,Female,CE,4,Surveying,71.9,9,19,54,82,A
S12236,Vijay Anilkumar,Male,CSE,5,Data Structures,90.0,6,18,46,70,B
S12237,Anand Namputhiri,Male,CSE,6,Computer Networks,83.2,8,22,48,78,B+
S12238,Anu Namboothiri,Female,CE,4,Structural Analysis,91.1,8,12,44,64,C
S12239,Unnikrishnan Chauhan,Male,ME,3,Fluid Mechanics,85.3,6,21,42,69,C+
S12240,Rajesh Venugopal,Male,ECE,2,Microprocessors,85.5,5,17,54,76,B+
S12241,Rency Dsouza,Female,ECE,2,Signals & Systems,79.7,9,23,50,82,A
S12242,Sruthi Chandran,Female,ECE,6,Microprocessors,86.2,6,19,41,66,C+
S12243,Greeshma Bhaskaran,Female,ME,8,Strength of Materials,82.7,9,28,37,74,B
S12244,Vivek Sreekumar,Male,ME,7,Thermodynamics,60.0,7,20,34,61,C
S12245,Deepak Pradeep,Male,CE,6,Concrete Technology,69.7,6,19,23,48,F
S12246,Akhil Kartha,Male,CSE,1,Computer Networks,68.4,8,22,40,70,B
S12247,Binoy Chundevalel,Male,ECE,5,Digital Electronics,77.0,7,13,59,79,B+
S12248,Sanjay Gopalan,Male,CE,7,Concrete Technology,69.9,8,24,50,82,A
S12249,Haritha Solanki,Female,ECE,8,Digital Electronics,83.0,6,18,51,75,B+
S12250,Aiswarya Ramesh,Female,CSE,1,Operating Systems,82.4,7,24,27,58,D
S12251,Pradeep Bhattathiri,Male,ME,5,Thermodynamics,97.5,7,15,33,55,D
S12252,Shahana Iqbal,Female,ECE,8,Microprocessors,57.0,6,12,60,78,B+
S12253,Sruthi Vijayan,Female,CE,5,Concrete Technology,75.5,8,30,40,78,B+
S12254,Bindu Bhattathiri,Female,CE,2,Structural Analysis,80.6,7,15,42,64,C
S12255,Neethu Malhotra,Female,CE,6,Geotechnical Engineering,65.1,10,24,44,78,B+
S12256,Amrutha Desai,Female,CE,7,Transportation Engineering,87.3,9,18,43,70,B
S12257,Resmi Goel,Female,ECE,5,Signals & Systems,80.1,5,23,22,50,P
S12258,Sreejith Kutty,Male,CE,1,Concrete Technology,88.4,7,24,26,57,D
S12259,Anitha Goel,Female,ECE,4,Microprocessors,86.9,6,15,57,78,B+
S12260,Deepak Nambiar,Male,CE,5,Concrete Technology,83.9,10,21,33,64,C
S12261,Adithya Kurup,Male,CE,6,Surveying,77.9,7,17,52,76,B+
S12262,Soumya Warrier,Female,ECE,3,Digital Electronics,82.3,7,19,42,68,C+
S12263,Swathi Prakash,Female,CSE,6,Computer Networks,75.2,5,18,22,45,F
S12264,Divya Sinha,Female,ME,4,Thermodynamics,77.6,10,20,50,80,A
S12265,Sneha Gopinathan,Female,ECE,3,Digital Electronics,84.8,7,23,33,63,C
S12266,Sudheesh Dubey,Male,ME,1,Manufacturing Technology,88.4,9,20,52,81,A
S12267,Swathi Warrier,Female,CSE,7,Software Engineering,88.2,10,29,45,84,A
S12268,Divya Srivastava,Female,ECE,4,VLSI Design,56.8,6,9,50,65,C+
S12269,Ayesha Kabir,Female,ECE,2,VLSI Design,91.7,7,15,60,82,A
S12270,Adithya Rao,Male,ECE,1,Digital Electronics,57.4,8,16,46,70,B
S12271,Biju Kapoor,Male,ECE,1,VLSI Design,100.0,6,16,38,60,C
S12272,Jerin Ramban,Male,CE,8,Concrete Technology,89.5,6,25,25,56,D
S12273,Soumya Pandey,Female,CSE,4,Computer Networks,75.3,7,22,37,66,C+
S12274,Manu Pandey,Male,CSE,5,Big Data Processing,100.0,4,18,34,56,D
S12275,Akhil Ashokan,Male,ME,2,Thermodynamics,68.1,7,23,38,68,C+
S12276,Jyothsna Das,Female,ME,6,Manufacturing Technology,79.6,6,19,60,85,A+
S12277,Divya Rajan,Female,CE,3,Transportation Engineering,78.9,4,30,52,86,A+
S12278,Lakshmi Padmanabhan,Female,ECE,4,VLSI Design,78.7,9,30,60,99,S
S12279,Vinod Raghavan,Male,CSE,1,Big Data Processing,69.3,8,30,30,68,C+
S12280,Rohan Kumar,Male,ECE,5,Digital Electronics,52.5,10,27,33,70,B
S12281,Naveen Vasu,Male,ME,6,Fluid Mechanics,86.6,7,23,43,73,B
S12282,Prasanth Ramesh,Male,ECE,6,VLSI Design,80.1,5,24,52,81,A
S12283,Anitha Rajagopal,Female,ECE,1,Communication Systems,75.7,7,29,46,82,A
S12284,Shilpa Govindan,Female,ME,2,Strength of Materials,78.7,7,25,45,77,B+
S12285,Anand Karthikeyan,Male,CE,2,Surveying,81.4,7,22,34,63,C
S12286,Naila Haneef,Female,CSE,5,Big Data Processing,65.1,8,26,27,61,C
S12287,Dinesh Vijayan,Male,ECE,4,Communication Systems,88.9,9,19,49,77,B+
S12288,Bindu Mahesh,Female,CSE,3,Data Structures,100.0,5,15,41,61,C
S12289,Anoop Krishnan,Male,CE,1,Concrete Technology,68.6,6,23,48,77,B+
S12290,Rajesh Mishra,Male,ME,2,Machine Design,79.1,8,28,37,73,B
S12291,Gayathri Bhatt,Female,CE,4,Surveying,83.2,8,17,29,54,P
S12292,Dinesh Nair,Male,CE,2,Concrete Technology,71.4,6,24,35,65,C+
S12293,Rohan Kohli,Male,CE,8,Surveying,80.8,9,11,28,48,F
S12294,Sujith Anandan,Male,CSE,4,Data Structures,81.8,6,23,36,65,C+
S12295,Radhika Tiwari,Female,CSE,8,Big Data Processing,95.3,8,21,39,68,C+
S12296,Vignesh Nair,Male,CSE,7,Big Data Processing,86.0,8,27,19,54,P
S12297,Vishnu Narayanan,Male,CSE,4,Big Data Processing,96.0,8,18,32,58,D
S12298,Rajesh Raghavan,Male,ME,4,Strength of Materials,67.5,7,14,41,62,C
S12299,Rizwan Mirza,Male,CE,1,Structural Analysis,72.4,6,28,60,94,S
S12300,Sujith Sreekumar,Male,ME,3,Fluid Mechanics,77.8,7,23,42,72,B
S12301,Naveen Agrawal,Male,ECE,7,Communication Systems,76.9,8,19,52,79,B+
S12302,Naseer Qureshi,Male,ME,2,Thermodynamics,83.1,7,25,36,68,C+
S12303,Vivek Patel,Male,ECE,7,Signals & Systems,78.4,7,28,44,79,B+
S12304,Arjun Anandan,Male,CSE,8,Operating Systems,100.0,7,21,43,71,B
S12305,Ajay Chandrasekharan,Male,ME,2,Thermodynamics,70.9,10,26,43,79,B+
S12306,Priya Arora,Female,ME,2,Machine Design,80.8,8,29,28,65,C+
S12307,Anu Arora,Female,ECE,3,Microprocessors,90.2,7,25,50,82,A
S12308,Lakshmi Pillai,Female,ME,2,Fluid Mechanics,100.0,7,19,49,75,B+
S12309,Manoj Marar,Male,CE,7,Surveying,79.9,8,29,49,86,A+
S12310,Naseer Aziz,Male,ME,1,Fluid Mechanics,81.5,9,27,29,65,C+
S12311,Ajay Rajendran,Male,ME,5,Machine Design,62.5,9,16,55,80,A
S12312,Sreejith Namboodiripad,Male,ECE,1,Microprocessors,89.2,8,20,49,77,B+
S12313,Karthik Saxena,Male,CE,8,Geotechnical Engineering,69.5,7,24,45,76,B+
S12314,Haritha Prasad,Female,CSE,7,Big Data Processing,100.0,5,23,51,79,B+
S12315,Jyothsna Sreekumar,Female,ECE,1,Microprocessors,72.8,10,30,27,67,C+
S12316,Ramesh Gupta,Male,ME,3,Thermodynamics,69.5,6,17,45,68,C+
S12317,Vidya Das,Female,ECE,2,Microprocessors,88.3,7,16,53,76,B+
S12318,Deepthi Bhardwaj,Female,CSE,1,Operating Systems,86.1,7,17,36,60,C
S12319,Sanjay Chopra,Male,ME,4,Machine Design,63.4,6,26,60,92,S
S12320,Sreejith Krishnankutty,Male,CE,3,Concrete Technology,87.3,7,24,37,68,C+
S12321,Vinod Radhakrishnan,Male,CE,6,Geotechnical Engineering,86.8,8,20,50,78,B+
S12322,Jithin Khurana,Male,CSE,5,Software Engineering,76.6,5,20,44,69,C+
S12323,Rahul Vasudevan,Male,ME,5,Strength of Materials,91.9,7,22,48,77,B+
S12324,Prasanth Mahesh,Male,ME,6,Fluid Mechanics,77.6,5,11,38,54,P
S12325,Renjith Agrawal,Male,ECE,3,Signals & Systems,93.4,8,21,32,61,C
S12326,Anu Namputhiri,Female,CE,3,Surveying,79.1,5,19,44,68,C+
S12327,Rajesh Iyer,Male,ECE,4,Microprocessors,94.9,9,22,54,85,A+
S12328,Sarath Sasidharan,Male,CSE,6,DBMS,73.9,9,20,45,74,B
S12329,Rohan Rao,Male,ME,3,Fluid Mechanics,78.6,7,12,45,64,C
S12330,Nithya Warrier,Female,CSE,3,Big Data Processing,66.9,7,17,50,74,B
S12331,Vijay Ramesh,Male,ECE,4,Communication Systems,73.8,10,20,51,81,A
S12332,Anjali Madhavan,Female,ECE,6,Digital Electronics,68.1,7,19,50,76,B+
S12333,Nikhil Bhaskaran,Male,ECE,6,Microprocessors,81.3,8,13,52,73,B
S12334,Vignesh Vinod,Male,CSE,7,DBMS,81.4,8,27,36,71,B
S12335,Rashid Aslam,Male,CSE,7,Computer Networks,81.4,8,21,50,79,B+
S12336,Sujith Sivan,Male,ECE,1,Communication Systems,89.6,8,23,42,73,B
S12337,Sindhu Marar,Female,CSE,1,DBMS,52.0,8,21,37,66,C+
S12338,Devika Raghavan,Female,ME,8,Strength of Materials,75.2,6,22,48,76,B+
S12339,Renjith Suresh,Male,CE,4,Geotechnical Engineering,71.1,6,12,36,54,P
S12340,Adithya Raghavan,Male,CSE,5,Big Data Processing,77.3,5,9,39,53,P
S12341,Sreelakshmi Sudhakaran,Female,ECE,1,VLSI Design,66.3,8,25,40,73,B
S12342,Sujith Padmanabhan,Male,CSE,7,Operating Systems,73.4,7,11,44,62,C
S12343,Greeshma Kartha,Female,ME,3,Machine Design,68.4,5,19,27,51,P
S12344,Sneha Yadav,Female,ME,8,Fluid Mechanics,61.1,9,12,29,50,P
S12345,Aiswarya Krishnankutty,Female,ME,6,Strength of Materials,65.7,9,19,35,63,C
S12346,Sindhu Rajan,Female,ME,8,Fluid Mechanics,64.7,10,17,47,74,B
S12347,Sudheesh Chandra,Male,ME,1,Thermodynamics,50.7,6,12,53,71,B
S12348,Prasanth Anilkumar,Male,CSE,3,Data Structures,82.1,5,20,38,63,C
S12349,Vijay Raman,Male,ECE,6,Communication Systems,75.1,8,28,14,50,P
S12350,Manu Naidu,Male,ME,8,Thermodynamics,63.9,9,17,48,74,B
S12351,Riyas Ilyas,Male,CSE,5,Big Data Processing,65.8,7,11,51,69,C+
S12352,Rohan Yadav,Male,ECE,4,Microprocessors,59.2,7,22,45,74,B
S12353,Sana Haneef,Female,CSE,6,Big Data Processing,63.4,7,22,48,77,B+
S12354,Naseer Yusuf,Male,CE,8,Structural Analysis,92.3,9,23,60,92,S
S12355,Naveen Patel,Male,CSE,8,Computer Networks,95.3,8,27,50,85,A+
S12356,Haritha Unni,Female,CSE,1,DBMS,87.7,7,29,42,78,B+
S12357,Shilpa Gopinathan,Female,ME,6,Thermodynamics,90.7,8,24,55,87,A+
S12358,Aravind Marar,Male,CSE,5,Operating Systems,64.3,10,20,58,88,A+
S12359,Sowmya Kutty,Female,CE,5,Geotechnical Engineering,65.8,8,17,55,80,A
S12360,Akhil Rao,Male,CE,3,Geotechnical Engineering,77.0,5,23,42,70,B
S12361,Binoy Vellappally,Male,ECE,3,Communication Systems,90.2,8,17,34,59,D
S12362,Jithin Iyer,Male,CE,5,Surveying,65.2,7,26,22,55,D
S12363,Gokul Namboothiri,Male,ECE,2,Signals & Systems,86.9,9,19,33,61,C
S12364,Arjun Dubey,Male,ECE,5,Communication Systems,88.4,7,25,52,84,A
S12365,Nikhil Kurup,Male,CE,7,Concrete Technology,93.9,8,19,44,71,B
S12366,Biju Sasidharan,Male,CSE,6,Data Structures,68.9,4,24,60,88,A+
S12367,Ajay Sharma,Male,ME,5,Thermodynamics,76.3,8,24,46,78,B+
S12368,Sreejith Namputhiri,Male,CSE,6,Data Structures,58.9,9,23,60,92,S
S12369,Nazia Ismail,Female,ME,8,Thermodynamics,94.4,4,12,60,76,B+
S12370,Anjali Panicker,Female,CE,6,Surveying,62.4,6,10,38,54,P
S12371,Rajesh Manoharan,Male,ECE,7,Digital Electronics,72.8,9,24,48,81,A
S12372,Prasanth Chandrasekharan,Male,CE,3,Surveying,83.0,9,16,45,70,B
S12373,Suhail Latif,Male,ECE,8,Signals & Systems,63.7,9,11,31,51,P
S12374,Manu Reddy,Male,CSE,2,DBMS,100.0,9,26,32,67,C+
S12375,Unnikrishnan Mishra,Male,CE,8,Concrete Technology,79.2,10,16,21,47,F
S12376,Vineetha Vasudevan,Female,ECE,7,Microprocessors,81.3,7,22,30,59,D
S12377,Reshma Raj,Female,CSE,6,Data Structures,74.8,3,29,34,66,C+
S12378,Sowmya Chandran,Female,CSE,4,Software Engineering,77.3,7,26,60,93,S
S12379,Anand Bakshi,Male,ECE,3,Microprocessors,48.3,8,13,47,68,C+
S12380,Nandana Rajagopal,Female,ME,1,Machine Design,92.1,6,26,33,65,C+
S12381,Sowmya Agarwal,Female,ECE,2,Communication Systems,90.9,10,20,43,73,B
S12382,Jithin Tiwari,Male,CSE,3,Big Data Processing,70.4,9,30,32,71,B
S12383,Sreelakshmi Chauhan,Female,ME,2,Fluid Mechanics,81.7,8,23,57,88,A+
S12384,Rohan Gopalan,Male,CSE,6,Data Structures,81.0,8,21,41,70,B
S12385,Remya Chandra,Female,ECE,8,Signals & Systems,74.1,7,24,36,67,C+
S12386,Nimisha Venugopal,Female,ME,3,Manufacturing Technology,87.1,8,30,50,88,A+
S12387,Naveen Joshi,Male,ME,3,Manufacturing Technology,87.1,7,16,46,69,C+
S12388,Soumya Patel,Female,CE,4,Geotechnical Engineering,67.0,10,23,39,72,B
S12389,Gokul Ramesh,Male,CE,5,Surveying,83.8,5,22,56,83,A
S12390,Pradeep Sathyan,Male,ME,2,Strength of Materials,69.2,6,28,47,81,A
S12391,Rohan Raghavan,Male,CE,4,Surveying,63.6,6,25,39,70,B
S12392,Vineetha Neelakandan,Female,CE,1,Geotechnical Engineering,75.1,7,22,32,61,C
S12393,Sarath Radhakrishnan,Male,CE,5,Geotechnical Engineering,72.7,6,16,30,52,P
S12394,Nimisha Bakshi,Female,ME,1,Machine Design,68.6,4,24,54,82,A
S12395,Sneha Saxena,Female,CE,4,Transportation Engineering,68.3,8,18,49,75,B+
S12396,Nazar Ashraf,Male,ECE,3,Digital Electronics,87.1,8,24,36,68,C+
S12397,Soumya Agrawal,Female,ECE,6,Signals & Systems,74.7,5,27,41,73,B
S12398,Nimisha Verma,Female,ECE,5,Communication Systems,73.5,6,19,53,78,B+
S12399,Gokul Nambiar,Male,CSE,4,Software Engineering,76.6,8,30,34,72,B
S12400,Suresh Joshi,Male,ME,6,Thermodynamics,61.4,9,20,16,45,F
S12401,Greeshma Bakshi,Female,ECE,2,Communication Systems,62.9,10,21,25,56,D
S12402,Vidya Arora,Female,CE,5,Concrete Technology,78.8,7,23,37,67,C+
S12403,Biju Bhaskaran,Male,ECE,7,Signals & Systems,75.1,7,10,39,56,D
S12404,Amrutha Unni,Female,CE,1,Structural Analysis,82.2,6,25,46,77,B+
S12405,Anagha Pradeep,Female,ECE,1,Digital Electronics,74.3,10,24,29,63,C
S12406,Rahul Ashokan,Male,CE,1,Transportation Engineering,66.8,9,19,60,88,A+
S12407,Ramesh Raj,Male,CE,2,Transportation Engineering,77.3,9,18,27,54,P
S12408,Vivek Venugopal,Male,ME,3,Manufacturing Technology,78.2,8,17,40,65,C+
S12409,Suresh Padmanabhan,Male,CSE,7,Operating Systems,90.3,8,23,30,61,C
S12410,Vijay Anandan,Male,CE,6,Structural Analysis,81.3,5,14,48,67,C+
S12411,Rajesh Jayan,Male,ME,5,Fluid Mechanics,84.2,6,20,49,75,B+
S12412,Naila Ismail,Female,CSE,5,Computer Networks,76.9,7,18,38,63,C
S12413,Lakshmi Mahesh,Female,CSE,4,Software Engineering,76.8,7,9,34,50,P
S12414,Ayesha Pookoya,Female,ECE,1,Digital Electronics,73.5,9,24,49,82,A
S12415,Meera Poduval,Female,ECE,3,Microprocessors,68.0,5,24,60,89,A+
S12416,Lakshmi Ashokan,Female,CE,1,Concrete Technology,72.0,7,19,52,78,B+
S12417,Anjali Bhalla,Female,ECE,1,VLSI Design,80.0,6,30,26,62,C
S12418,Jyothsna Venugopal,Female,ECE,6,Microprocessors,75.3,7,8,40,55,D
S12419,Resmi Yadav,Female,CE,2,Structural Analysis,68.2,8,23,42,73,B
S12420,Jaseem Jaleel,Male,CSE,1,Software Engineering,65.6,6,15,36,57,D
S12421,Jerry Panjikaran,Male,ECE,6,Microprocessors,78.9,5,14,17,36,F
S12422,Aiswarya Kumar,Female,CSE,6,Operating Systems,80.2,7,30,60,97,S
S12423,Dinesh Panicker,Male,CSE,3,DBMS,77.5,5,21,43,69,C+
S12424,Sreekumar Warrier,Male,CE,8,Structural Analysis,65.5,9,29,58,96,S
S12425,Ramesh Sethi,Male,ECE,2,Digital Electronics,77.1,6,30,47,83,A
S12426,Reshma Bhalla,Female,ME,6,Machine Design,93.4,6,16,19,41,F
S12427,Renjith Vallikkat,Male,ME,8,Machine Design,99.0,6,14,48,68,C+
S12428,Radhika Sinha,Female,CE,8,Structural Analysis,81.5,8,20,51,79,B+
S12429,Anu Vasu,Female,ECE,2,VLSI Design,73.7,8,23,40,71,B
S12430,Sujith Verma,Male,CE,1,Surveying,86.0,7,25,44,76,B+
S12431,Anoop Chauhan,Male,CSE,6,DBMS,81.3,4,23,53,80,A
S12432,Ashraf Junaid,Male,ME,7,Strength of Materials,75.9,4,21,52,77,B+
S12433,Ajay Gupta,Male,ME,5,Machine Design,83.0,7,22,42,71,B
S12434,Priya Namboodiripad,Female,CSE,1,Software Engineering,79.3,6,23,60,89,A+
S12435,Deepthi Gopinathan,Female,CE,7,Concrete Technology,77.4,8,30,33,71,B
S12436,Soumya Iyer,Female,CSE,1,Data Structures,82.6,6,18,48,72,B
S12437,Deepak Rajendran,Male,CE,3,Transportation Engineering,69.9,5,17,34,56,D
S12438,Balachandran Rathore,Male,ECE,1,Communication Systems,75.5,6,26,45,77,B+
S12439,Sudheesh Balakrishnan,Male,CSE,8,Operating Systems,80.8,7,17,46,70,B
S12440,Anas Nadeem,Male,CSE,8,Software Engineering,81.0,8,16,27,51,P
S12441,Aiswarya Dubey,Female,ECE,5,VLSI Design,61.2,9,19,43,71,B
S12442,Sudheesh Agarwal,Male,CE,2,Concrete Technology,79.7,7,26,56,89,A+
S12443,Deepthi Naidu,Female,CSE,5,Operating Systems,92.0,5,19,38,62,C
S12444,Manu Verma,Male,CSE,2,Computer Networks,64.1,7,27,32,66,C+
S12445,Akhil Neelakandan,Male,CE,1,Transportation Engineering,100.0,10,27,26,63,C
S12446,Biju Goel,Male,ME,7,Fluid Mechanics,86.1,7,28,26,61,C
S12447,Deepthi Sasidharan,Female,CSE,6,Operating Systems,94.0,8,21,41,70,B
S12448,Rohan Krishnan,Male,CSE,7,Computer Networks,82.4,5,16,56,77,B+
S12449,Anu Nambiar,Female,ECE,4,Digital Electronics,98.1,10,17,26,53,P
S12450,Rohan Das,Male,ECE,5,Communication Systems,73.7,4,30,30,64,C
S12451,Sruthi Bakshi,Female,CE,5,Surveying,87.7,9,21,39,69,C+
S12452,Sujith Warrier,Male,CSE,3,Operating Systems,77.3,7,27,27,61,C
S12453,Bindu Sasidharan,Female,ME,2,Strength of Materials,80.3,8,28,53,89,A+
S12454,Soumya Govindan,Female,ECE,3,Signals & Systems,72.3,8,15,40,63,C
S12455,Vishnu Vasudevan,Male,CE,7,Structural Analysis,60.7,9,23,39,71,B
S12456,Shahana Siddiqui,Female,ME,6,Machine Design,62.3,6,19,36,61,C
S12457,Remya Kohli,Female,CSE,3,DBMS,75.3,7,15,30,52,P
S12458,Athira Choudhary,Female,ECE,3,Communication Systems,88.8,7,27,17,51,P
S12459,Naveen Unnithan,Male,ECE,8,Signals & Systems,69.3,7,26,26,59,D
S12460,Greeshma Joshi,Female,ME,6,Manufacturing Technology,80.3,8,16,53,77,B+
S12461,Devika Rajagopal,Female,ECE,7,Microprocessors,79.2,10,25,54,89,A+
S12462,Reshma Rathore,Female,ECE,2,Signals & Systems,93.2,4,28,57,89,A+
S12463,Akhil Sudhakaran,Male,ECE,8,Microprocessors,88.0,9,22,25,56,D
S12464,Reshma Venugopal,Female,ME,4,Machine Design,66.4,5,22,33,60,C
S12465,Gokul Namputhiri,Male,ECE,4,Digital Electronics,71.7,8,24,51,83,A
S12466,Devika Sreedharan,Female,ME,2,Machine Design,68.1,6,22,42,70,B
S12467,Ajay Das,Male,CSE,8,Big Data Processing,85.7,8,17,60,85,A+
S12468,Vidya Vasudevan,Female,ME,3,Machine Design,79.9,5,21,47,73,B
S12469,Alan Abraham,Male,ME,2,Machine Design,90.5,9,23,56,88,A+
S12470,Deepthi Sankar,Female,ME,3,Strength of Materials,64.5,5,21,53,79,B+
S12471,Deepak Karthikeyan,Male,ECE,6,Digital Electronics,100.0,7,22,15,44,F
S12472,Remya Thampuran,Female,CE,5,Surveying,62.5,7,19,60,86,A+
S12473,Reshma Pradeep,Female,CSE,3,Computer Networks,71.2,6,25,50,81,A
S12474,Nimisha Unnithan,Female,CE,1,Transportation Engineering,70.2,10,25,44,79,B+
S12475,Biju Naidu,Male,CE,6,Concrete Technology,90.2,10,9,49,68,C+
S12476,Vivek Dubey,Male,CSE,3,Data Structures,75.9,8,26,32,66,C+
S12477,Aravind Bansal,Male,ME,7,Manufacturing Technology,74.8,8,18,58,84,A
S12478,Balachandran Karthikeyan,Male,CE,6,Surveying,84.3,10,10,34,54,P
S12479,Shefeek Anwar,Male,CE,5,Geotechnical Engineering,75.2,8,30,42,80,A
S12480,Bibinlal Vazhayil,Male,ME,6,Thermodynamics,75.6,8,21,58,87,A+
S12481,Gayathri Anandan,Female,ECE,8,Digital Electronics,89.1,7,25,37,69,C+
S12482,Rafi Basha,Male,ME,7,Machine Design,54.5,10,21,34,65,C+
S12483,Swathi Rao,Female,CE,2,Concrete Technology,53.8,5,21,38,64,C
S12484,Sarath Varma,Male,CE,2,Structural Analysis,87.2,5,16,26,47,F
S12485,Sruthi Rajendran,Female,ECE,8,Communication Systems,81.7,6,29,42,77,B+
S12486,Vishnu Vallikkat,Male,CE,4,Structural Analysis,80.4,6,23,38,67,C+
S12487,Haritha Vinod,Female,ECE,7,Digital Electronics,89.4,9,21,48,78,B+
S12488,Aparna Chandra,Female,ECE,8,Signals & Systems,66.2,5,18,39,62,C
S12489,Anas Rauf,Male,ECE,3,Communication Systems,66.4,5,14,54,73,B
S12490,Sreelakshmi Venugopal,Female,ECE,1,VLSI Design,89.9,8,26,56,90,S
S12491,Jithin Gopinathan,Male,ME,4,Fluid Mechanics,64.1,10,18,60,88,A+
S12492,Anagha Kartha,Female,ECE,3,Microprocessors,94.0,8,21,57,86,A+
S12493,Faisal Moideen,Male,ECE,3,Microprocessors,56.0,7,19,45,71,B
S12494,Sujith Bakshi,Male,CSE,5,DBMS,67.0,4,28,45,77,B+
S12495,Faisal Kareem,Male,ECE,7,Communication Systems,62.9,8,14,49,71,B
S12496,Sneha Khurana,Female,ME,8,Strength of Materials,57.3,8,24,60,92,S
S12497,Vijay Shukla,Male,CSE,8,Software Engineering,54.6,6,14,55,75,B+
S12498,Sreejith Iyer,Male,CSE,2,Operating Systems,87.7,8,16,35,59,D
S12499,Deepthi Pisharody,Female,CSE,8,Data Structures,78.3,8,21,35,64,C
S12500,Vineetha Marar,Female,ECE,8,Communication Systems,83.0,6,18,29,53,P
S12501,Deepthi Arora,Female,ECE,6,Communication Systems,69.8,6,17,27,50,P
S12502,Nikhil Mahesh,Male,CE,5,Transportation Engineering,68.9,9,12,46,67,C+
S12503,Rafeeqa Rahman,Female,CSE,1,DBMS,83.2,3,24,41,68,C+
S12504,Devika Nair,Female,ECE,6,Signals & Systems,77.2,6,21,55,82,A
S12505,Radhika Raman,Female,CSE,3,Operating Systems,80.9,8,22,50,80,A
S12506,Pradeep Manoharan,Male,ECE,2,Digital Electronics,59.3,5,27,39,71,B
S12507,Sreekumar Kutty,Male,ME,2,Machine Design,84.9,8,29,53,90,S
S12508,Adithya Chowdhury,Male,ECE,4,Communication Systems,75.6,4,17,46,67,C+
S12509,Akhil Sharma,Male,ME,2,Strength of Materials,92.5,7,19,46,72,B
S12510,Rafeeqa Aziz,Female,ME,7,Thermodynamics,100.0,9,24,50,83,A
S12511,Aravind Pandey,Male,CSE,4,Computer Networks,81.4,6,22,60,88,A+
S12512,Akhil Sethi,Male,ECE,7,Signals & Systems,93.2,9,22,35,66,C+
S12513,Alan Rodrigues,Male,CE,5,Concrete Technology,84.5,9,13,56,78,B+
S12514,Sindhu Dubey,Female,ME,1,Fluid Mechanics,67.6,6,24,36,66,C+
S12515,Reeba Braganza,Female,ECE,3,Microprocessors,83.2,7,29,40,76,B+
S12516,Nithya Anilkumar,Female,CSE,3,Computer Networks,64.2,5,25,46,76,B+
S12517,Madhu Pradeep,Male,ME,5,Machine Design,93.2,6,23,47,76,B+
S12518,Sreekumar Menon,Male,CE,8,Surveying,87.4,8,28,51,87,A+
S12519,Vivek Goel,Male,CSE,3,Data Structures,91.6,7,30,60,97,S
S12520,Vignesh Sasidharan,Male,ECE,2,Digital Electronics,88.8,9,22,47,78,B+
S12521,Vidya Srivastava,Female,ECE,1,Signals & Systems,71.9,8,22,42,72,B
S12522,Biju Dubey,Male,CSE,3,Big Data Processing,75.6,6,24,49,79,B+
S12523,Anagha Poduval,Female,ECE,6,Communication Systems,60.9,6,26,46,78,B+
S12524,Anu Pandey,Female,ME,8,Thermodynamics,60.4,8,30,49,87,A+
S12525,Nandakumar Krishnan,Male,ECE,6,Signals & Systems,65.5,8,23,53,84,A
S12526,Fazil Aslam,Male,CE,1,Geotechnical Engineering,72.6,7,30,48,85,A+
S12527,Vivek Vallikkat,Male,ECE,1,VLSI Design,100.0,5,14,41,60,C
S12528,Manoj Srivastava,Male,CSE,7,Operating Systems,100.0,6,26,28,60,C
S12529,Ajay Kaimal,Male,ECE,2,Signals & Systems,68.4,7,18,33,58,D
S12530,Anjali Rao,Female,CSE,7,Software Engineering,91.2,10,19,60,89,A+
S12531,Anagha Bakshi,Female,ECE,6,Microprocessors,70.2,5,18,33,56,D
S12532,Jyothsna Agarwal,Female,ME,7,Strength of Materials,81.2,7,17,30,54,P
S12533,Divya Kohli,Female,CSE,2,Big Data Processing,68.9,6,17,40,63,C
S12534,Sreejith Sathyan,Male,ME,8,Strength of Materials,95.0,8,22,46,76,B+
S12535,Renjith Arora,Male,CE,2,Structural Analysis,78.2,6,19,47,72,B
S12536,Rizwana Ismail,Female,CSE,8,Big Data Processing,86.4,5,22,48,75,B+
S12537,Nandakumar Bakshi,Male,ME,2,Fluid Mechanics,56.5,7,17,60,84,A
S12538,Vivek Pisharody,Male,CSE,5,Operating Systems,62.8,7,27,38,72,B
S12539,Shilpa Prakash,Female,ECE,8,Digital Electronics,85.3,7,30,40,77,B+
S12540,Nikhil Rao,Male,ME,7,Thermodynamics,83.1,10,24,33,67,C+
S12541,Sreejith Sreekumar,Male,ME,7,Fluid Mechanics,89.8,9,18,56,83,A
S12542,Aravind Solanki,Male,CSE,6,Big Data Processing,84.0,6,27,45,78,B+
S12543,Nandana Sharma,Female,ECE,8,VLSI Design,81.8,9,14,57,80,A
S12544,Nazar Khan,Male,CSE,6,Data Structures,93.8,4,30,45,79,B+
S12545,Neethu Yadav,Female,CSE,5,Operating Systems,87.6,9,20,34,63,C
S12546,Sudheesh Kaimal,Male,ME,7,Strength of Materials,82.5,5,26,49,80,A
S12547,Vishnu Kohli,Male,ECE,2,Microprocessors,89.1,9,21,37,67,C+
S12548,Sindhu Karthikeyan,Female,CE,7,Geotechnical Engineering,73.3,7,23,31,61,C
S12549,Resmi Achari,Female,ME,8,Manufacturing Technology,75.4,10,23,42,75,B+
S12550,Biju Dinesh,Male,ECE,8,Microprocessors,100.0,7,17,31,55,D
S12551,Sneha Chandrasekharan,Female,CSE,5,Data Structures,100.0,10,20,57,87,A+
S12552,Akhil Manoharan,Male,ME,6,Manufacturing Technology,89.2,5,22,56,83,A
S12553,Athulya Rajagopal,Female,ECE,6,Digital Electronics,71.7,5,21,38,64,C
S12554,Nandakumar Menon,Male,CE,6,Concrete Technology,57.2,5,23,37,65,C+
S12555,Parvathy Achari,Female,CSE,7,DBMS,73.8,5,22,29,56,D
S12556,Swathi Goel,Female,CE,6,Geotechnical Engineering,84.3,6,19,58,83,A
S12557,Karthik Vinod,Male,ECE,1,Microprocessors,83.7,9,18,30,57,D
S12558,Shefeek Kabir,Male,ME,1,Machine Design,69.5,6,21,39,66,C+
S12559,Gokul Jayan,Male,ECE,2,VLSI Design,68.4,8,15,53,76,B+
S12560,Sruthi Vinod,Female,CE,5,Transportation Engineering,76.8,8,30,32,70,B
S12561,Riya Panjikaran,Female,CSE,1,Data Structures,82.0,5,23,45,73,B
S12562,Suresh Nambiar,Male,ECE,1,Digital Electronics,82.6,8,27,47,82,A
S12563,Anoop Gupta,Male,ME,4,Thermodynamics,68.6,7,20,57,84,A
S12564,Vignesh Vijayan,Male,CSE,6,Data Structures,91.6,5,22,60,87,A+
S12565,Greeshma Dinesh,Female,ME,8,Thermodynamics,76.6,7,25,37,69,C+
S12566,Biju Ramakrishnan,Male,ECE,6,Signals & Systems,80.7,9,30,31,70,B
S12567,Adithya Venugopal,Male,ECE,4,Signals & Systems,74.2,8,19,45,72,B
S12568,Sreelakshmi Thampuran,Female,ECE,4,VLSI Design,80.4,5,19,35,59,D
S12569,Manoj Kurup,Male,ECE,8,Microprocessors,72.9,10,30,50,90,S
S12570,Aparna Neelakandan,Female,ME,7,Fluid Mechanics,75.8,6,22,32,60,C
S12571,Deepak Raghavan,Male,CE,7,Transportation Engineering,71.7,5,19,39,63,C
S12572,Sreejith Krishnan,Male,CE,5,Concrete Technology,93.0,8,27,51,86,A+
S12573,Aravind Pradeep,Male,ME,2,Fluid Mechanics,66.5,7,22,40,69,C+
S12574,Ajay Reddy,Male,CE,8,Transportation Engineering,77.2,9,17,48,74,B
S12575,Greeshma Padmanabhan,Female,ECE,2,Digital Electronics,75.9,7,23,58,88,A+
S12576,Devika Bhaskaran,Female,ECE,4,Microprocessors,63.9,4,30,40,74,B
S12577,Anitha Raj,Female,ECE,5,VLSI Design,69.7,6,29,30,65,C+
S12578,Naveen Sivan,Male,ECE,6,Communication Systems,99.3,7,10,41,58,D
S12579,Aiswarya Das,Female,ECE,6,Communication Systems,77.0,8,6,51,65,C+
S12580,Anand Anilkumar,Male,CSE,1,Data Structures,73.1,7,28,28,63,C
S12581,Prasanth Krishnan,Male,CE,7,Structural Analysis,81.5,10,22,32,64,C
S12582,Rajesh Bansal,Male,CSE,1,DBMS,78.1,6,17,60,83,A
S12583,Suresh Saxena,Male,CE,8,Concrete Technology,76.0,9,13,60,82,A
S12584,Prasanth Thampi,Male,CSE,3,Big Data Processing,68.1,9,21,60,90,S
S12585,Neethu Rajan,Female,CSE,3,Software Engineering,71.0,9,19,49,77,B+
S12586,Swathi Joshi,Female,CSE,8,Software Engineering,90.7,5,30,45,80,A
S12587,Nikhil Namboodiripad,Male,ECE,5,Microprocessors,57.1,9,13,47,69,C+
S12588,Biju Vasu,Male,ECE,3,VLSI Design,76.8,7,21,40,68,C+
S12589,Aswathy Warrier,Female,CE,3,Transportation Engineering,80.2,6,20,45,71,B
S12590,Jithin Sreekumar,Male,ME,3,Thermodynamics,85.9,3,26,46,75,B+
S12591,Nandakumar Bhaskaran,Male,ME,4,Fluid Mechanics,100.0,6,20,55,81,A
S12592,Amrutha Manoharan,Female,CSE,4,Computer Networks,67.8,7,16,26,49,F
S12593,Athulya Chandra,Female,ME,6,Machine Design,67.0,8,28,55,91,S
S12594,Arjun Shukla,Male,ME,3,Fluid Mechanics,100.0,8,24,53,85,A+
S12595,Anu Desai,Female,ME,8,Machine Design,80.9,6,21,52,79,B+
S12596,Sowmya Ramesh,Female,ME,5,Fluid Mechanics,75.7,7,15,45,67,C+
S12597,Sreekumar Anandan,Male,CE,3,Transportation Engineering,76.2,9,22,60,91,S
S12598,Bindu Pisharody,Female,CE,4,Geotechnical Engineering,81.3,8,21,35,64,C
S12599,Nikhil Bhardwaj,Male,ECE,1,Signals & Systems,68.6,8,27,51,86,A+
S12600,Biju Shukla,Male,ECE,6,Signals & Systems,72.7,8,16,26,50,P
S12601,Naveen Sharma,Male,ECE,4,Signals & Systems,88.9,6,25,31,62,C
S12602,Resmi Gopalan,Female,CSE,3,Operating Systems,92.7,7,14,42,63,C
S12603,Sujith Malhotra,Male,CSE,4,Computer Networks,83.2,6,22,49,77,B+
S12604,Sreejith Ramakrishnan,Male,ECE,2,Microprocessors,61.8,6,15,50,71,B
S12605,Nandana Madhavan,Female,CSE,7,DBMS,93.8,7,13,39,59,D
S12606,Nithya Prakash,Female,CSE,3,Operating Systems,79.1,7,24,36,67,C+
S12607,Vinod Saxena,Male,ME,8,Strength of Materials,76.3,9,26,25,60,C
S12608,Lakshmi Malhotra,Female,ME,7,Machine Design,64.2,8,18,52,78,B+
S12609,Suresh Raman,Male,CSE,7,Software Engineering,70.6,9,15,56,80,A
S12610,Sarath Pisharody,Male,CSE,4,Software Engineering,86.0,7,21,27,55,D
S12611,Biju Madhavan,Male,CE,1,Concrete Technology,93.2,6,19,37,62,C
S12612,Bijo Kochuveettil,Male,ME,2,Thermodynamics,89.0,6,27,26,59,D
S12613,Pradeep Joshi,Male,CSE,3,Operating Systems,65.7,7,26,47,80,A
S12614,Priya Sethi,Female,CE,3,Concrete Technology,84.8,6,30,44,80,A
S12615,Sreejith Unnithan,Male,ME,1,Fluid Mechanics,83.1,5,15,52,72,B
S12616,Jithin Marar,Male,ECE,2,Microprocessors,68.5,6,23,35,64,C
S12617,Sreejith Saxena,Male,ME,8,Manufacturing Technology,72.9,10,22,58,90,S
S12618,Sanjay Rajendran,Male,ME,1,Machine Design,80.9,5,24,38,67,C+
S12619,Biju Nair,Male,CE,4,Concrete Technology,59.7,7,22,35,64,C
S12620,Suresh Sethi,Male,CE,7,Surveying,75.6,8,21,46,75,B+
S12621,Divya Mishra,Female,CE,8,Surveying,70.7,7,14,24,45,F
S12622,Shilpa Rathore,Female,CSE,1,Software Engineering,70.9,7,19,31,57,D
S12623,Vineetha Saxena,Female,CSE,2,Operating Systems,68.6,8,8,44,60,C
S12624,Vidya Chandrasekharan,Female,ME,5,Fluid Mechanics,86.6,7,26,17,50,P
S12625,Rohan Rajan,Male,CE,5,Geotechnical Engineering,63.4,7,9,42,58,D
S12626,Gokul Choudhary,Male,CE,5,Concrete Technology,70.7,6,23,36,65,C+
S12627,Remya Gopalan,Female,CSE,2,DBMS,66.7,6,25,45,76,B+
S12628,Vinod Menon,Male,ME,5,Manufacturing Technology,72.1,6,13,39,58,D
S12629,Adithya Pillai,Male,ME,5,Fluid Mechanics,89.5,9,17,54,80,A
S12630,Athira Raghavan,Female,CE,7,Transportation Engineering,83.9,10,23,25,58,D
S12631,Manoj Agarwal,Male,CE,8,Structural Analysis,93.9,5,30,31,66,C+
S12632,Ayesha Zubair,Female,CE,7,Geotechnical Engineering,78.1,6,15,43,64,C
S12633,Naila Jabbar,Female,CE,5,Surveying,59.0,7,18,45,70,B
S12634,Biju Bhardwaj,Male,ECE,3,Digital Electronics,80.4,10,25,37,72,B
S12635,Sindhu Bhalla,Female,CSE,3,Operating Systems,78.6,6,13,31,50,P
S12636,Sreelakshmi Bhardwaj,Female,ME,1,Thermodynamics,82.2,7,13,56,76,B+
S12637,Naveen Anandan,Male,CE,8,Structural Analysis,73.5,9,30,48,87,A+
S12638,Sarath Rajagopal,Male,ME,5,Strength of Materials,76.0,7,14,35,56,D
S12639,Vijay Neelakandan,Male,ECE,8,Digital Electronics,75.1,6,17,44,67,C+
S12640,Gokul Sivan,Male,CSE,2,Software Engineering,98.6,9,23,41,73,B
S12641,Deepak Nair,Male,ME,5,Machine Design,86.2,4,26,51,81,A
S12642,Sruthi Joshi,Female,ECE,4,VLSI Design,71.5,8,19,31,58,D
S12643,Balachandran Unni,Male,ME,7,Thermodynamics,96.3,9,14,60,83,A
S12644,Adithya Patel,Male,ME,2,Strength of Materials,91.9,6,24,52,82,A
S12645,Madhu Thampi,Male,ECE,5,Signals & Systems,79.1,9,19,34,62,C
S12646,Reshma Govindan,Female,ECE,6,Signals & Systems,100.0,4,30,23,57,D
S12647,Neethu Tiwari,Female,ME,8,Fluid Mechanics,81.5,8,14,26,48,F
S12648,Devika Srivastava,Female,ECE,5,VLSI Design,61.9,7,25,60,92,S
S12649,Sreelakshmi Raman,Female,CE,5,Transportation Engineering,66.9,7,6,53,66,C+
S12650,Ajay Patel,Male,CE,4,Structural Analysis,81.8,5,30,55,90,S
S12651,Sreekumar Agarwal,Male,ME,5,Fluid Mechanics,76.6,9,12,60,81,A
S12652,Anand Padmanabhan,Male,ECE,4,VLSI Design,98.0,6,30,60,96,S
S12653,Sarath Krishnan,Male,ECE,3,Communication Systems,60.0,7,30,60,97,S
S12654,Parvathy Rajan,Female,CSE,7,Data Structures,66.8,8,16,41,65,C+
S12655,Anand Unnithan,Male,ECE,7,Signals & Systems,77.2,5,24,35,64,C
S12656,Vijay Sathyan,Male,CSE,6,Operating Systems,58.0,6,28,60,94,S
S12657,Elizabeth Kochuveettil,Female,ME,2,Machine Design,58.8,10,28,26,64,C
S12658,Anand Thampuran,Male,ECE,8,Signals & Systems,73.4,8,11,39,58,D
S12659,Athira Krishnan,Female,CSE,2,Computer Networks,61.8,7,27,26,60,C
S12660,Sujith Balan,Male,ECE,3,Communication Systems,100.0,6,23,47,76,B+
S12661,Ramesh Poduval,Male,ECE,2,Microprocessors,88.8,6,20,19,45,F
S12662,Anjali Namboothiri,Female,CE,7,Geotechnical Engineering,75.4,9,27,32,68,C+
S12663,Bindu Nambiar,Female,ME,4,Fluid Mechanics,79.4,5,15,54,74,B
S12664,Arjun Chopra,Male,ME,7,Strength of Materials,84.0,7,22,50,79,B+
S12665,Vignesh Kaimal,Male,CE,4,Structural Analysis,63.9,8,22,40,70,B
S12666,Rafeeqa Baig,Female,ME,1,Fluid Mechanics,73.7,6,24,38,68,C+
S12667,Sowmya Vasudevan,Female,CSE,3,Data Structures,84.7,4,25,39,68,C+
S12668,Haritha Menon,Female,ECE,3,Signals & Systems,89.7,10,20,35,65,C+
S12669,Athulya Choudhary,Female,CE,5,Geotechnical Engineering,52.6,7,28,53,88,A+
S12670,Nimisha Kunjunni,Female,ECE,2,VLSI Design,85.5,5,29,22,56,D
S12671,Nithya Dinesh,Female,ECE,8,Signals & Systems,69.0,7,23,31,61,C
S12672,Vineetha Mahesh,Female,ECE,3,Communication Systems,95.5,9,24,43,76,B+
S12673,Nikhil Ramesh,Male,CSE,4,Computer Networks,77.8,7,19,46,72,B
S12674,Lakshmi Vallikkat,Female,ECE,8,Signals & Systems,89.3,5,16,39,60,C
S12675,Vivek Sreedharan,Male,CSE,2,Data Structures,77.1,7,24,36,67,C+
S12676,Arjun Vasu,Male,CE,2,Surveying,81.5,8,18,51,77,B+
S12677,Vivek Vijayan,Male,CE,6,Geotechnical Engineering,86.4,5,20,36,61,C
S12678,Shilpa Reddy,Female,CE,1,Concrete Technology,96.1,7,19,31,57,D
S12679,Lakshmi Menon,Female,CSE,1,DBMS,88.7,8,21,40,69,C+
S12680,Ajay Balakrishnan,Male,CE,6,Surveying,91.3,8,30,23,61,C
S12681,Nandana Pisharody,Female,ECE,7,Communication Systems,68.9,3,24,41,68,C+
S12682,Gayathri Dubey,Female,ME,7,Strength of Materials,72.8,6,23,30,59,D
S12683,Unnikrishnan Namboothiri,Male,ME,7,Strength of Materials,97.3,9,18,52,79,B+
S12684,Adithya Ramesh,Male,CE,1,Structural Analysis,92.5,4,23,39,66,C+
S12685,Athulya Manoharan,Female,ECE,8,Communication Systems,70.2,4,21,26,51,P
S12686,Dinesh Sathyan,Male,CE,2,Surveying,62.7,10,22,33,65,C+
S12687,Ramesh Sudhakaran,Male,ECE,4,VLSI Design,68.5,7,21,29,57,D
S12688,Rafeeqa Koya,Female,ME,8,Strength of Materials,53.1,6,22,18,46,F
S12689,Naveen Das,Male,CE,1,Structural Analysis,71.8,8,17,58,83,A
S12690,Gokul Saxena,Male,ECE,4,Communication Systems,87.6,6,17,38,61,C
S12691,Sreejith Vinod,Male,CSE,7,Software Engineering,77.4,8,21,52,81,A
S12692,Gayathri Kunjunni,Female,CSE,4,Big Data Processing,70.3,8,19,44,71,B
S12693,Anitha Malhotra,Female,CSE,3,Data Structures,100.0,9,27,39,75,B+
S12694,Sindhu Sreekumar,Female,ME,5,Thermodynamics,73.0,5,20,37,62,C
S12695,Adithya Agrawal,Male,CSE,7,Big Data Processing,79.9,9,27,41,77,B+
S12696,Suresh Namboodiripad,Male,ECE,3,Communication Systems,95.1,7,25,36,68,C+
S12697,Amrutha Anilkumar,Female,ME,2,Thermodynamics,83.5,8,27,46,81,A
S12698,Neethu Arora,Female,CSE,2,Data Structures,77.7,7,20,39,66,C+
S12699,Pradeep Solanki,Male,CSE,1,Big Data Processing,66.8,8,23,48,79,B+
S12700,Priya Gupta,Female,CSE,6,Data Structures,76.2,3,27,49,79,B+
S12701,Kevin Fernandez,Male,ECE,3,Signals & Systems,77.8,10,19,32,61,C
S12702,Haritha Pisharody,Female,ECE,3,VLSI Design,74.6,7,24,33,64,C
S12703,Meera Vijayan,Female,CSE,1,Software Engineering,76.4,9,18,52,79,B+
S12704,Rohan Balan,Male,ECE,5,Communication Systems,73.2,5,27,47,79,B+
S12705,Aparna Ashokan,Female,CSE,2,Data Structures,78.3,8,26,43,77,B+
S12706,Athira Vallikkat,Female,CSE,2,Computer Networks,68.1,8,22,60,90,S
S12707,Naseer Kunju,Male,CE,3,Concrete Technology,88.1,8,18,49,75,B+
S12708,Sanjay Kurup,Male,CE,1,Concrete Technology,71.2,9,15,39,63,C
S12709,Vignesh Unnithan,Male,CE,8,Structural Analysis,82.4,10,23,38,71,B
S12710,Vijay Kohli,Male,ME,7,Manufacturing Technology,89.4,6,25,35,66,C+
S12711,Anoop Gopalan,Male,CE,8,Structural Analysis,59.3,7,20,46,73,B
S12712,Anu Kutty,Female,CE,2,Transportation Engineering,76.3,7,19,31,57,D
S12713,Nazia Muneer,Female,CE,5,Surveying,99.3,4,19,40,63,C
S12714,Priya Manoharan,Female,CSE,3,Operating Systems,67.5,10,18,43,71,B
S12715,Aravind Kohli,Male,CE,6,Surveying,76.1,8,15,55,78,B+
S12716,Sreekumar Kohli,Male,ME,3,Strength of Materials,74.3,8,18,42,68,C+
S12717,Vinod Trivedi,Male,ECE,8,Signals & Systems,97.7,7,23,60,90,S
S12718,Gayathri Menon,Female,CSE,5,Computer Networks,83.9,8,16,46,70,B
S12719,Sanjay Poduval,Male,ME,8,Manufacturing Technology,80.4,9,21,20,50,P
S12720,Ajay Rajan,Male,ME,7,Strength of Materials,96.0,5,13,40,58,D
S12721,Jithin Sivan,Male,CSE,7,DBMS,91.0,8,22,60,90,S
S12722,Vineetha Sudhakaran,Female,CE,6,Surveying,48.5,8,14,58,80,A
S12723,Rahul Chowdhury,Male,ECE,2,VLSI Design,61.9,9,24,50,83,A
S12724,Shilpa Raghavan,Female,ECE,7,VLSI Design,100.0,4,19,31,54,P
S12725,Madhu Verma,Male,CE,5,Structural Analysis,83.8,9,20,45,74,B
S12726,Sruthi Sreedharan,Female,ME,4,Strength of Materials,66.2,10,26,43,79,B+
S12727,Vivek Saxena,Male,ECE,2,Microprocessors,82.9,8,14,51,73,B
S12728,Renjith Chandra,Male,ECE,7,Signals & Systems,73.6,6,23,27,56,D
S12729,Rahul Patel,Male,CSE,4,Software Engineering,68.7,8,24,18,50,P
S12730,Meera Pillai,Female,ECE,2,Microprocessors,96.2,5,27,29,61,C
S12731,Vidya Gupta,Female,CSE,1,Big Data Processing,58.9,7,24,44,75,B+
S12732,Parvathy Kapoor,Female,CE,6,Structural Analysis,74.8,7,22,55,84,A
S12733,Akhil Ramesh,Male,CSE,3,Data Structures,64.7,8,30,41,79,B+
S12734,Anitha Poduval,Female,CSE,7,Operating Systems,91.2,8,24,60,92,S
S12735,Rohan Varma,Male,ECE,5,Microprocessors,93.1,8,27,48,83,A
S12736,Sreekumar Neelakandan,Male,ECE,4,Signals & Systems,83.2,10,22,49,81,A
S12737,Anjali Ashokan,Female,ME,7,Strength of Materials,71.4,7,13,35,55,D
S12738,Anu Sinha,Female,CE,4,Geotechnical Engineering,62.2,7,24,33,64,C
S12739,Sowmya Mishra,Female,CE,6,Transportation Engineering,69.7,8,16,39,63,C
S12740,Anagha Padmanabhan,Female,ME,1,Thermodynamics,59.7,3,20,26,49,F
S12741,Remya Khurana,Female,CE,7,Geotechnical Engineering,68.1,4,21,31,56,D
S12742,Renjith Gopalan,Male,ME,4,Strength of Materials,67.8,10,22,18,50,P
S12743,Sreejith Sivan,Male,ECE,8,Digital Electronics,68.9,4,19,50,73,B
S12744,Vinod Rathore,Male,CE,3,Transportation Engineering,49.5,5,29,28,62,C
S12745,Pradeep Srivastava,Male,CE,1,Structural Analysis,85.4,5,27,60,92,S
S12746,Lakshmi Gopalan,Female,CSE,7,Computer Networks,91.6,3,28,53,84,A
S12747,Anand Bhaskaran,Male,CSE,5,Big Data Processing,85.2,9,28,46,83,A
S12748,Haritha Rajagopal,Female,CE,6,Structural Analysis,65.2,7,22,37,66,C+
S12749,Manu Raman,Male,ECE,6,Digital Electronics,61.5,7,22,49,78,B+
S12750,Nithya Bakshi,Female,ECE,5,Communication Systems,83.8,5,12,41,58,D
S12751,Aiswarya Reddy,Female,CSE,2,DBMS,98.5,8,20,42,70,B
S12752,Devika Rajendran,Female,CSE,5,Data Structures,70.9,7,26,25,58,D
S12753,Aswathy Vijayan,Female,ECE,1,Microprocessors,94.7,8,17,43,68,C+
S12754,Sowmya Vijayan,Female,CSE,8,Data Structures,74.2,7,19,36,62,C
S12755,Vignesh Agarwal,Male,ECE,2,VLSI Design,75.5,7,15,45,67,C+
S12756,Vignesh Bhaskaran,Male,ME,4,Machine Design,82.6,6,23,49,78,B+
S12757,Anitha Bhardwaj,Female,CE,1,Structural Analysis,83.3,3,20,37,60,C
S12758,Ajay Menon,Male,CE,1,Geotechnical Engineering,90.9,6,6,17,29,F
S12759,Jithin Kunjunni,Male,ECE,2,Microprocessors,78.9,4,19,30,53,P
S12760,Sarath Naidu,Male,CSE,3,Data Structures,81.2,10,28,30,68,C+
S12761,Radhika Prasad,Female,ME,6,Strength of Materials,72.4,7,27,55,89,A+
S12762,Dinesh Sreedharan,Male,ME,8,Strength of Materials,100.0,7,18,46,71,B
S12763,Rajesh Ashokan,Male,CSE,2,Operating Systems,74.3,6,30,39,75,B+
S12764,Sarath Ashokan,Male,CSE,6,Operating Systems,78.5,5,20,46,71,B
S12765,Sanjay Agarwal,Male,ME,1,Thermodynamics,93.3,7,18,44,69,C+
S12766,Aparna Kaimal,Female,CE,6,Structural Analysis,75.9,7,22,51,80,A
S12767,Rohan Patel,Male,CE,2,Geotechnical Engineering,63.2,5,19,43,67,C+
S12768,Nandana Anilkumar,Female,CE,2,Geotechnical Engineering,75.6,5,16,47,68,C+
S12769,Fazil Zaheer,Male,ME,3,Thermodynamics,92.0,5,22,55,82,A
S12770,Sruthi Warrier,Female,ECE,1,Microprocessors,78.3,8,15,57,80,A
S12771,Greeshma Radhakrishnan,Female,ME,3,Manufacturing Technology,90.0,10,15,48,73,B
S12772,Anoop Iyer,Male,CSE,1,Computer Networks,87.4,7,30,30,67,C+
S12773,Aiswarya Ashokan,Female,CE,6,Surveying,70.5,8,21,57,86,A+
S12774,Jaseem Rasheed,Male,CE,2,Concrete Technology,83.1,6,30,46,82,A
S12775,Unnikrishnan Srivastava,Male,CSE,8,Data Structures,65.2,7,22,47,76,B+
S12776,Aiswarya Srivastava,Female,CE,5,Structural Analysis,77.1,10,24,60,94,S
S12777,Rajesh Namboothiri,Male,ECE,2,VLSI Design,78.5,7,30,27,64,C
S12778,Manoj Kartha,Male,CSE,1,Computer Networks,67.5,8,28,56,92,S
S12779,Suresh Chowdhury,Male,CSE,1,Big Data Processing,82.0,7,10,34,51,P
S12780,Jithin Solanki,Male,CE,4,Surveying,82.9,7,14,47,68,C+
S12781,Sneha Das,Female,CSE,8,Operating Systems,86.0,7,16,20,43,F
S12782,Vishnu Sreekumar,Male,ECE,4,VLSI Design,75.0,5,12,48,65,C+
S12783,Anoop Dubey,Male,CE,2,Concrete Technology,78.1,6,27,38,71,B
S12784,Greeshma Gopalan,Female,CSE,1,Software Engineering,98.1,7,11,58,76,B+
S12785,Renjith Rajendran,Male,CE,1,Transportation Engineering,54.5,6,23,39,68,C+
S12786,Shilpa Neelakandan,Female,ME,4,Strength of Materials,94.6,6,16,40,62,C
S12787,Greeshma Varma,Female,CE,7,Geotechnical Engineering,81.0,4,22,49,75,B+
S12788,Athulya Naidu,Female,ME,1,Strength of Materials,91.0,6,17,37,60,C
S12789,Unnikrishnan Gopalan,Male,CE,3,Surveying,95.3,8,21,44,73,B
S12790,Parvathy Rajendran,Female,CSE,1,Operating Systems,78.6,8,27,48,83,A
S12791,Vinod Chandra,Male,CE,1,Structural Analysis,60.3,7,19,60,86,A+
S12792,Rashid Pookoya,Male,CE,8,Structural Analysis,69.8,7,28,29,64,C
S12793,Manu Kunjunni,Male,CSE,2,DBMS,72.2,8,30,30,68,C+
S12794,Meera Chandra,Female,ME,4,Strength of Materials,79.5,5,20,29,54,P
S12795,Nandana Karthikeyan,Female,CE,3,Transportation Engineering,83.8,8,18,29,55,D
S12796,Sanjay Venugopal,Male,CE,2,Geotechnical Engineering,64.9,7,18,58,83,A
S12797,Soumya Namboothiri,Female,CSE,6,Operating Systems,69.5,7,20,21,48,F
S12798,Manoj Sathyan,Male,ECE,6,Communication Systems,86.5,7,24,43,74,B
S12799,Adithya Neelakandan,Male,ECE,3,Signals & Systems,76.7,10,29,37,76,B+
S12800,Parvathy Nair,Female,CE,6,Concrete Technology,97.1,6,10,40,56,D
S12801,Pradeep Kunjunni,Male,CSE,5,Operating Systems,64.3,7,22,41,70,B
S12802,Sruthi Krishnankutty,Female,CSE,5,DBMS,67.7,6,23,55,84,A
S12803,Deepak Chauhan,Male,CSE,4,Operating Systems,82.9,6,17,53,76,B+
S12804,Ramesh Chauhan,Male,CSE,5,Data Structures,80.8,7,21,51,79,B+
S12805,Resmi Venugopal,Female,CSE,1,DBMS,75.0,10,16,47,73,B
S12806,Athira Narayanan,Female,ECE,7,Digital Electronics,98.6,7,15,60,82,A
S12807,Jerry Alex,Male,ECE,4,Signals & Systems,64.8,6,26,46,78,B+
S12808,Amrutha Panicker,Female,ECE,7,Communication Systems,99.3,9,11,47,67,C+
S12809,Anagha Pisharody,Female,CSE,5,Big Data Processing,56.5,6,25,23,54,P
S12810,Athulya Pandey,Female,CSE,5,DBMS,79.3,8,30,48,86,A+
S12811,Balachandran Naidu,Male,ME,1,Thermodynamics,79.7,7,13,40,60,C
S12812,Greeshma Namboodiripad,Female,ME,7,Thermodynamics,70.8,8,24,37,69,C+
S12813,Amrutha Chauhan,Female,ECE,1,Signals & Systems,82.9,10,17,30,57,D
S12814,Nithya Venugopal,Female,ME,6,Strength of Materials,46.2,8,19,40,67,C+
S12815,Priya Nair,Female,CSE,6,Operating Systems,61.2,9,16,43,68,C+
S12816,Gayathri Raghavan,Female,ME,1,Machine Design,99.3,5,22,46,73,B
S12817,Anitha Sudhakaran,Female,CSE,7,Software Engineering,76.9,7,29,42,78,B+
S12818,Sreelakshmi Pillai,Female,CSE,5,Software Engineering,67.4,5,22,46,73,B
S12819,Sreekumar Sinha,Male,CSE,4,Big Data Processing,100.0,4,22,35,61,C
S12820,Aiswarya Krishnan,Female,CE,8,Transportation Engineering,89.1,7,29,44,80,A
S12821,Anagha Bhatt,Female,ME,3,Manufacturing Technology,81.3,6,18,17,41,F
S12822,Nandakumar Rajan,Male,CSE,5,DBMS,76.4,6,14,60,80,A
S12823,Sudheesh Thampuran,Male,CSE,3,Data Structures,67.1,8,20,38,66,C+
S12824,Remya Mahesh,Female,CSE,8,Computer Networks,63.6,8,30,17,55,D
S12825,Athira Poduval,Female,CSE,7,DBMS,86.5,7,28,53,88,A+
S12826,Sowmya Anandan,Female,CSE,6,Data Structures,84.0,8,22,48,78,B+
S12827,Manoj Vinod,Male,ECE,8,VLSI Design,56.9,6,22,40,68,C+
S12828,Prasanth Sivan,Male,ME,5,Thermodynamics,75.1,7,25,60,92,S
S12829,Ramesh Radhakrishnan,Male,ECE,1,Signals & Systems,69.2,7,24,37,68,C+
S12830,Nandakumar Kunjunni,Male,CE,6,Structural Analysis,80.3,7,24,58,89,A+
S12831,Devika Chauhan,Female,ECE,6,Microprocessors,70.8,9,16,50,75,B+
S12832,Aparna Chopra,Female,ME,5,Manufacturing Technology,94.7,7,13,34,54,P
S12833,Suresh Reddy,Male,ME,7,Manufacturing Technology,51.2,8,24,42,74,B
S12834,Sowmya Rajendran,Female,ECE,5,Signals & Systems,89.0,7,20,48,75,B+
S12835,Pradeep Neelakandan,Male,ME,7,Machine Design,75.1,8,22,60,90,S
S12836,Sowmya Kumar,Female,CSE,2,Data Structures,82.0,8,26,52,86,A+
S12837,Sarath Srivastava,Male,CSE,8,Software Engineering,70.7,4,15,47,66,C+
S12838,Vignesh Mahesh,Male,ME,1,Machine Design,56.8,8,22,47,77,B+
S12839,Vijay Solanki,Male,CSE,7,Computer Networks,75.0,5,13,42,60,C
S12840,Sana Ashraf,Female,CSE,6,Software Engineering,71.5,6,24,52,82,A
S12841,Parvathy Neelakandan,Female,ECE,3,Signals & Systems,70.4,9,16,56,81,A
S12842,Aiswarya Raghavan,Female,ECE,8,Communication Systems,68.0,7,15,30,52,P
S12843,Aravind Malhotra,Male,ECE,7,Signals & Systems,77.1,8,21,60,89,A+
S12844,Renjith Ramesh,Male,ME,8,Fluid Mechanics,72.2,10,17,42,69,C+
S12845,Remya Achari,Female,CSE,8,DBMS,80.2,9,29,41,79,B+
S12846,Amrutha Kunjunni,Female,CE,5,Transportation Engineering,54.6,8,26,27,61,C
S12847,Aswathy Desai,Female,CSE,2,Data Structures,81.5,9,22,34,65,C+
S12848,Aiswarya Sathyan,Female,CE,4,Geotechnical Engineering,78.4,5,9,40,54,P
S12849,Ramesh Anilkumar,Male,ME,5,Strength of Materials,68.0,7,20,43,70,B
S12850,Manoj Pillai,Male,CE,7,Structural Analysis,81.4,7,23,29,59,D
S12851,Vineetha Krishnankutty,Female,CSE,8,Data Structures,94.6,8,16,58,82,A
S12852,Resmi Dubey,Female,ME,8,Fluid Mechanics,62.6,7,30,26,63,C
S12853,Shahana Qureshi,Female,ME,3,Strength of Materials,89.1,6,26,26,58,D
S12854,Gayathri Arora,Female,ME,1,Manufacturing Technology,73.5,7,17,50,74,B
S12855,Bindu Chandra,Female,ME,6,Manufacturing Technology,56.6,5,23,54,82,A
S12856,Jasmin Karim,Female,CSE,1,Computer Networks,80.3,4,12,40,56,D
S12857,Rajesh Goel,Male,ECE,2,Digital Electronics,69.5,6,23,60,89,A+
S12858,Sanjay Raman,Male,ECE,5,Microprocessors,100.0,9,16,45,70,B
S12859,Prasanth Chauhan,Male,ECE,6,VLSI Design,71.3,9,26,36,71,B
S12860,Vineetha Govindan,Female,ECE,6,Communication Systems,81.3,8,25,44,77,B+
S12861,Nithya Rajan,Female,ME,1,Manufacturing Technology,46.9,7,21,52,80,A
S12862,Sreekumar Unnithan,Male,CE,6,Concrete Technology,74.7,6,25,44,75,B+
S12863,Anitha Kumar,Female,ME,2,Machine Design,64.7,8,23,37,68,C+
S12864,Sruthi Kohli,Female,CSE,5,Computer Networks,66.0,10,25,45,80,A
S12865,Naila Rafeeq,Female,ECE,4,Signals & Systems,79.7,8,23,51,82,A
S12866,Prasanth Sudhakaran,Male,ME,8,Machine Design,79.9,9,16,32,57,D
S12867,Shilpa Raj,Female,ECE,4,Signals & Systems,81.0,8,27,23,58,D
S12868,Prasanth Namputhiri,Male,CSE,5,Computer Networks,77.0,7,18,60,85,A+
S12869,Aravind Mohan,Male,ME,6,Thermodynamics,99.5,8,22,44,74,B
S12870,Ajay Goel,Male,ECE,4,Digital Electronics,76.5,5,22,45,72,B
S12871,Sneha Anandan,Female,ME,2,Machine Design,80.8,6,26,39,71,B
S12872,Biju Warrier,Male,ME,7,Manufacturing Technology,85.0,9,29,48,86,A+
S12873,Deepthi Radhakrishnan,Female,CE,3,Surveying,79.4,9,22,45,76,B+
S12874,Athira Reddy,Female,ME,8,Fluid Mechanics,66.1,3,26,18,47,F
S12875,Priya Panicker,Female,ME,6,Machine Design,63.5,7,30,42,79,B+
S12876,Naveen Sudhakaran,Male,CE,8,Surveying,77.2,7,16,28,51,P
S12877,Naveen Shukla,Male,CE,3,Surveying,83.9,7,25,34,66,C+
S12878,Rukhsar Thangal,Female,ME,3,Thermodynamics,69.3,5,15,41,61,C
S12879,Deepak Neelakandan,Male,CSE,8,Computer Networks,76.7,8,18,46,72,B
S12880,Neethu Rao,Female,CE,3,Surveying,64.5,9,24,45,78,B+
S12881,Soumya Sreekumar,Female,ME,5,Fluid Mechanics,68.7,8,7,17,32,F
S12882,Rajesh Menon,Male,CE,7,Concrete Technology,99.3,7,27,46,80,A
S12883,Manoj Bhalla,Male,CE,1,Geotechnical Engineering,66.6,7,30,25,62,C
S12884,Bijoy Thumpayil,Male,ECE,6,Signals & Systems,74.5,7,18,20,45,F
S12885,Jasira Thangal,Female,CSE,5,Operating Systems,79.4,5,20,50,75,B+
S12886,Vignesh Joshi,Male,ECE,1,VLSI Design,88.4,7,25,44,76,B+
S12887,Anjali Nambiar,Female,ME,7,Fluid Mechanics,97.4,7,23,52,82,A
S12888,Bincy Mathai,Female,ECE,8,Communication Systems,76.7,9,28,31,68,C+
S12889,Karthik Prakash,Male,CE,5,Structural Analysis,80.3,7,26,44,77,B+
S12890,Reshma Ashokan,Female,ECE,6,Microprocessors,74.9,9,25,40,74,B
S12891,Biju Thampi,Male,ME,7,Thermodynamics,61.7,9,20,60,89,A+
S12892,Anagha Sharma,Female,ME,1,Manufacturing Technology,93.3,7,24,46,77,B+
S12893,Unnikrishnan Ramesh,Male,CSE,6,Big Data Processing,85.9,6,15,38,59,D
S12894,Vineetha Yadav,Female,CSE,1,Operating Systems,72.5,4,28,48,80,A
S12895,Manu Bhattathiri,Male,CSE,6,DBMS,65.7,8,23,46,77,B+
S12896,Dinesh Pandey,Male,CE,8,Geotechnical Engineering,71.5,9,28,47,84,A
S12897,Greeshma Unnithan,Female,ME,6,Machine Design,59.2,5,17,49,71,B
S12898,Bijo Rebello,Male,CSE,1,DBMS,88.0,10,25,43,78,B+
S12899,Vineetha Chauhan,Female,CSE,7,Data Structures,57.2,6,26,42,74,B
S12900,Sarath Iyer,Male,ECE,2,VLSI Design,61.0,8,23,45,76,B+
S12901,Naveen Bhalla,Male,ME,1,Machine Design,69.9,6,18,49,73,B
S12902,Naveen Vinod,Male,CE,4,Surveying,73.4,8,18,57,83,A
S12903,Ramesh Namputhiri,Male,CE,8,Geotechnical Engineering,80.4,5,30,59,94,S
S12904,Nimisha Manoharan,Female,ECE,4,Digital Electronics,81.4,7,17,34,58,D
S12905,Anjali Marar,Female,CSE,2,Big Data Processing,73.9,6,22,60,88,A+
S12906,Bibin Maliyakal,Male,CSE,3,Data Structures,61.0,6,27,34,67,C+
S12907,Sindhu Pisharody,Female,CE,8,Geotechnical Engineering,87.4,9,22,55,86,A+
S12908,Sreelakshmi Sinha,Female,ECE,7,Digital Electronics,94.9,7,21,60,88,A+
S12909,Remya Naidu,Female,CSE,5,Big Data Processing,100.0,8,27,48,83,A
S12910,Anjali Rajan,Female,CSE,8,Big Data Processing,69.4,8,12,52,72,B
S12911,Sujith Namputhiri,Male,CSE,8,Big Data Processing,66.9,8,30,36,74,B
S12912,Aravind Kumar,Male,ECE,4,Digital Electronics,70.9,8,21,53,82,A
S12913,Greeshma Raman,Female,ME,4,Fluid Mechanics,82.8,5,22,54,81,A
S12914,Divya Raghavan,Female,ME,8,Machine Design,87.7,9,15,59,83,A
S12915,Balachandran Choudhary,Male,CE,4,Structural Analysis,65.8,7,16,34,57,D
S12916,Sanjay Yadav,Male,CSE,7,DBMS,83.6,5,13,42,60,C
S12917,Greeshma Balan,Female,CSE,3,Computer Networks,68.5,9,25,42,76,B+
S12918,Gokul Agrawal,Male,CSE,3,Data Structures,93.6,5,22,37,64,C
S12919,Gokul Raj,Male,CE,8,Concrete Technology,85.5,6,26,44,76,B+
S12920,Anagha Varma,Female,CSE,1,Big Data Processing,78.8,7,18,33,58,D
S12921,Balachandran Bhatt,Male,ME,6,Fluid Mechanics,54.4,5,26,32,63,C
S12922,Greeshma Nair,Female,ECE,7,Microprocessors,99.1,5,20,60,85,A+
S12923,Prasanth Sreekumar,Male,ME,4,Manufacturing Technology,85.8,8,20,58,86,A+
S12924,Sruthi Narayanan,Female,CSE,8,Data Structures,77.9,5,24,46,75,B+
S12925,Renjith Kaimal,Male,CE,5,Surveying,95.1,10,19,40,69,C+
S12926,Nithya Manoharan,Female,CE,8,Concrete Technology,84.4,7,26,41,74,B
S12927,Sujith Chauhan,Male,CSE,5,Operating Systems,61.8,10,28,24,62,C
S12928,Radhika Patel,Female,ME,3,Fluid Mechanics,72.6,5,28,27,60,C
S12929,Radhika Ramesh,Female,ECE,6,VLSI Design,97.1,7,19,46,72,B
S12930,Rajesh Panicker,Male,ME,2,Thermodynamics,66.5,9,26,51,86,A+
S12931,Rizwana Shukoor,Female,ECE,6,Microprocessors,60.5,9,29,37,75,B+
S12932,Athulya Patel,Female,ME,3,Machine Design,75.2,7,23,54,84,A
S12933,Nasreen Rauf,Female,CE,7,Structural Analysis,87.8,8,27,50,85,A+
S12934,Nandana Bhattathiri,Female,ME,4,Thermodynamics,91.7,8,25,51,84,A
S12935,Gokul Chowdhury,Male,ME,6,Manufacturing Technology,90.6,9,14,39,62,C
S12936,Swathi Chandra,Female,CE,6,Transportation Engineering,55.8,7,16,51,74,B
S12937,Manu Iyer,Male,CE,3,Structural Analysis,55.2,6,13,39,58,D
S12938,Anoop Bhardwaj,Male,CE,7,Concrete Technology,93.9,4,25,24,53,P
S12939,Divya Unni,Female,ME,6,Fluid Mechanics,72.1,6,17,53,76,B+
S12940,Sujith Mishra,Male,ME,6,Strength of Materials,79.3,7,18,40,65,C+
S12941,Renjith Sreekumar,Male,CSE,3,Big Data Processing,84.1,8,22,43,73,B
S12942,Balachandran Varma,Male,CE,3,Transportation Engineering,67.1,7,23,49,79,B+
S12943,Aparna Pandey,Female,ME,7,Fluid Mechanics,95.2,10,15,21,46,F
S12944,Sudheesh Varma,Male,ECE,5,Communication Systems,58.9,8,23,39,70,B
S12945,Sreejith Bhaskaran,Male,CSE,3,Computer Networks,68.7,6,27,33,66,C+
S12946,Aiswarya Kapoor,Female,CE,3,Concrete Technology,63.7,6,26,52,84,A
S12947,Anu Narayanan,Female,ECE,6,Communication Systems,87.0,3,30,45,78,B+
S12948,Bineesh Maliyakal,Male,CE,8,Structural Analysis,69.8,5,27,37,69,C+
S12949,Nikhil Neelakandan,Male,CSE,4,Operating Systems,69.3,7,9,14,30,F
S12950,Deepthi Choudhary,Female,ME,8,Manufacturing Technology,66.9,6,27,49,82,A
S12951,Athira Kapoor,Female,CSE,5,Computer Networks,82.1,8,21,52,81,A
S12952,Sana Malik,Female,CE,2,Concrete Technology,100.0,6,18,28,52,P
S12953,Deepthi Rajendran,Female,CSE,2,Software Engineering,81.9,9,20,44,73,B
S12954,Suresh Tiwari,Male,ME,7,Fluid Mechanics,80.6,8,19,39,66,C+
S12955,Ayesha Basha,Female,ME,3,Thermodynamics,75.1,4,20,60,84,A
S12956,Sujith Kapoor,Male,CE,2,Structural Analysis,74.7,9,25,51,85,A+
S12957,Adithya Desai,Male,CE,6,Concrete Technology,73.6,8,24,33,65,C+
S12958,Athulya Chopra,Female,ME,6,Manufacturing Technology,100.0,7,16,31,54,P
S12959,Sreelakshmi Malhotra,Female,CE,4,Concrete Technology,67.3,8,22,36,66,C+
S12960,Aravind Kutty,Male,CSE,1,Operating Systems,50.3,8,29,42,79,B+
S12961,Faisal Ali,Male,ECE,5,VLSI Design,81.3,8,7,26,41,F
S12962,Sarath Ramakrishnan,Male,ECE,1,Digital Electronics,100.0,5,20,56,81,A
S12963,Naveen Krishnan,Male,CE,1,Transportation Engineering,63.6,8,30,60,98,S
S12964,Nandakumar Pradeep,Male,ME,2,Fluid Mechanics,86.6,9,25,45,79,B+
S12965,Amrutha Rathore,Female,CE,8,Structural Analysis,58.4,4,20,52,76,B+
S12966,Naseer Siddiqui,Male,CE,6,Concrete Technology,98.7,8,21,33,62,C
S12967,Vineetha Bansal,Female,CE,7,Transportation Engineering,66.1,5,30,49,84,A
S12968,Nandana Ramesh,Female,CE,3,Concrete Technology,67.1,7,23,35,65,C+
S12969,Remya Krishnan,Female,CE,2,Surveying,79.2,9,23,31,63,C
S12970,Aiswarya Bakshi,Female,ME,4,Thermodynamics,77.0,8,16,52,76,B+
S12971,Sreelakshmi Namboodiripad,Female,ECE,5,Microprocessors,84.4,6,23,52,81,A
S12972,Sindhu Sharma,Female,CSE,2,DBMS,88.2,6,15,40,61,C
S12973,Arjun Padmanabhan,Male,ECE,8,Microprocessors,88.8,6,24,60,90,S
S12974,Deepthi Balakrishnan,Female,CE,4,Structural Analysis,76.2,9,28,46,83,A
S12975,Nandana Pillai,Female,ME,4,Fluid Mechanics,81.1,4,20,54,78,B+
S12976,Pradeep Vinod,Male,CE,7,Surveying,60.2,8,30,52,90,S
S12977,Swathi Kutty,Female,ME,1,Strength of Materials,95.4,8,24,56,88,A+
S12978,Nadhira Sadiq,Female,ME,6,Manufacturing Technology,76.0,5,26,39,70,B
S12979,Nizam Ansari,Male,ME,8,Thermodynamics,70.1,3,19,45,67,C+
S12980,Karthik Rajan,Male,ME,1,Strength of Materials,66.2,7,15,34,56,D
S12981,Athulya Kumar,Female,ME,1,Thermodynamics,54.6,6,26,28,60,C
S12982,Greeshma Rao,Female,ME,3,Thermodynamics,73.0,6,13,49,68,C+
S12983,Jithin Malhotra,Male,CSE,2,Computer Networks,73.9,9,17,60,86,A+
S12984,Soumya Sasidharan,Female,CSE,6,Computer Networks,90.2,7,11,35,53,P
S12985,Sreekumar Suresh,Male,CE,6,Concrete Technology,67.5,5,25,30,60,C
S12986,Meera Trivedi,Female,CE,4,Concrete Technology,75.4,6,19,48,73,B
S12987,Naseer Sultan,Male,CE,8,Structural Analysis,89.6,8,14,48,70,B
S12988,Reeba Dcosta,Female,CSE,6,Data Structures,57.9,9,23,37,69,C+
S12989,Jyothsna Karthikeyan,Female,CE,5,Transportation Engineering,81.0,7,21,46,74,B
S12990,Rukhsar Kabir,Female,CSE,3,Computer Networks,74.6,10,27,36,73,B
S12991,Bindu Chowdhury,Female,ME,8,Manufacturing Technology,69.0,8,26,31,65,C+
S12992,Jasmin Koya,Female,ME,2,Fluid Mechanics,74.1,7,13,29,49,F
S12993,Nimisha Nair,Female,CE,4,Surveying,69.9,6,25,37,68,C+
S12994,Rahul Chopra,Male,CE,5,Geotechnical Engineering,69.8,7,21,44,72,B
S12995,Balachandran Panicker,Male,CE,3,Surveying,85.5,8,28,41,77,B+
S12996,Dinesh Mishra,Male,CE,5,Concrete Technology,56.7,8,28,45,81,A
S12997,Ajo Cherian,Male,CSE,4,Data Structures,70.3,10,27,52,89,A+
S12998,Karthik Mahesh,Male,ECE,4,Microprocessors,92.2,10,30,47,87,A+
S12999,Sindhu Nair,Female,ECE,2,VLSI Design,94.8,7,30,27,64,C
S13000,Aswathy Joshi,Female,CE,8,Transportation Engineering,79.3,5,20,30,55,D
S13001,Divya Mahesh,Female,CSE,1,Operating Systems,73.9,4,28,48,80,A
S13002,Jyothsna Sathyan,Female,ME,1,Manufacturing Technology,68.8,7,20,47,74,B
S13003,Suhana Shah,Female,CSE,2,Big Data Processing,80.9,7,19,33,59,D
S13004,Prasanth Rajagopal,Male,ME,4,Strength of Materials,57.0,9,25,57,91,S
S13005,Nimisha Mahesh,Female,CSE,4,Big Data Processing,86.1,10,20,48,78,B+
S13006,Anu Gopinathan,Female,ECE,6,VLSI Design,84.4,8,20,29,57,D
S13007,Sneha Kunjunni,Female,ME,2,Thermodynamics,79.7,7,24,55,86,A+
S13008,Anand Krishnankutty,Male,CE,4,Concrete Technology,86.3,7,19,44,70,B
S13009,Vivek Narayanan,Male,ECE,3,VLSI Design,79.1,6,20,34,60,C
S13010,Aiswarya Achari,Female,ECE,8,Digital Electronics,86.6,10,22,60,92,S
S13011,Ramesh Vinod,Male,ME,8,Manufacturing Technology,85.2,6,17,41,64,C
S13012,Vinod Kurup,Male,CE,1,Transportation Engineering,58.2,7,21,43,71,B
S13013,Remya Govindan,Female,ME,3,Thermodynamics,96.9,10,17,44,71,B
S13014,Sindhu Kohli,Female,ME,4,Thermodynamics,96.9,9,19,51,79,B+
S13015,Sowmya Balan,Female,CE,5,Transportation Engineering,79.0,7,24,52,83,A
S13016,Meera Prakash,Female,CSE,2,Computer Networks,85.4,5,24,36,65,C+
S13017,Parvathy Desai,Female,ME,3,Strength of Materials,82.2,4,29,25,58,D
S13018,Sreekumar Ramakrishnan,Male,CSE,7,DBMS,63.0,8,3,45,56,D
S13019,Vidya Padmanabhan,Female,CE,7,Structural Analysis,93.2,7,26,26,59,D
S13020,Nimisha Agarwal,Female,CSE,3,Software Engineering,98.0,7,15,60,82,A
S13021,Lakshmi Dubey,Female,ECE,6,Communication Systems,81.3,6,25,32,63,C
S13022,Athira Kutty,Female,ECE,4,Signals & Systems,80.1,8,18,56,82,A
S13023,Akhil Balan,Male,CE,6,Surveying,64.5,8,24,43,75,B+
S13024,Nandana Panicker,Female,ECE,7,VLSI Design,62.9,7,22,58,87,A+
S13025,Devika Chopra,Female,CE,6,Geotechnical Engineering,59.9,9,19,53,81,A
S13026,Ramesh Saxena,Male,CSE,4,Computer Networks,76.2,5,25,38,68,C+
S13027,Meera Kartha,Female,ECE,2,Communication Systems,67.3,7,24,50,81,A
S13028,Athulya Mishra,Female,CE,6,Concrete Technology,80.8,8,25,50,83,A
S13029,Devika Agrawal,Female,ME,7,Fluid Mechanics,91.1,7,29,51,87,A+
S13030,Anu Bansal,Female,ECE,5,VLSI Design,80.4,9,27,60,96,S
S13031,Rahul Bhatt,Male,CSE,8,DBMS,73.5,7,19,60,86,A+
S13032,Sana Haji,Female,CSE,6,Computer Networks,88.7,10,29,53,92,S
S13033,Gayathri Chopra,Female,ECE,3,Signals & Systems,73.5,7,19,48,74,B
S13034,Sreekumar Mohan,Male,CE,4,Structural Analysis,89.1,5,30,40,75,B+
S13035,Vineetha Reddy,Female,ECE,5,VLSI Design,57.1,8,30,30,68,C+
S13036,Anoop Saxena,Male,CSE,6,Operating Systems,97.4,8,30,26,64,C
S13037,Renjith Trivedi,Male,CSE,3,Data Structures,72.2,9,19,52,80,A
S13038,Vivek Neelakandan,Male,CSE,3,Computer Networks,76.5,8,30,60,98,S
S13039,Prasanth Pisharody,Male,CE,2,Structural Analysis,78.3,7,17,46,70,B
S13040,Resmi Krishnankutty,Female,ME,1,Strength of Materials,95.6,5,28,55,88,A+
S13041,Parvathy Chowdhury,Female,ECE,7,Digital Electronics,92.0,7,15,39,61,C
S13042,Sinan Sirajudheen,Male,CSE,1,Operating Systems,53.3,9,21,53,83,A
S13043,Balachandran Kunjunni,Male,ME,1,Strength of Materials,71.2,8,30,56,94,S
S13044,Naveen Thampi,Male,ME,7,Thermodynamics,87.9,6,11,35,52,P
S13045,Sanjay Ramesh,Male,CE,4,Concrete Technology,71.0,10,19,52,81,A
S13046,Anagha Rajendran,Female,CSE,7,Big Data Processing,69.4,7,12,46,65,C+
S13047,Jyothsna Shukla,Female,ME,3,Strength of Materials,55.7,8,19,22,49,F
S13048,Gayathri Sudhakaran,Female,ME,5,Strength of Materials,80.9,4,21,41,66,C+
S13049,Unnikrishnan Bhattathiri,Male,ECE,4,VLSI Design,65.0,8,20,40,68,C+
S13050,Adithya Mohan,Male,CSE,1,DBMS,74.6,10,27,40,77,B+
S13051,Resmi Vinod,Female,ECE,4,Signals & Systems,83.1,6,23,45,74,B
S13052,Vignesh Dubey,Male,CE,2,Transportation Engineering,75.9,8,26,56,90,S
S13053,Jithin Rajan,Male,ME,4,Thermodynamics,74.0,6,19,54,79,B+
S13054,Shilpa Mohan,Female,ME,6,Thermodynamics,68.6,9,25,47,81,A
S13055,Sinan Haneef,Male,CE,3,Surveying,85.4,7,26,40,73,B
S13056,Biju Kurup,Male,ME,8,Thermodynamics,73.6,7,25,29,61,C
S13057,Naveen Sethi,Male,ME,3,Thermodynamics,88.4,6,19,44,69,C+
S13058,Lakshmi Mishra,Female,CE,8,Geotechnical Engineering,88.5,5,17,30,52,P
S13059,Gayathri Chandrasekharan,Female,CSE,7,Data Structures,64.9,7,17,39,63,C
S13060,Resmi Pisharody,Female,ME,7,Strength of Materials,71.3,7,17,52,76,B+
S13061,Vidya Mohan,Female,CE,8,Structural Analysis,61.8,5,22,37,64,C
S13062,Dinesh Patel,Male,ECE,5,VLSI Design,75.6,9,21,50,80,A
S13063,Naseer Salahudheen,Male,ME,6,Machine Design,87.7,5,20,44,69,C+
S13064,Manoj Varma,Male,CSE,5,Big Data Processing,83.3,8,23,47,78,B+
S13065,Shahana Kabeer,Female,ECE,8,Digital Electronics,88.2,8,12,40,60,C
S13066,Adithya Krishnankutty,Male,ME,2,Thermodynamics,76.9,7,19,49,75,B+
S13067,Anu Kaimal,Female,CSE,3,Operating Systems,85.3,8,16,30,54,P
S13068,Gokul Bhattathiri,Male,ME,7,Thermodynamics,62.5,5,15,55,75,B+
S13069,Neethu Patel,Female,ME,5,Thermodynamics,82.7,9,23,19,51,P
S13070,Nithya Malhotra,Female,CE,3,Concrete Technology,97.1,7,13,60,80,A
S13071,Aravind Pisharody,Male,ECE,1,Microprocessors,73.8,8,14,4,26,F
S13072,Rohan Marar,Male,ME,1,Fluid Mechanics,95.1,8,25,52,85,A+
S13073,Anjali Agrawal,Female,ME,6,Machine Design,71.8,7,23,48,78,B+
S13074,Aiswarya Vasu,Female,ECE,2,Signals & Systems,67.3,7,28,34,69,C+
S13075,Karthik Nambiar,Male,CE,4,Concrete Technology,93.9,9,25,34,68,C+
S13076,Karthik Patel,Male,CSE,2,DBMS,53.9,10,15,60,85,A+
S13077,Ramesh Krishnan,Male,ME,2,Manufacturing Technology,87.0,7,19,19,45,F
S13078,Anagha Krishnankutty,Female,ECE,6,Microprocessors,82.4,7,30,37,74,B
S13079,Unnikrishnan Neelakandan,Male,ECE,4,Digital Electronics,89.5,8,11,46,65,C+
S13080,Gokul Manoharan,Male,ECE,6,Communication Systems,91.4,4,12,23,39,F
S13081,Sowmya Thampuran,Female,ME,3,Thermodynamics,95.1,9,16,48,73,B
S13082,Aswathy Chopra,Female,CSE,4,Computer Networks,77.4,10,20,39,69,C+
S13083,Anjali Vijayan,Female,ECE,1,Microprocessors,91.0,8,20,36,64,C
S13084,Fazil Baig,Male,CE,5,Surveying,88.0,4,17,54,75,B+
S13085,Divya Bhattathiri,Female,CSE,3,Data Structures,82.7,8,24,51,83,A
S13086,Unnikrishnan Krishnankutty,Male,ME,5,Fluid Mechanics,49.4,6,25,42,73,B
S13087,Rajesh Prakash,Male,CE,3,Structural Analysis,68.6,6,30,27,63,C
S13088,Gayathri Sreekumar,Female,CE,4,Transportation Engineering,76.9,7,18,39,64,C
S13089,Shahana Thangal,Female,ECE,2,Microprocessors,79.0,7,13,42,62,C
S13090,Manoj Pandey,Male,ME,5,Strength of Materials,72.3,10,20,59,89,A+
S13091,Suhail Jabbar,Male,CE,2,Concrete Technology,82.2,10,11,40,61,C
S13092,Meera Vallikkat,Female,ME,7,Manufacturing Technology,74.9,10,8,37,55,D
S13093,Neethu Kunjunni,Female,CE,8,Structural Analysis,82.5,8,23,30,61,C
S13094,Anjali Chopra,Female,ME,1,Fluid Mechanics,79.7,10,19,50,79,B+
S13095,Priya Desai,Female,ME,4,Machine Design,87.3,8,29,51,88,A+
S13096,Greeshma Kutty,Female,ME,2,Fluid Mechanics,89.5,8,13,46,67,C+
S13097,Jyothsna Verma,Female,CSE,8,DBMS,59.7,8,16,48,72,B
S13098,Jithin Padmanabhan,Male,CSE,2,Data Structures,88.0,8,19,36,63,C
S13099,Adithya Agarwal,Male,CE,5,Geotechnical Engineering,84.6,7,23,54,84,A
S13100,Dinesh Neelakandan,Male,ECE,1,VLSI Design,69.8,8,11,40,59,D
S13101,Neethu Gupta,Female,ECE,5,Microprocessors,60.3,8,20,43,71,B
S13102,Devika Bakshi,Female,CSE,2,Software Engineering,60.0,5,16,36,57,D
S13103,Anitha Venugopal,Female,ME,8,Fluid Mechanics,93.2,9,14,48,71,B
S13104,Remya Varma,Female,CE,8,Geotechnical Engineering,78.0,6,30,60,96,S
S13105,Athira Chandra,Female,ME,1,Thermodynamics,77.8,4,23,42,69,C+
S13106,Suhail Rasheed,Male,ME,6,Thermodynamics,100.0,7,14,50,71,B
S13107,Jincy Ramban,Female,ME,4,Machine Design,66.9,5,16,42,63,C
S13108,Deepak Rathore,Male,ECE,3,Signals & Systems,97.0,6,10,45,61,C
S13109,Anagha Suresh,Female,CSE,2,Big Data Processing,74.3,7,25,60,92,S
S13110,Deepak Jayan,Male,CE,5,Geotechnical Engineering,61.6,8,21,54,83,A
S13111,Anagha Bhattathiri,Female,CE,2,Concrete Technology,88.7,8,13,32,53,P
S13112,Anas Marakkar,Male,ME,2,Thermodynamics,81.7,8,17,30,55,D
S13113,Vinod Chandrasekharan,Male,CE,7,Geotechnical Engineering,65.7,10,11,51,72,B
S13114,Vijay Patel,Male,CSE,6,Big Data Processing,78.3,8,17,30,55,D
S13115,Madhu Kohli,Male,CE,5,Transportation Engineering,74.6,8,30,60,98,S
S13116,Rajesh Kumar,Male,ME,3,Strength of Materials,74.8,8,18,56,82,A
S13117,Rajesh Dubey,Male,CE,1,Concrete Technology,75.0,7,21,24,52,P
S13118,Devika Malhotra,Female,ECE,6,Signals & Systems,94.0,9,15,47,71,B
S13119,Renjith Menon,Male,ECE,4,Signals & Systems,73.9,10,29,53,92,S
S13120,Amrutha Kutty,Female,ECE,5,Digital Electronics,79.7,7,24,49,80,A
S13121,Sabira Ahmed,Female,ME,3,Manufacturing Technology,50.5,6,13,20,39,F
S13122,Sruthi Jayan,Female,ECE,8,Microprocessors,94.0,7,17,35,59,D
S13123,Resmi Mohan,Female,ECE,6,Digital Electronics,71.2,4,18,52,74,B
S13124,Rohan Ashokan,Male,ECE,3,Microprocessors,93.8,9,27,47,83,A
S13125,Aiswarya Trivedi,Female,CE,4,Geotechnical Engineering,85.8,8,23,46,77,B+
S13126,Suresh Khurana,Male,ECE,4,Communication Systems,81.0,7,19,47,73,B
S13127,Nithya Chandra,Female,CSE,7,Software Engineering,97.6,9,26,41,76,B+
S13128,Sreekumar Chowdhury,Male,CSE,2,Big Data Processing,84.9,3,27,52,82,A
S13129,Meera Bhatt,Female,ME,3,Machine Design,99.6,7,29,51,87,A+
S13130,Rahul Kartha,Male,ME,2,Thermodynamics,63.8,7,12,32,51,P
S13131,Vishnu Tiwari,Male,ME,3,Manufacturing Technology,57.2,9,19,42,70,B
S13132,Anas Zaheer,Male,ME,5,Strength of Materials,70.4,9,15,50,74,B
S13133,Prasanth Panicker,Male,ECE,1,Microprocessors,57.5,9,14,38,61,C
S13134,Sudheesh Rajagopal,Male,CSE,5,Data Structures,100.0,8,29,27,64,C
S13135,Gokul Mohan,Male,CSE,1,Software Engineering,69.3,8,17,31,56,D
S13136,Deepthi Ashokan,Female,ME,5,Machine Design,81.9,4,28,60,92,S
S13137,Sruthi Ashokan,Female,ME,6,Machine Design,80.2,6,21,56,83,A
S13138,Sanjay Sivan,Male,CE,1,Surveying,72.7,7,14,40,61,C
S13139,Shilpa Unnithan,Female,CSE,7,DBMS,79.8,9,21,42,72,B
S13140,Sneha Poduval,Female,CE,3,Geotechnical Engineering,78.0,5,26,35,66,C+
S13141,Sarath Malhotra,Male,CE,3,Surveying,65.2,8,20,53,81,A
S13142,Nazia Sayyed,Female,ECE,1,Communication Systems,68.9,7,16,49,72,B
S13143,Anu Joshi,Female,CSE,3,Operating Systems,75.2,4,20,41,65,C+
S13144,Madhu Vallikkat,Male,CSE,2,Computer Networks,56.7,6,19,37,62,C
S13145,Aswathy Anilkumar,Female,ECE,2,Signals & Systems,87.3,10,30,57,97,S
S13146,Aravind Agrawal,Male,ECE,2,VLSI Design,88.9,7,29,32,68,C+
S13147,Rahul Vijayan,Male,ME,6,Thermodynamics,77.6,8,29,34,71,B
S13148,Nandakumar Sreedharan,Male,CSE,3,Data Structures,73.1,6,16,38,60,C
S13149,Vijay Mishra,Male,CE,2,Concrete Technology,49.4,7,30,59,96,S
S13150,Adithya Joshi,Male,CSE,2,Computer Networks,76.9,6,22,31,59,D
S13151,Lincy Kochuveettil,Female,CSE,2,Big Data Processing,100.0,5,15,35,55,D
S13152,Unnikrishnan Madhavan,Male,ME,8,Fluid Mechanics,91.4,7,30,50,87,A+
S13153,Deepak Bhardwaj,Male,CSE,2,Big Data Processing,72.1,8,15,37,60,C
S13154,Unnikrishnan Sethi,Male,ME,6,Machine Design,91.0,8,22,38,68,C+
S13155,Sana Aziz,Female,CE,7,Structural Analysis,66.5,6,26,39,71,B
S13156,Nimisha Sinha,Female,CE,7,Concrete Technology,74.9,4,11,36,51,P
S13157,Unnikrishnan Jayan,Male,ECE,1,Signals & Systems,89.8,8,27,25,60,C
S13158,Vignesh Balan,Male,CSE,4,Big Data Processing,99.0,7,22,35,64,C
S13159,Simna Sait,Female,ME,2,Fluid Mechanics,73.3,7,11,50,68,C+
S13160,Gayathri Choudhary,Female,ME,8,Thermodynamics,66.3,9,27,50,86,A+
S13161,Vishnu Varma,Male,CSE,6,Software Engineering,79.4,9,10,45,64,C
S13162,Aravind Khurana,Male,ME,7,Fluid Mechanics,65.1,9,22,41,72,B
S13163,Athira Yadav,Female,ECE,5,Digital Electronics,95.1,3,30,37,70,B
S13164,Sruthi Sudhakaran,Female,CE,2,Surveying,80.6,9,10,37,56,D
S13165,Athira Neelakandan,Female,CE,8,Structural Analysis,62.3,8,22,60,90,S
S13166,Aswathy Suresh,Female,CSE,5,Big Data Processing,72.0,8,24,46,78,B+
S13167,Unnikrishnan Chandrasekharan,Male,ECE,7,Microprocessors,72.6,8,18,7,33,F
S13168,Manoj Jayan,Male,ECE,3,Signals & Systems,74.9,7,28,51,86,A+
S13169,Lakshmi Arora,Female,CE,7,Structural Analysis,100.0,6,30,34,70,B
S13170,Sreekumar Padmanabhan,Male,CSE,8,Computer Networks,66.1,6,16,32,54,P
S13171,Nandakumar Vasudevan,Male,CE,7,Geotechnical Engineering,59.8,9,14,39,62,C
S13172,Jyothsna Kumar,Female,CSE,6,Computer Networks,62.7,9,19,37,65,C+
S13173,Sinan Latif,Male,ME,7,Strength of Materials,60.5,5,15,60,80,A
S13174,Shilpa Chandran,Female,CE,4,Structural Analysis,62.0,7,18,45,70,B
S13175,Reeba Kochuveettil,Female,CSE,8,DBMS,67.2,8,21,43,72,B
S13176,Sanjay Desai,Male,CSE,8,Big Data Processing,76.3,8,18,31,57,D
S13177,Sowmya Balakrishnan,Female,CE,2,Concrete Technology,79.0,7,25,44,76,B+
S13178,Greeshma Bhardwaj,Female,CSE,1,Operating Systems,83.3,9,18,60,87,A+
S13179,Radhika Namputhiri,Female,ECE,3,Digital Electronics,91.9,9,23,50,82,A
S13180,Soumya Krishnan,Female,ECE,4,Communication Systems,83.2,7,28,32,67,C+
S13181,Priya Trivedi,Female,CSE,4,Software Engineering,74.1,8,30,60,98,S
S13182,Sujith Anilkumar,Male,CE,3,Geotechnical Engineering,75.8,8,29,56,93,S
S13183,Sanjay Kutty,Male,CSE,5,Big Data Processing,91.6,8,22,43,73,B
S13184,Reshma Ramakrishnan,Female,CSE,4,Data Structures,87.8,3,23,41,67,C+
S13185,Pradeep Panicker,Male,CE,4,Transportation Engineering,77.1,9,30,58,97,S
S13186,Anjali Jayan,Female,ME,2,Strength of Materials,82.0,6,20,51,77,B+
S13187,Ajay Gopalan,Male,ME,5,Fluid Mechanics,78.1,4,20,37,61,C
S13188,Sameera Hussain,Female,ECE,5,Communication Systems,84.1,5,18,25,48,F
S13189,Sinan Rawther,Male,ME,4,Thermodynamics,89.2,6,13,57,76,B+
S13190,Jyothsna Menon,Female,CSE,5,Big Data Processing,79.4,9,23,42,74,B
S13191,Aravind Prasad,Male,ME,8,Manufacturing Technology,55.7,8,30,44,82,A
S13192,Gayathri Prasad,Female,CE,8,Structural Analysis,85.1,8,19,45,72,B
S13193,Dinesh Malhotra,Male,ECE,7,Communication Systems,68.1,7,18,34,59,D
S13194,Rohan Unni,Male,ME,5,Machine Design,61.1,9,15,38,62,C
S13195,Aparna Chauhan,Female,ME,3,Manufacturing Technology,88.0,6,23,43,72,B
S13196,Ajay Vasudevan,Male,ECE,3,Signals & Systems,85.6,9,19,32,60,C
S13197,Priya Ashokan,Female,ME,2,Thermodynamics,71.0,7,26,49,82,A
S13198,Reshma Goel,Female,CSE,1,Computer Networks,84.1,10,22,47,79,B+
S13199,Greeshma Vijayan,Female,CSE,8,Computer Networks,85.0,7,24,60,91,S
S13200,Renjith Nair,Male,ME,6,Strength of Materials,85.9,5,20,48,73,B
S13201,Ajay Dubey,Male,ME,2,Machine Design,79.8,8,21,51,80,A
S13202,Resmi Pandey,Female,ME,4,Thermodynamics,93.6,8,19,48,75,B+
S13203,Suresh Bakshi,Male,ME,6,Manufacturing Technology,76.0,3,22,46,71,B
S13204,Anand Patel,Male,CSE,8,Operating Systems,66.7,7,30,23,60,C
S13205,Swathi Jayan,Female,CE,8,Surveying,81.3,5,18,58,81,A
S13206,Sudheesh Iyer,Male,ME,7,Machine Design,84.9,6,19,57,82,A
S13207,Nadhira Rahman,Female,ME,4,Manufacturing Technology,60.4,6,28,22,56,D
S13208,Remya Sudhakaran,Female,ME,4,Fluid Mechanics,100.0,5,20,48,73,B
S13209,Nandakumar Rao,Male,CSE,3,Data Structures,76.4,9,20,48,77,B+
S13210,Remya Mishra,Female,CSE,2,DBMS,78.9,10,21,60,91,S
S13211,Amrutha Kapoor,Female,ECE,6,Signals & Systems,85.0,6,19,47,72,B
S13212,Manu Unni,Male,CE,1,Transportation Engineering,65.5,8,30,36,74,B
S13213,Biju Chandran,Male,CE,6,Surveying,78.8,10,20,49,79,B+
S13214,Sneha Bhalla,Female,ECE,5,Communication Systems,65.5,5,30,50,85,A+
S13215,Radhika Jayan,Female,ECE,1,Communication Systems,72.3,10,30,41,81,A
S13216,Unnikrishnan Namboodiripad,Male,CSE,4,DBMS,94.8,7,18,52,77,B+
S13217,Swathi Poduval,Female,ME,1,Fluid Mechanics,70.0,8,19,52,79,B+
S13218,Radhika Krishnankutty,Female,CSE,7,Computer Networks,78.0,6,14,41,61,C
S13219,Divya Padmanabhan,Female,CE,8,Geotechnical Engineering,80.9,7,25,30,62,C
S13220,Vinod Unnithan,Male,CSE,3,Computer Networks,73.4,7,30,57,94,S
S13221,Naseer Farooqui,Male,ECE,2,Communication Systems,100.0,8,25,35,68,C+
S13222,Remya Padmanabhan,Female,ME,2,Manufacturing Technology,78.7,7,20,28,55,D
S13223,Neenu Idiculla,Female,ECE,7,Digital Electronics,81.8,6,24,44,74,B
S13224,Rohan Gopinathan,Male,CE,8,Transportation Engineering,83.6,4,15,27,46,F
S13225,Sujith Gopinathan,Male,CSE,7,Big Data Processing,83.1,6,24,32,62,C
S13226,Sindhu Thampuran,Female,CSE,7,Software Engineering,77.7,4,25,50,79,B+
S13227,Greeshma Vinod,Female,ECE,1,Microprocessors,75.5,8,27,47,82,A
S13228,Pradeep Raj,Male,CE,1,Structural Analysis,76.1,5,18,45,68,C+
S13229,Ramesh Nambiar,Male,CE,3,Concrete Technology,86.8,10,14,55,79,B+
S13230,Sowmya Prasad,Female,CSE,8,Data Structures,85.5,10,22,44,76,B+
S13231,Radhika Kurup,Female,ECE,4,VLSI Design,83.7,9,25,35,69,C+
S13232,Anjali Prakash,Female,ME,6,Strength of Materials,83.9,5,21,41,67,C+
S13233,Prasanth Prakash,Male,ECE,2,VLSI Design,62.3,8,18,49,75,B+
S13234,Suhail Thangal,Male,CE,8,Concrete Technology,59.6,6,25,60,91,S
S13235,Rohan Thampuran,Male,CSE,4,Software Engineering,63.4,8,14,54,76,B+
S13236,Neethu Sankar,Female,ECE,8,Signals & Systems,83.1,5,20,46,71,B
S13237,Sreelakshmi Kaimal,Female,CSE,1,Computer Networks,76.7,6,14,12,32,F
S13238,Anu Vinod,Female,CSE,8,DBMS,84.2,7,29,60,96,S
S13239,Akhil Raghavan,Male,CSE,5,Big Data Processing,68.8,8,18,52,78,B+
S13240,Manu Kapoor,Male,CE,7,Surveying,76.4,8,21,36,65,C+
S13241,Anand Sreedharan,Male,CE,6,Structural Analysis,83.4,8,21,28,57,D
S13242,Jaseem Aziz,Male,CSE,1,Software Engineering,73.5,8,25,60,93,S
S13243,Sreekumar Solanki,Male,ECE,7,Digital Electronics,80.1,4,27,52,83,A
S13244,Sameer Naeem,Male,ME,8,Thermodynamics,85.3,7,24,59,90,S
S13245,Aravind Warrier,Male,ECE,5,VLSI Design,84.5,10,20,37,67,C+
S13246,Suresh Sinha,Male,ECE,6,VLSI Design,75.6,9,23,60,92,S
S13247,Imran Sait,Male,CSE,2,Big Data Processing,68.3,4,22,48,74,B
S13248,Sowmya Chauhan,Female,CE,7,Concrete Technology,87.1,3,14,57,74,B
S13249,Anitha Namboothiri,Female,CSE,3,Data Structures,90.8,7,16,34,57,D
S13250,Sanjay Pandey,Male,CSE,4,Data Structures,95.6,9,25,60,94,S
S13251,Priya Pandey,Female,ME,5,Fluid Mechanics,88.5,7,27,38,72,B
S13252,Biju Kutty,Male,ECE,6,Communication Systems,57.8,6,26,38,70,B
S13253,Anitha Sathyan,Female,CSE,1,DBMS,84.4,8,12,16,36,F
S13254,Priya Narayanan,Female,CSE,6,Big Data Processing,94.3,8,30,50,88,A+
S13255,Akhil Venugopal,Male,CSE,2,Software Engineering,77.6,5,14,42,61,C
S13256,Nimisha Varma,Female,ME,1,Manufacturing Technology,87.1,5,16,27,48,F
S13257,Rafeeqa Farooqui,Female,ECE,8,VLSI Design,65.7,8,17,33,58,D
S13258,Riya Pulickal,Female,ECE,6,Microprocessors,83.0,9,25,40,74,B
S13259,Sneha Bhardwaj,Female,ME,4,Manufacturing Technology,66.5,8,12,29,49,F
S13260,Vinod Khurana,Male,ME,4,Thermodynamics,56.1,10,25,43,78,B+
S13261,Lakshmi Agrawal,Female,CSE,4,Software Engineering,61.4,6,23,57,86,A+
S13262,Soumya Balan,Female,ECE,8,Signals & Systems,68.5,5,16,35,56,D
S13263,Aswathy Raj,Female,ME,4,Strength of Materials,88.9,5,23,29,57,D
S13264,Greeshma Manoharan,Female,CE,1,Transportation Engineering,79.7,7,22,52,81,A
S13265,Aswathy Ramakrishnan,Female,ECE,5,Signals & Systems,79.0,9,16,43,68,C+
S13266,Vignesh Ashokan,Male,CE,2,Structural Analysis,96.9,7,19,44,70,B
S13267,Shameer Rahman,Male,ME,8,Strength of Materials,100.0,7,21,45,73,B
S13268,Naveen Chowdhury,Male,ECE,2,Digital Electronics,67.8,6,30,38,74,B
S13269,Sreejith Chandran,Male,CE,1,Transportation Engineering,98.5,6,20,40,66,C+
S13270,Manu Rajendran,Male,CSE,3,Data Structures,54.7,8,2,47,57,D
S13271,Sreekumar Sankar,Male,ME,1,Machine Design,76.8,7,30,45,82,A
S13272,Vijay Das,Male,CSE,2,Big Data Processing,60.5,6,17,60,83,A
S13273,Prasanth Sharma,Male,ECE,6,Signals & Systems,96.2,7,12,51,70,B
S13274,Manoj Mishra,Male,ECE,2,Microprocessors,80.6,6,23,50,79,B+
S13275,Gokul Malhotra,Male,CE,8,Geotechnical Engineering,96.9,8,12,56,76,B+
S13276,Sudheesh Unni,Male,ECE,2,VLSI Design,75.7,8,19,44,71,B
S13277,Anas Muneer,Male,CE,2,Geotechnical Engineering,71.7,8,28,60,96,S
S13278,Parvathy Malhotra,Female,CE,7,Geotechnical Engineering,76.1,9,30,53,92,S
S13279,Vishnu Shukla,Male,ECE,3,Digital Electronics,78.0,8,20,30,58,D
S13280,Nazar Rahman,Male,CSE,4,DBMS,71.6,7,30,43,80,A
S13281,Greeshma Pillai,Female,ME,5,Manufacturing Technology,97.4,5,27,50,82,A
S13282,Sanjay Sreedharan,Male,ECE,1,VLSI Design,85.2,6,20,16,42,F
S13283,Divya Sivan,Female,CSE,1,Operating Systems,98.6,5,27,46,78,B+
S13284,Devika Bhardwaj,Female,ECE,5,VLSI Design,73.4,7,16,38,61,C
S13285,Rukhsar Basha,Female,ME,1,Strength of Materials,96.3,7,23,53,83,A
S13286,Athira Mohan,Female,CSE,7,Big Data Processing,92.4,6,20,49,75,B+
S13287,Suresh Sudhakaran,Male,CE,4,Surveying,72.5,8,20,50,78,B+
S13288,Anna Alex,Female,CSE,6,Data Structures,85.2,9,11,45,65,C+
S13289,Parvathy Narayanan,Female,ME,1,Manufacturing Technology,71.5,7,9,15,31,F
S13290,Akhil Ramakrishnan,Male,CSE,2,Operating Systems,69.8,9,20,40,69,C+
S13291,Pradeep Balan,Male,ECE,8,Signals & Systems,82.8,9,19,32,60,C
S13292,Nimisha Radhakrishnan,Female,ECE,5,Signals & Systems,88.8,7,24,43,74,B
S13293,Manu Krishnankutty,Male,ME,2,Strength of Materials,83.1,6,21,59,86,A+
S13294,Deepthi Bhatt,Female,CE,7,Concrete Technology,99.5,9,20,41,70,B
S13295,Biju Rajagopal,Male,ME,2,Thermodynamics,70.2,5,19,22,46,F
S13296,Adithya Thampuran,Male,ECE,8,Digital Electronics,81.5,7,18,47,72,B
S13297,Nikhil Venugopal,Male,ECE,7,Signals & Systems,79.4,8,24,46,78,B+
S13298,Sudheesh Rajan,Male,ECE,3,Signals & Systems,88.4,9,28,36,73,B
S13299,Rajesh Chopra,Male,CSE,8,Operating Systems,93.8,5,12,37,54,P
S13300,Parvathy Shukla,Female,CSE,2,Data Structures,85.5,6,15,48,69,C+
S13301,Rohan Radhakrishnan,Male,CE,3,Transportation Engineering,72.9,7,18,44,69,C+
S13302,Gayathri Namboodiripad,Female,CSE,7,DBMS,75.8,7,26,46,79,B+
S13303,Madhu Namboothiri,Male,CE,7,Transportation Engineering,70.7,7,16,57,80,A
S13304,Bibinlal Varghese,Male,CE,7,Structural Analysis,84.0,9,22,43,74,B
S13305,Ajay Anilkumar,Male,ME,6,Strength of Materials,51.3,7,13,40,60,C
S13306,Meera Kapoor,Female,ME,6,Manufacturing Technology,59.0,9,14,49,72,B
S13307,Suresh Sharma,Male,ME,3,Thermodynamics,68.4,7,16,54,77,B+
S13308,Aiswarya Iyer,Female,CE,1,Concrete Technology,90.1,8,11,34,53,P
S13309,Shilpa Choudhary,Female,CSE,5,Operating Systems,93.0,10,24,41,75,B+
S13310,Divya Achari,Female,ECE,6,Signals & Systems,75.9,9,27,28,64,C
S13311,Nandakumar Agarwal,Male,CE,3,Structural Analysis,93.5,9,25,24,58,D
S13312,Anand Pradeep,Male,CE,2,Concrete Technology,80.2,5,27,45,77,B+
S13313,Remya Kumar,Female,CE,8,Transportation Engineering,84.0,9,21,53,83,A
S13314,Balachandran Yadav,Male,CSE,1,Software Engineering,100.0,7,30,34,71,B
S13315,Akhil Bhalla,Male,ECE,2,VLSI Design,95.2,10,12,39,61,C
S13316,Suhana Aslam,Female,CE,5,Structural Analysis,84.9,8,29,60,97,S
S13317,Aiswarya Sudhakaran,Female,CSE,7,Computer Networks,93.1,4,11,42,57,D
S13318,Karthik Rajagopal,Male,CSE,1,DBMS,78.8,9,19,31,59,D
S13319,Resmi Sreedharan,Female,ME,6,Strength of Materials,77.8,7,7,29,43,F
S13320,Sinan Karim,Male,ECE,2,Digital Electronics,84.1,8,23,30,61,C
S13321,Anitha Vasudevan,Female,CE,4,Concrete Technology,87.6,5,30,34,69,C+
S13322,Bindu Desai,Female,ECE,5,Microprocessors,60.9,6,24,32,62,C
S13323,Madhu Choudhary,Male,ME,7,Strength of Materials,81.2,6,16,45,67,C+
S13324,Sruthi Bhaskaran,Female,ME,2,Thermodynamics,72.2,7,21,43,71,B
S13325,Jasmin Junaid,Female,CSE,2,Computer Networks,61.5,10,22,47,79,B+
S13326,Aravind Mishra,Male,CSE,4,Data Structures,73.3,9,22,36,67,C+
S13327,Gokul Chandran,Male,ME,5,Thermodynamics,59.1,10,21,49,80,A
S13328,Aparna Rao,Female,CE,7,Geotechnical Engineering,76.1,8,17,60,85,A+
S13329,Vinod Mishra,Male,ECE,4,Signals & Systems,100.0,8,22,53,83,A
S13330,Neethu Padmanabhan,Female,CSE,3,Big Data Processing,83.2,9,26,47,82,A
S13331,Manu Agrawal,Male,CE,1,Surveying,64.8,8,15,58,81,A
S13332,Gokul Sethi,Male,ME,4,Manufacturing Technology,90.6,7,20,35,62,C
S13333,Sanjay Thampuran,Male,CSE,6,Software Engineering,73.9,9,14,39,62,C
S13334,Lakshmi Pisharody,Female,ME,6,Thermodynamics,91.2,9,26,56,91,S
S13335,Vineetha Pandey,Female,CSE,3,DBMS,87.0,9,16,52,77,B+
S13336,Neethu Chowdhury,Female,CE,6,Concrete Technology,81.0,6,23,53,82,A
S13337,Pradeep Bansal,Male,CE,7,Geotechnical Engineering,69.7,7,23,42,72,B
S13338,Radhika Dinesh,Female,CE,2,Surveying,86.6,6,23,30,59,D
S13339,Sreejith Unni,Male,CE,8,Surveying,62.8,4,17,32,53,P
S13340,Manu Malhotra,Male,ME,8,Strength of Materials,81.1,7,26,47,80,A
S13341,Pradeep Kumar,Male,CE,8,Transportation Engineering,88.4,6,29,53,88,A+
S13342,Gokul Naidu,Male,ME,5,Thermodynamics,72.5,6,22,42,70,B
S13343,Swathi Trivedi,Female,CE,8,Geotechnical Engineering,97.4,7,20,35,62,C
S13344,Aravind Padmanabhan,Male,CE,4,Concrete Technology,80.8,8,25,37,70,B
S13345,Anand Agrawal,Male,CE,2,Structural Analysis,84.5,5,25,45,75,B+
S13346,Naveen Yadav,Male,ECE,6,VLSI Design,80.6,9,27,36,72,B
S13347,Priya Bansal,Female,CE,2,Structural Analysis,82.3,5,22,51,78,B+
S13348,Vinod Rajan,Male,CE,2,Surveying,100.0,5,22,43,70,B
S13349,Adithya Madhavan,Male,CSE,6,Data Structures,71.3,8,19,55,82,A
S13350,Anitha Sreedharan,Female,CE,6,Surveying,79.2,4,21,44,69,C+
S13351,Soumya Mishra,Female,CSE,6,Data Structures,63.1,7,20,49,76,B+
S13352,Athira Varma,Female,CE,8,Transportation Engineering,66.0,5,28,44,77,B+
S13353,Neethu Krishnan,Female,CSE,7,Operating Systems,55.8,6,23,42,71,B
S13354,Manu Mohan,Male,CSE,7,Operating Systems,86.3,8,25,55,88,A+
S13355,Jithin Rao,Male,ME,7,Manufacturing Technology,89.3,10,29,42,81,A
S13356,Sindhu Agrawal,Female,ME,7,Fluid Mechanics,56.3,7,27,45,79,B+
S13357,Sanjay Dubey,Male,CE,5,Transportation Engineering,67.5,6,21,37,64,C
S13358,Dinesh Namputhiri,Male,CE,3,Surveying,87.4,10,16,41,67,C+
S13359,Nithya Pradeep,Female,CE,6,Transportation Engineering,100.0,8,17,49,74,B
S13360,Shilpa Namboothiri,Female,ME,3,Fluid Mechanics,68.9,8,28,44,80,A
S13361,Aparna Marar,Female,CE,1,Structural Analysis,73.8,10,24,36,70,B
S13362,Rafi Karim,Male,ME,6,Strength of Materials,95.6,10,23,29,62,C
S13363,Balachandran Rao,Male,CSE,5,Software Engineering,88.3,8,24,60,92,S
S13364,Anagha Das,Female,ECE,7,Communication Systems,82.9,5,22,49,76,B+
S13365,Arjun Kutty,Male,ECE,8,Microprocessors,78.2,8,10,41,59,D
S13366,Madhu Balan,Male,ME,7,Strength of Materials,58.3,9,17,51,77,B+
S13367,Prasanth Unni,Male,ME,6,Manufacturing Technology,84.0,5,14,60,79,B+
S13368,Athulya Pradeep,Female,CSE,2,Software Engineering,63.9,7,17,55,79,B+
S13369,Aravind Dinesh,Male,CSE,7,Data Structures,74.6,6,15,21,42,F
S13370,Sudheesh Kurup,Male,CE,7,Transportation Engineering,92.8,9,20,55,84,A
S13371,Nandakumar Sethi,Male,CSE,1,Operating Systems,83.9,6,18,33,57,D
S13372,Sudheesh Ashokan,Male,ME,3,Manufacturing Technology,72.7,8,13,38,59,D
S13373,Deepthi Nair,Female,ME,7,Machine Design,84.5,6,13,19,38,F
S13374,Devika Poduval,Female,CE,3,Concrete Technology,83.8,8,19,53,80,A
S13375,Soumya Anilkumar,Female,CSE,5,Computer Networks,61.2,8,22,42,72,B
S13376,Sreelakshmi Agrawal,Female,CSE,2,Data Structures,85.0,6,20,30,56,D
S13377,Nikhil Rajan,Male,CSE,2,Big Data Processing,80.9,7,17,29,53,P
S13378,Nikhil Sharma,Male,ECE,7,VLSI Design,61.7,7,25,35,67,C+
S13379,Sabira Siddiqui,Female,CSE,1,DBMS,64.0,9,20,49,78,B+
S13380,Rajesh Varma,Male,ECE,1,Signals & Systems,90.3,8,23,29,60,C
S13381,Amrutha Bakshi,Female,CE,3,Transportation Engineering,82.4,9,26,44,79,B+
S13382,Renjith Tiwari,Male,CE,5,Structural Analysis,62.1,8,27,49,84,A
S13383,Anoop Kunjunni,Male,ECE,4,Signals & Systems,71.4,10,25,32,67,C+
S13384,Neethu Radhakrishnan,Female,CE,8,Structural Analysis,56.2,8,15,54,77,B+
S13385,Simna Shukoor,Female,ECE,8,Digital Electronics,91.2,7,24,44,75,B+
S13386,Greeshma Raghavan,Female,CSE,5,Software Engineering,66.9,8,21,60,89,A+
S13387,Rahul Anilkumar,Male,CE,6,Surveying,67.7,6,22,60,88,A+
S13388,Prasanth Malhotra,Male,CE,7,Concrete Technology,59.1,5,26,41,72,B
S13389,Sudheesh Chandran,Male,CE,8,Transportation Engineering,96.5,8,14,39,61,C
S13390,Pradeep Vasu,Male,CE,5,Concrete Technology,76.4,4,17,36,57,D
S13391,Ramesh Kapoor,Male,CSE,6,Software Engineering,68.3,4,9,48,61,C
S13392,Vineetha Varma,Female,CE,3,Geotechnical Engineering,82.9,3,23,35,61,C
S13393,Remya Chandran,Female,ME,8,Strength of Materials,85.3,5,16,33,54,P
S13394,Lakshmi Karthikeyan,Female,ME,3,Fluid Mechanics,60.6,9,19,32,60,C
S13395,Biju Manoharan,Male,CE,4,Structural Analysis,100.0,8,20,60,88,A+
S13396,Greeshma Chandrasekharan,Female,CE,4,Structural Analysis,74.3,8,15,48,71,B
S13397,Anand Venugopal,Male,ECE,8,VLSI Design,100.0,7,28,39,74,B
S13398,Jaseem Wahab,Male,CE,2,Transportation Engineering,65.8,6,26,12,44,F
S13399,Manu Sethi,Male,ECE,5,Microprocessors,66.8,8,30,31,69,C+
S13400,Arjun Unnithan,Male,CSE,4,Operating Systems,96.2,7,30,36,73,B
S13401,Sudheesh Unnithan,Male,CSE,2,Data Structures,100.0,7,23,57,87,A+
S13402,Resmi Menon,Female,ME,6,Manufacturing Technology,84.5,6,28,45,79,B+
S13403,Gokul Vasu,Male,CE,4,Transportation Engineering,63.4,7,23,51,81,A
S13404,Vignesh Chandran,Male,CSE,3,Big Data Processing,83.2,8,18,50,76,B+
S13405,Farha Baig,Female,CSE,4,Software Engineering,62.7,10,10,27,47,F
S13406,Priya Bakshi,Female,CSE,6,Software Engineering,94.4,3,26,40,69,C+
S13407,Manoj Pisharody,Male,ECE,4,Signals & Systems,71.0,6,25,41,72,B
S13408,Renjith Solanki,Male,CE,5,Geotechnical Engineering,67.4,6,18,28,52,P
S13409,Ajay Karthikeyan,Male,CSE,7,Data Structures,73.3,8,19,35,62,C
S13410,Radhika Chowdhury,Female,CSE,1,Computer Networks,56.3,4,28,43,75,B+
S13411,Sindhu Solanki,Female,ECE,6,Signals & Systems,84.6,8,25,44,77,B+
S13412,Nikhil Bansal,Male,ME,5,Strength of Materials,85.7,9,20,36,65,C+
S13413,Rohan Sharma,Male,ME,3,Machine Design,78.6,8,26,26,60,C
S13414,Jyothsna Raman,Female,ME,8,Machine Design,94.9,9,19,41,69,C+
S13415,Karthik Trivedi,Male,CSE,3,Software Engineering,65.0,4,25,45,74,B
S13416,Aparna Verma,Female,ME,3,Machine Design,73.5,7,24,31,62,C
S13417,Sindhu Sasidharan,Female,ME,1,Thermodynamics,67.1,7,28,43,78,B+
S13418,Shilpa Bhattathiri,Female,CSE,7,Big Data Processing,64.9,7,16,43,66,C+
S13419,Arjun Gupta,Male,CSE,4,DBMS,83.4,8,22,40,70,B
S13420,Aiswarya Gopinathan,Female,ME,7,Machine Design,90.1,6,19,36,61,C
S13421,Soumya Gopalan,Female,ME,5,Machine Design,96.1,8,30,40,78,B+
S13422,Vinod Karthikeyan,Male,ECE,3,Communication Systems,62.7,9,15,42,66,C+
S13423,Pradeep Krishnankutty,Male,ECE,1,Digital Electronics,69.4,5,20,34,59,D
S13424,Anoop Kartha,Male,CE,5,Structural Analysis,97.5,8,14,39,61,C
S13425,Soumya Kaimal,Female,CE,8,Geotechnical Engineering,63.7,7,20,50,77,B+
S13426,Priya Bhattathiri,Female,ME,7,Thermodynamics,72.9,7,23,39,69,C+
S13427,Sanjay Namboodiripad,Male,ME,4,Manufacturing Technology,77.3,6,22,17,45,F
S13428,Nazar Aslam,Male,ME,1,Thermodynamics,74.0,7,19,26,52,P
S13429,Anumol Vaz,Female,CSE,8,Software Engineering,86.3,5,21,36,62,C
S13430,Remya Kaimal,Female,CE,2,Concrete Technology,76.9,6,24,39,69,C+
S13431,Nithya Sharma,Female,ECE,3,Signals & Systems,86.4,9,26,16,51,P
S13432,Sanjay Achari,Male,ECE,1,Microprocessors,83.2,9,21,36,66,C+
S13433,Jyothsna Trivedi,Female,ME,4,Strength of Materials,57.0,8,13,53,74,B
S13434,Balachandran Agarwal,Male,ECE,6,Digital Electronics,70.2,7,21,58,86,A+
S13435,Sanjay Karthikeyan,Male,ME,3,Strength of Materials,73.8,7,18,46,71,B
S13436,Athulya Ramesh,Female,CSE,1,Computer Networks,75.0,5,15,57,77,B+
S13437,Resmi Rajendran,Female,CE,5,Structural Analysis,78.7,9,24,36,69,C+
S13438,Swathi Bakshi,Female,CE,8,Structural Analysis,70.0,9,25,37,71,B
S13439,Biju Desai,Male,ME,2,Manufacturing Technology,85.3,7,17,43,67,C+
S13440,Sowmya Unnithan,Female,ME,2,Fluid Mechanics,89.2,8,15,60,83,A
S13441,Neethu Desai,Female,ME,7,Machine Design,76.4,6,25,60,91,S
S13442,Pradeep Unni,Male,CE,1,Concrete Technology,92.2,10,17,21,48,F
S13443,Greeshma Thampuran,Female,ECE,4,Microprocessors,52.1,10,23,45,78,B+
S13444,Sameer Yusuf,Male,CSE,4,Operating Systems,88.0,8,29,26,63,C
S13445,Sini Vaz,Female,ECE,6,Signals & Systems,58.2,8,28,37,73,B
S13446,Anand Verma,Male,ECE,5,VLSI Design,71.5,5,27,52,84,A
S13447,Balachandran Namboothiri,Male,CE,6,Structural Analysis,79.4,7,20,34,61,C
S13448,Deepak Kaimal,Male,CE,1,Structural Analysis,95.9,8,17,42,67,C+
S13449,Greeshma Ramakrishnan,Female,ECE,5,Microprocessors,98.6,10,11,46,67,C+
S13450,Ramesh Rao,Male,CSE,5,Big Data Processing,64.7,5,18,23,46,F
S13451,Remya Rajagopal,Female,CSE,1,DBMS,81.0,7,24,41,72,B
S13452,Nandakumar Bhalla,Male,CE,4,Concrete Technology,69.8,7,18,49,74,B
S13453,Prasanth Agrawal,Male,CE,8,Geotechnical Engineering,90.0,9,20,42,71,B
S13454,Vishnu Saxena,Male,CE,2,Structural Analysis,70.8,5,8,33,46,F
S13455,Anagha Namboodiripad,Female,CSE,4,Software Engineering,79.4,7,22,56,85,A+
S13456,Ramesh Krishnankutty,Male,ECE,7,Communication Systems,88.4,7,18,56,81,A
S13457,Manoj Dubey,Male,CSE,5,Operating Systems,75.6,10,19,51,80,A
S13458,Meera Namboothiri,Female,CE,6,Structural Analysis,71.2,8,18,54,80,A
S13459,Lakshmi Prakash,Female,CE,7,Concrete Technology,55.2,9,24,47,80,A
S13460,Manoj Saxena,Male,ME,1,Fluid Mechanics,58.9,9,25,52,86,A+
S13461,Haritha Jayan,Female,ECE,6,Communication Systems,72.1,3,19,48,70,B
S13462,Greeshma Tiwari,Female,CE,8,Concrete Technology,77.9,8,22,48,78,B+
S13463,Priya Chandra,Female,CSE,4,Software Engineering,84.1,8,20,40,68,C+
S13464,Vinod Kutty,Male,ME,7,Fluid Mechanics,85.9,7,24,45,76,B+
S13465,Vignesh Agrawal,Male,CE,1,Structural Analysis,76.7,9,27,52,88,A+
S13466,Gayathri Varma,Female,ME,5,Thermodynamics,58.8,7,20,36,63,C
S13467,Sindhu Kaimal,Female,CSE,1,DBMS,58.4,5,21,39,65,C+
S13468,Devika Chandra,Female,ECE,1,Signals & Systems,79.8,8,22,60,90,S
S13469,Vidya Neelakandan,Female,ECE,8,Digital Electronics,70.4,8,19,40,67,C+
S13470,Manu Bhardwaj,Male,CSE,1,DBMS,80.6,6,20,46,72,B
S13471,Karthik Balan,Male,ME,5,Machine Design,76.8,7,20,23,50,P
S13472,Resmi Kurup,Female,ME,1,Machine Design,58.9,8,26,45,79,B+
S13473,Sudheesh Arora,Male,ME,5,Manufacturing Technology,89.0,8,22,36,66,C+
S13474,Aswathy Choudhary,Female,CE,6,Geotechnical Engineering,81.0,8,16,23,47,F
S13475,Aparna Agrawal,Female,ME,8,Thermodynamics,82.8,7,29,60,96,S
S13476,Aswathy Sreekumar,Female,CSE,6,DBMS,99.3,10,23,37,70,B
S13477,Sreekumar Bhalla,Male,ECE,3,Microprocessors,83.3,7,12,59,78,B+
S13478,Athira Sudhakaran,Female,CE,5,Geotechnical Engineering,87.8,8,19,60,87,A+
S13479,Sarath Chowdhury,Male,CSE,1,Computer Networks,85.9,9,23,26,58,D
S13480,Parvathy Raghavan,Female,CE,2,Concrete Technology,79.3,9,18,49,76,B+
S13481,Nikhil Madhavan,Male,ME,6,Thermodynamics,86.6,7,22,52,81,A
S13482,Nithya Vinod,Female,ECE,7,Digital Electronics,93.9,7,18,41,66,C+
S13483,Haritha Prakash,Female,CSE,7,Software Engineering,70.8,8,20,48,76,B+
S13484,Sreelakshmi Menon,Female,ECE,3,Signals & Systems,89.7,7,17,33,57,D
S13485,Vijay Krishnan,Male,CSE,7,Big Data Processing,82.7,9,18,36,63,C
S13486,Radhika Menon,Female,ECE,1,Communication Systems,82.1,8,27,44,79,B+
S13487,Suhana Anwar,Female,CSE,4,Big Data Processing,73.8,7,15,39,61,C
S13488,Nandakumar Madhavan,Male,ECE,7,Digital Electronics,72.0,6,24,38,68,C+
S13489,Divya Trivedi,Female,CSE,5,DBMS,69.6,8,20,57,85,A+
S13490,Aravind Srivastava,Male,ME,2,Machine Design,52.2,7,21,44,72,B
S13491,Sabira Nadeem,Female,CSE,7,DBMS,66.6,7,20,60,87,A+
S13492,Neethu Unni,Female,CE,7,Transportation Engineering,84.7,7,30,30,67,C+
S13493,Swathi Mahesh,Female,ECE,4,Digital Electronics,64.1,8,18,32,58,D
S13494,Rahul Gopalan,Male,ME,6,Manufacturing Technology,95.0,6,20,51,77,B+
S13495,Aswathy Pradeep,Female,CSE,4,DBMS,61.6,7,22,53,82,A
S13496,Suhail Bava,Male,ECE,3,Digital Electronics,71.7,8,23,20,51,P
S13497,Nandakumar Sharma,Male,CSE,8,Computer Networks,78.1,9,20,47,76,B+
S13498,Rahul Madhavan,Male,CSE,1,Data Structures,56.6,6,22,55,83,A
S13499,Amrutha Anandan,Female,CE,3,Structural Analysis,73.1,5,22,29,56,D
S13500,Jyothsna Suresh,Female,ME,7,Fluid Mechanics,71.5,4,19,25,48,F
S13501,Greeshma Pandey,Female,CSE,6,Data Structures,73.3,5,14,24,43,F
S13502,Rohan Sreekumar,Male,CE,2,Transportation Engineering,86.6,7,24,55,86,A+
S13503,Ramesh Pradeep,Male,ECE,7,Digital Electronics,66.9,7,24,44,75,B+
S13504,Anu Dinesh,Female,CE,2,Geotechnical Engineering,76.7,8,19,37,64,C
S13505,Aparna Sasidharan,Female,CE,5,Surveying,70.2,6,21,44,71,B
S13506,Vinod Namputhiri,Male,CE,4,Surveying,75.0,9,25,60,94,S
S13507,Nadhira Koya,Female,ECE,6,Communication Systems,75.1,9,24,34,67,C+
S13508,Meera Sankar,Female,ME,8,Thermodynamics,67.5,9,16,46,71,B
S13509,Sameer Ashraf,Male,ME,7,Manufacturing Technology,77.3,8,25,47,80,A
S13510,Nikhil Krishnan,Male,CE,4,Structural Analysis,77.2,7,29,45,81,A
S13511,Shefeek Qureshi,Male,ME,3,Strength of Materials,76.5,4,19,60,83,A
S13512,Sneha Mahesh,Female,CE,7,Geotechnical Engineering,89.9,10,19,50,79,B+
S13513,Bindu Joshi,Female,CSE,4,Data Structures,87.1,7,20,29,56,D
S13514,Pradeep Khurana,Male,CSE,7,Big Data Processing,83.4,7,21,60,88,A+
S13515,Resmi Bakshi,Female,CE,7,Transportation Engineering,53.5,8,23,34,65,C+
S13516,Soumya Suresh,Female,CE,4,Surveying,87.0,7,21,55,83,A
S13517,Rajesh Vasudevan,Male,CE,2,Geotechnical Engineering,79.6,6,27,40,73,B
S13518,Kevin Vellappally,Male,ECE,2,Microprocessors,63.6,9,26,55,90,S
S13519,Soumya Gupta,Female,CE,2,Transportation Engineering,67.1,8,21,40,69,C+
S13520,Aiswarya Narayanan,Female,CE,6,Surveying,81.1,6,22,44,72,B
S13521,Sindhu Chowdhury,Female,CE,7,Surveying,91.4,9,18,56,83,A
S13522,Devika Balan,Female,ME,7,Strength of Materials,83.1,6,12,45,63,C
S13523,Jithin Nambiar,Male,CE,7,Surveying,61.7,7,20,39,66,C+
S13524,Manu Sasidharan,Male,ME,7,Thermodynamics,91.2,5,29,36,70,B
S13525,Soumya Unnithan,Female,CSE,2,Computer Networks,100.0,4,21,19,44,F
S13526,Akhil Das,Male,CE,7,Transportation Engineering,96.1,9,16,49,74,B
S13527,Prasanth Anandan,Male,ECE,7,Microprocessors,95.9,8,29,52,89,A+
S13528,Simna Ansari,Female,ME,2,Manufacturing Technology,73.8,4,24,40,68,C+
S13529,Unnikrishnan Vallikkat,Male,ECE,2,Communication Systems,64.2,8,24,39,71,B
S13530,Neethu Vinod,Female,CSE,4,Data Structures,79.2,9,28,44,81,A
S13531,Vijay Pillai,Male,ME,6,Strength of Materials,77.2,7,18,52,77,B+
S13532,Anu Prakash,Female,ECE,4,Microprocessors,100.0,6,23,31,60,C
S13533,Bindu Vasudevan,Female,ME,3,Thermodynamics,78.8,3,27,25,55,D
S13534,Sameera Muneer,Female,CSE,1,Software Engineering,69.3,6,14,44,64,C
S13535,Prasanth Bhardwaj,Male,ME,6,Fluid Mechanics,80.9,7,17,38,62,C
S13536,Gokul Iyer,Male,ME,8,Fluid Mechanics,83.9,5,12,49,66,C+
S13537,Bijo Areeparampil,Male,CE,1,Geotechnical Engineering,88.9,6,23,41,70,B
S13538,Reshma Arora,Female,ECE,5,Digital Electronics,82.1,5,12,40,57,D
S13539,Sruthi Naidu,Female,CE,5,Surveying,61.6,6,24,25,55,D
S13540,Rahul Anandan,Male,ECE,3,Signals & Systems,74.6,6,26,46,78,B+
S13541,Bijesh Rodrigues,Male,ME,2,Machine Design,71.6,10,14,23,47,F
S13542,Vineetha Kurup,Female,ECE,5,Microprocessors,89.3,7,23,31,61,C
S13543,Soumya Poduval,Female,CSE,7,Operating Systems,81.0,7,23,45,75,B+
S13544,Anoop Goel,Male,CE,5,Transportation Engineering,82.2,4,9,39,52,P
S13545,Anjali Venugopal,Female,ECE,2,Digital Electronics,79.3,9,22,49,80,A
S13546,Rajesh Saxena,Male,CE,5,Structural Analysis,69.2,7,20,53,80,A
S13547,Nimisha Rajendran,Female,CE,3,Structural Analysis,83.0,9,19,60,88,A+
S13548,Anagha Jayan,Female,CE,4,Structural Analysis,84.1,8,26,44,78,B+
S13549,Sarath Choudhary,Male,ME,2,Machine Design,76.4,8,23,31,62,C
S13550,Vishnu Sasidharan,Male,CSE,7,DBMS,86.2,8,23,14,45,F
S13551,Athulya Shukla,Female,CSE,6,Big Data Processing,88.1,9,23,50,82,A
S13552,Nandakumar Trivedi,Male,CE,1,Geotechnical Engineering,72.3,7,14,46,67,C+
S13553,Sarath Poduval,Male,ME,6,Manufacturing Technology,73.3,7,14,55,76,B+
S13554,Naveen Reddy,Male,ECE,2,Signals & Systems,75.5,5,20,59,84,A
S13555,Rashid Marakkar,Male,CE,7,Transportation Engineering,67.7,5,19,35,59,D
S13556,Akhil Gupta,Male,CSE,7,Operating Systems,75.3,9,15,30,54,P
S13557,Gokul Mishra,Male,CE,4,Geotechnical Engineering,82.5,10,20,59,89,A+
S13558,Divya Rao,Female,ME,6,Machine Design,65.9,8,30,28,66,C+
S13559,Ramesh Sharma,Male,ECE,3,Microprocessors,65.6,10,24,33,67,C+
S13560,Vignesh Saxena,Male,CSE,7,Software Engineering,85.0,7,28,37,72,B
S13561,Gayathri Raman,Female,CSE,7,Computer Networks,77.1,9,18,47,74,B
S13562,Sindhu Jayan,Female,CSE,4,DBMS,64.4,5,23,42,70,B
S13563,Swathi Sethi,Female,CE,1,Geotechnical Engineering,91.7,8,14,42,64,C
S13564,Nikhil Anilkumar,Male,CSE,3,Operating Systems,64.5,7,25,57,89,A+
S13565,Aravind Anandan,Male,ECE,2,Microprocessors,73.6,9,30,53,92,S
S13566,Sameer Shukoor,Male,CSE,3,Operating Systems,91.7,5,30,40,75,B+
S13567,Amrutha Prakash,Female,ECE,3,Signals & Systems,96.1,5,12,27,44,F
S13568,Athulya Bansal,Female,ME,8,Manufacturing Technology,63.4,5,21,60,86,A+
S13569,Sindhu Dinesh,Female,CSE,1,Data Structures,56.9,6,23,36,65,C+
S13570,Aswathy Varma,Female,CSE,7,Data Structures,54.2,6,22,47,75,B+
S13571,Vignesh Prasad,Male,CE,7,Geotechnical Engineering,64.9,5,20,36,61,C
S13572,Ramesh Joshi,Male,CSE,3,DBMS,62.0,10,23,34,67,C+
S13573,Divya Namboodiripad,Female,ECE,7,Digital Electronics,85.1,10,6,51,67,C+
S13574,Manoj Unni,Male,CSE,8,DBMS,66.3,10,27,39,76,B+
S13575,Ramesh Kurup,Male,ECE,4,VLSI Design,69.6,4,13,30,47,F
S13576,Bindu Tiwari,Female,CSE,8,Operating Systems,85.1,8,19,45,72,B
S13577,Aravind Desai,Male,ECE,7,VLSI Design,73.5,7,19,38,64,C
S13578,Devika Jayan,Female,CSE,4,Computer Networks,60.6,5,23,38,66,C+
S13579,Sreelakshmi Khurana,Female,ME,2,Manufacturing Technology,79.8,5,26,44,75,B+
S13580,Jithin Bhalla,Male,CSE,6,Data Structures,69.9,8,17,24,49,F
S13581,Greeshma Anandan,Female,ECE,1,Communication Systems,67.6,9,23,44,76,B+
S13582,Sowmya Nair,Female,CE,4,Geotechnical Engineering,74.6,6,30,50,86,A+
S13583,Rizwana Ashraf,Female,CSE,6,DBMS,86.2,7,16,33,56,D
S13584,Fazil Mirza,Male,ME,8,Thermodynamics,100.0,8,29,41,78,B+
S13585,Aiswarya Kohli,Female,CSE,1,Big Data Processing,84.1,10,22,28,60,C
S13586,Gayathri Rathore,Female,ME,1,Fluid Mechanics,83.7,8,21,52,81,A
S13587,Sinan Rauf,Male,CE,4,Concrete Technology,68.5,8,30,53,91,S
S13588,Suhail Nazeer,Male,ECE,2,Digital Electronics,82.4,3,21,36,60,C
S13589,Biju Rathore,Male,CE,2,Structural Analysis,94.9,7,15,36,58,D
S13590,Madhu Sethi,Male,CE,3,Surveying,83.8,8,24,40,72,B
S13591,Sreekumar Prasad,Male,CE,7,Concrete Technology,81.4,7,25,30,62,C
S13592,Balachandran Madhavan,Male,ECE,1,Signals & Systems,74.4,9,21,38,68,C+
S13593,Manoj Naidu,Male,CSE,1,Operating Systems,76.7,6,20,46,72,B
S13594,Anoop Bakshi,Male,CE,5,Geotechnical Engineering,75.2,6,28,28,62,C
S13595,Sreelakshmi Sankar,Female,CSE,3,Data Structures,89.5,7,26,37,70,B
S13596,Priya Unni,Female,ME,4,Thermodynamics,81.3,4,9,30,43,F
S13597,Nithya Arora,Female,ECE,6,Communication Systems,74.8,7,21,34,62,C
S13598,Nandakumar Raj,Male,CE,4,Surveying,73.2,9,28,35,72,B
S13599,Aiswarya Namputhiri,Female,ECE,7,Digital Electronics,65.2,7,21,49,77,B+
S13600,Soumya Prakash,Female,ME,5,Machine Design,79.0,8,17,60,85,A+
S13601,Fazil Wahab,Male,CE,4,Surveying,63.7,6,18,47,71,B
S13602,Dinesh Gupta,Male,CSE,7,Big Data Processing,77.8,9,18,40,67,C+
S13603,Vinod Balan,Male,ME,3,Machine Design,69.4,5,20,47,72,B
S13604,Deepthi Yadav,Female,ECE,6,Microprocessors,84.3,6,20,52,78,B+
S13605,Renjith Chopra,Male,ECE,3,Digital Electronics,92.2,6,23,60,89,A+
S13606,Sreejith Nambiar,Male,ME,5,Manufacturing Technology,69.1,6,17,44,67,C+
S13607,Shefeek Sha,Male,ECE,1,Signals & Systems,81.7,8,18,45,71,B
S13608,Vidya Kapoor,Female,CSE,2,Data Structures,73.5,7,20,60,87,A+
S13609,Vivek Radhakrishnan,Male,CSE,1,DBMS,80.2,8,21,60,89,A+
S13610,Sanjay Pisharody,Male,CE,4,Concrete Technology,91.2,10,22,45,77,B+
S13611,Madhu Sudhakaran,Male,CSE,8,Operating Systems,84.3,8,20,56,84,A
S13612,Rohan Trivedi,Male,ECE,3,Signals & Systems,99.4,8,26,26,60,C
S13613,Ramesh Sivan,Male,CSE,1,DBMS,65.6,7,24,40,71,B
S13614,Vidya Manoharan,Female,ME,3,Machine Design,53.0,7,25,60,92,S
S13615,Rashid Koya,Male,CE,6,Concrete Technology,74.3,5,23,55,83,A
S13616,Soumya Thampi,Female,CSE,8,Data Structures,77.6,7,29,28,64,C
S13617,Manu Vallikkat,Male,CE,2,Concrete Technology,79.8,5,30,57,92,S
S13618,Adithya Kohli,Male,ME,3,Manufacturing Technology,69.2,10,30,32,72,B
S13619,Sreekumar Kaimal,Male,ME,7,Thermodynamics,79.5,8,25,36,69,C+
S13620,Anu Anilkumar,Female,ECE,4,Microprocessors,82.9,6,21,60,87,A+
S13621,Rohan Chopra,Male,CE,5,Concrete Technology,85.7,8,30,33,71,B
S13622,Aravind Kartha,Male,CE,6,Concrete Technology,86.9,9,26,19,54,P
S13623,Vivek Namputhiri,Male,ME,4,Fluid Mechanics,89.0,5,22,40,67,C+
S13624,Anagha Gopinathan,Female,CSE,2,Operating Systems,76.5,8,23,46,77,B+
S13625,Pradeep Bhardwaj,Male,ME,1,Machine Design,80.9,10,26,36,72,B
S13626,Haritha Ramakrishnan,Female,ME,6,Strength of Materials,76.9,8,11,35,54,P
S13627,Devika Gopinathan,Female,CE,3,Geotechnical Engineering,75.5,7,30,50,87,A+
S13628,Parvathy Prakash,Female,ECE,5,VLSI Design,82.8,7,25,45,77,B+
S13629,Neethu Gopalan,Female,CE,6,Transportation Engineering,68.1,9,21,46,76,B+
S13630,Sudheesh Suresh,Male,ECE,3,Signals & Systems,60.0,5,19,46,70,B
S13631,Sarath Chauhan,Male,CE,5,Transportation Engineering,100.0,6,21,47,74,B
S13632,Greeshma Kurup,Female,CSE,2,Computer Networks,83.1,5,23,28,56,D
S13633,Meera Sreekumar,Female,ME,7,Strength of Materials,76.0,7,17,60,84,A
S13634,Lakshmi Bansal,Female,ECE,1,Signals & Systems,76.5,7,14,48,69,C+
S13635,Lakshmi Unnithan,Female,ECE,5,Digital Electronics,77.2,5,25,6,36,F
S13636,Jithin Chowdhury,Male,ME,3,Thermodynamics,100.0,6,13,36,55,D
S13637,Ramesh Choudhary,Male,CSE,1,Data Structures,90.6,10,21,32,63,C
S13638,Sreejith Anilkumar,Male,ECE,7,Digital Electronics,72.6,4,22,57,83,A
S13639,Sreelakshmi Raghavan,Female,ME,6,Manufacturing Technology,67.1,8,26,51,85,A+
S13640,Unnikrishnan Warrier,Male,ECE,2,Communication Systems,46.5,5,26,43,74,B
S13641,Renjith Yadav,Male,CSE,6,Big Data Processing,66.2,7,26,53,86,A+
S13642,Naushad Moideen,Male,CSE,5,Software Engineering,68.2,7,23,48,78,B+
S13643,Amrutha Sudhakaran,Female,ECE,5,Microprocessors,72.9,7,30,36,73,B
S13644,Rajesh Solanki,Male,CSE,7,Computer Networks,76.5,8,18,40,66,C+
S13645,Shahana Koya,Female,ME,2,Fluid Mechanics,78.1,7,16,37,60,C
S13646,Vidya Yadav,Female,ECE,7,Digital Electronics,69.9,8,16,60,84,A
S13647,Sruthi Verma,Female,ME,1,Fluid Mechanics,70.5,6,18,52,76,B+
S13648,Rajesh Chowdhury,Male,ECE,7,Communication Systems,93.8,9,27,48,84,A
S13649,Shilpa Gupta,Female,ME,1,Machine Design,96.7,8,24,55,87,A+
S13650,Greeshma Pradeep,Female,CE,3,Structural Analysis,87.2,7,22,33,62,C
S13651,Unnikrishnan Nambiar,Male,CSE,1,Software Engineering,66.0,7,30,50,87,A+
S13652,Radhika Reddy,Female,ECE,7,Communication Systems,72.8,6,18,48,72,B
S13653,Gokul Sasidharan,Male,CSE,3,Computer Networks,83.4,10,24,35,69,C+
S13654,Shilpa Mahesh,Female,CE,1,Surveying,81.1,9,24,53,86,A+
S13655,Neethu Khurana,Female,ME,8,Fluid Mechanics,67.2,8,30,43,81,A
S13656,Radhika Kartha,Female,CE,1,Transportation Engineering,84.6,6,18,49,73,B
S13657,Jismy Varghese,Female,ECE,8,Digital Electronics,56.7,7,26,50,83,A
S13658,Aparna Manoharan,Female,CSE,3,Operating Systems,82.6,9,21,42,72,B
S13659,Sudheesh Chauhan,Male,ME,6,Strength of Materials,82.7,5,8,25,38,F
S13660,Haritha Das,Female,CE,2,Surveying,85.2,10,16,48,74,B
S13661,Gokul Solanki,Male,CSE,1,Big Data Processing,100.0,9,25,46,80,A
S13662,Biju Narayanan,Male,ME,6,Machine Design,92.0,5,18,60,83,A
S13663,Aby Kuriakose,Male,CE,2,Concrete Technology,61.7,7,14,39,60,C
S13664,Sneha Narayanan,Female,CSE,6,Data Structures,69.9,10,21,48,79,B+
S13665,Rashid Wahab,Male,CSE,3,Computer Networks,100.0,5,20,52,77,B+
S13666,Vignesh Anilkumar,Male,CSE,4,Software Engineering,73.2,8,21,57,86,A+
S13667,Parvathy Kurup,Female,CSE,3,Data Structures,100.0,6,30,29,65,C+
S13668,Vidya Anandan,Female,CE,3,Geotechnical Engineering,64.0,5,13,36,54,P
S13669,Anagha Sankar,Female,CE,4,Concrete Technology,69.2,6,26,37,69,C+
S13670,Pradeep Desai,Male,CE,5,Geotechnical Engineering,91.0,10,23,51,84,A
S13671,Nandana Ashokan,Female,ECE,1,VLSI Design,76.7,6,30,53,89,A+
S13672,Gokul Balakrishnan,Male,CSE,6,Data Structures,70.9,5,24,32,61,C
S13673,Rohan Bansal,Male,ME,8,Thermodynamics,68.4,10,11,46,67,C+
S13674,Nandana Rajan,Female,ECE,6,Signals & Systems,56.7,8,24,31,63,C
S13675,Karthik Thampuran,Male,ECE,5,Microprocessors,73.1,9,21,55,85,A+
S13676,Nandakumar Sudhakaran,Male,ECE,4,Signals & Systems,83.0,8,23,60,91,S
S13677,Sreelakshmi Govindan,Female,CSE,3,Computer Networks,88.5,5,18,60,83,A
S13678,Vishnu Dinesh,Male,CE,7,Structural Analysis,69.2,8,28,45,81,A
S13679,Haritha Vallikkat,Female,CSE,1,Software Engineering,67.6,7,21,36,64,C
S13680,Prasanth Vasu,Male,CSE,7,Computer Networks,69.0,7,29,26,62,C
S13681,Deepak Bhatt,Male,ECE,6,Digital Electronics,82.8,6,19,44,69,C+
S13682,Athira Mishra,Female,CE,6,Transportation Engineering,97.6,8,16,33,57,D
S13683,Naveen Ramakrishnan,Male,CE,4,Geotechnical Engineering,82.0,7,26,59,92,S
S13684,Simna Rauf,Female,ECE,7,Signals & Systems,73.3,6,16,54,76,B+
S13685,Neethu Narayanan,Female,CE,6,Structural Analysis,68.4,6,12,44,62,C
S13686,Vijay Prasad,Male,CE,5,Surveying,57.3,9,23,24,56,D
S13687,Amrutha Balan,Female,ME,2,Manufacturing Technology,60.3,10,6,35,51,P
S13688,Anitha Yadav,Female,CSE,7,Big Data Processing,82.0,6,22,36,64,C
S13689,Ajay Neelakandan,Male,CE,6,Structural Analysis,65.2,8,8,39,55,D
S13690,Resmi Anandan,Female,CSE,5,DBMS,86.9,9,18,54,81,A
S13691,Bijo Mannath,Male,CSE,5,DBMS,87.8,8,30,32,70,B
S13692,Aravind Rathore,Male,CE,3,Surveying,87.2,4,18,41,63,C
S13693,Renji Mannath,Male,ME,3,Thermodynamics,75.1,8,27,39,74,B
S13694,Remya Agarwal,Female,ECE,6,Communication Systems,65.9,9,21,34,64,C
S13695,Jyothsna Namboodiripad,Female,ME,1,Fluid Mechanics,81.5,9,15,50,74,B
S13696,Nandana Chandra,Female,ECE,7,Microprocessors,66.7,6,17,55,78,B+
S13697,Nadhira Junaid,Female,CSE,5,Operating Systems,90.8,7,17,60,84,A
S13698,Anoop Gopinathan,Male,ME,6,Thermodynamics,79.4,5,18,43,66,C+
S13699,Swathi Chopra,Female,ME,3,Manufacturing Technology,94.0,7,24,35,66,C+
S13700,Teena Thekkekara,Female,ME,1,Thermodynamics,79.1,8,20,52,80,A
S13701,Soumya Goel,Female,CSE,8,Data Structures,98.0,9,25,43,77,B+
S13702,Ramesh Karthikeyan,Male,ECE,2,Communication Systems,86.7,5,21,57,83,A
S13703,Biju Bhalla,Male,CSE,3,Computer Networks,71.8,7,19,27,53,P
S13704,Jithin Gupta,Male,CSE,1,Software Engineering,85.9,6,30,50,86,A+
S13705,Nandakumar Saxena,Male,CSE,3,Big Data Processing,75.7,10,20,29,59,D
S13706,Sreekumar Gopalan,Male,CSE,8,Operating Systems,65.3,5,24,27,56,D
S13707,Neethu Sharma,Female,CSE,2,DBMS,72.3,8,25,36,69,C+
S13708,Amrutha Thampuran,Female,ECE,1,VLSI Design,97.9,10,21,54,85,A+
S13709,Rajesh Namboodiripad,Male,CSE,6,Computer Networks,74.3,5,23,38,66,C+
S13710,Ramesh Vallikkat,Male,ME,6,Fluid Mechanics,78.6,7,28,55,90,S
S13711,Dinesh Vallikkat,Male,CSE,4,Operating Systems,67.0,6,22,24,52,P
S13712,Suresh Venugopal,Male,ME,7,Fluid Mechanics,59.9,8,23,55,86,A+
S13713,Deepthi Gupta,Female,ME,8,Thermodynamics,71.8,10,19,31,60,C
S13714,Ramesh Agrawal,Male,CSE,3,Computer Networks,78.2,8,19,52,79,B+
S13715,Adithya Bansal,Male,CSE,2,Big Data Processing,85.2,5,20,41,66,C+
S13716,Shilpa Radhakrishnan,Female,CE,7,Geotechnical Engineering,88.0,8,10,36,54,P
S13717,Shilpa Sinha,Female,CE,4,Structural Analysis,89.8,8,22,46,76,B+
S13718,Swathi Namputhiri,Female,ME,1,Strength of Materials,95.3,5,23,42,70,B
S13719,Vignesh Bhardwaj,Male,CE,3,Surveying,69.5,6,30,52,88,A+
S13720,Shilpa Iyer,Female,ME,7,Strength of Materials,83.4,5,27,32,64,C
S13721,Sindhu Das,Female,CSE,3,Operating Systems,100.0,9,24,36,69,C+
S13722,Prasanth Solanki,Male,CE,1,Surveying,83.0,6,23,35,64,C
S13723,Renjith Pandey,Male,CE,1,Structural Analysis,86.1,9,21,52,82,A
S13724,Anagha Dubey,Female,ECE,3,Communication Systems,79.5,7,17,54,78,B+
S13725,Rohan Madhavan,Male,ECE,1,Communication Systems,70.7,6,19,51,76,B+
S13726,Resmi Chandran,Female,CSE,4,Software Engineering,83.3,10,21,57,88,A+
S13727,Nithya Vijayan,Female,CE,4,Concrete Technology,76.8,7,17,33,57,D
S13728,Renjith Raman,Male,ME,1,Fluid Mechanics,88.5,8,19,41,68,C+
S13729,Biju Reddy,Male,CE,2,Transportation Engineering,89.4,9,13,39,61,C
S13730,Haritha Goel,Female,CE,2,Surveying,78.0,7,19,35,61,C
S13731,Vineetha Dubey,Female,ECE,1,VLSI Design,88.5,7,30,49,86,A+
S13732,Rajesh Radhakrishnan,Male,ME,6,Machine Design,62.8,7,30,37,74,B
S13733,Rafeeqa Basheer,Female,CSE,6,Software Engineering,75.2,6,13,35,54,P
S13734,Remya Desai,Female,CE,6,Structural Analysis,95.5,7,25,45,77,B+
S13735,Pradeep Sasidharan,Male,CE,2,Transportation Engineering,76.8,7,19,39,65,C+
S13736,Anand Chauhan,Male,CE,2,Structural Analysis,70.6,9,21,55,85,A+
S13737,Ajay Bhattathiri,Male,CSE,3,Operating Systems,70.1,8,21,47,76,B+
S13738,Vineetha Desai,Female,CE,1,Transportation Engineering,71.4,8,28,47,83,A
S13739,Unnikrishnan Raman,Male,ECE,1,Microprocessors,74.1,6,24,35,65,C+
S13740,Renjith Radhakrishnan,Male,CE,3,Structural Analysis,66.6,7,30,45,82,A
S13741,Nithya Bhaskaran,Female,CSE,3,DBMS,89.7,7,13,43,63,C
S13742,Resmi Radhakrishnan,Female,CE,6,Geotechnical Engineering,79.9,7,21,31,59,D
S13743,Sneha Agarwal,Female,CE,7,Concrete Technology,66.4,8,27,59,94,S
S13744,Jasmin Mirza,Female,ME,4,Strength of Materials,89.9,7,26,39,72,B
S13745,Resmi Shukla,Female,CSE,3,Computer Networks,81.1,10,20,58,88,A+
S13746,Ramesh Sathyan,Male,CE,2,Structural Analysis,91.1,8,20,10,38,F
S13747,Aravind Sharma,Male,CE,5,Geotechnical Engineering,85.0,10,30,42,82,A
S13748,Neethu Ramesh,Female,ECE,3,Digital Electronics,92.0,10,27,60,97,S
S13749,Bindu Raj,Female,CSE,7,Big Data Processing,70.6,6,30,30,66,C+
S13750,Nikhil Gopalan,Male,ECE,4,VLSI Design,87.3,9,14,40,63,C
S13751,Rukhsar Rafique,Female,ECE,6,Communication Systems,40.0,9,26,53,88,A+
S13752,Sujith Manoharan,Male,ECE,2,VLSI Design,76.1,7,13,39,59,D
S13753,Athulya Saxena,Female,ECE,7,VLSI Design,90.7,7,17,50,74,B
S13754,Athira Rathore,Female,CE,7,Surveying,83.5,9,14,49,72,B
S13755,Radhika Pandey,Female,ECE,1,Communication Systems,76.3,10,30,49,89,A+
S13756,Balachandran Kapoor,Male,ECE,5,Signals & Systems,65.8,7,26,20,53,P
S13757,Sanjay Khurana,Male,CE,7,Structural Analysis,82.7,5,18,44,67,C+
S13758,Dinesh Raman,Male,CE,2,Geotechnical Engineering,65.5,7,21,38,66,C+
S13759,Aiswarya Radhakrishnan,Female,CE,5,Concrete Technology,78.3,10,16,57,83,A
S13760,Anjali Sreedharan,Female,ECE,3,Signals & Systems,48.4,10,28,47,85,A+
S13761,Deepak Radhakrishnan,Male,ECE,7,Communication Systems,67.6,6,18,20,44,F
S13762,Biju Solanki,Male,ECE,4,Microprocessors,74.2,5,18,36,59,D
S13763,Remya Verma,Female,ECE,2,VLSI Design,89.8,7,23,42,72,B
S13764,Adithya Padmanabhan,Male,CE,5,Geotechnical Engineering,84.3,8,27,60,95,S
S13765,Divya Menon,Female,ECE,1,Microprocessors,84.9,4,17,39,60,C
S13766,Arjun Rao,Male,CE,4,Concrete Technology,71.1,5,20,34,59,D
S13767,Manu Chopra,Male,CE,7,Concrete Technology,68.7,8,20,45,73,B
S13768,Sindhu Reddy,Female,CE,8,Structural Analysis,80.9,4,21,30,55,D
S13769,Sanjay Patel,Male,CSE,8,Computer Networks,71.3,7,16,59,82,A
S13770,Pradeep Anandan,Male,ECE,3,Communication Systems,71.1,5,20,21,46,F
S13771,Jithin Pandey,Male,ME,3,Machine Design,59.0,7,24,50,81,A
S13772,Nazar Rawther,Male,ECE,1,Communication Systems,77.4,6,19,45,70,B
S13773,Unnikrishnan Sankar,Male,ME,8,Manufacturing Technology,69.1,4,27,19,50,P
S13774,Anjali Chandra,Female,CSE,7,Big Data Processing,78.7,6,23,60,89,A+
S13775,Naveen Kartha,Male,CE,5,Geotechnical Engineering,76.4,6,19,41,66,C+
S13776,Sreekumar Mahesh,Male,CE,1,Structural Analysis,80.1,10,23,60,93,S
S13777,Athira Sathyan,Female,ME,1,Fluid Mechanics,75.7,9,25,51,85,A+
S13778,Adithya Ashokan,Male,CSE,7,Computer Networks,74.9,6,17,34,57,D
S13779,Pradeep Chauhan,Male,CSE,5,Operating Systems,88.9,7,25,36,68,C+
S13780,Athulya Sivan,Female,ECE,8,Communication Systems,73.1,8,25,60,93,S
S13781,Sowmya Malhotra,Female,ME,8,Strength of Materials,50.1,9,15,59,83,A
S13782,Suresh Bhatt,Male,CSE,1,Data Structures,65.3,7,17,52,76,B+
S13783,Devika Kohli,Female,ECE,5,Microprocessors,81.3,8,21,34,63,C
S13784,Rashid Kabeer,Male,CE,6,Concrete Technology,64.7,9,22,42,73,B
S13785,Ajay Desai,Male,ECE,7,Communication Systems,84.4,7,20,30,57,D
S13786,Biju Verma,Male,CE,7,Concrete Technology,83.2,7,30,39,76,B+
S13787,Devika Rathore,Female,ECE,7,Digital Electronics,80.2,5,15,40,60,C
S13788,Vivek Karthikeyan,Male,CE,8,Transportation Engineering,64.9,7,14,39,60,C
S13789,Jasmin Shah,Female,CSE,2,Computer Networks,98.5,5,21,40,66,C+
S13790,Greeshma Unni,Female,CE,6,Concrete Technology,90.4,6,22,29,57,D
S13791,Rohan Bhattathiri,Male,CSE,6,Software Engineering,77.7,6,29,35,70,B
S13792,Sudheesh Balan,Male,ECE,1,Signals & Systems,71.5,10,22,51,83,A
S13793,Amrutha Chandran,Female,ME,7,Fluid Mechanics,100.0,4,13,32,49,F
S13794,Manu Kurup,Male,CSE,3,Data Structures,77.3,6,20,29,55,D
S13795,Jyothsna Neelakandan,Female,ECE,3,Microprocessors,89.4,8,17,46,71,B
S13796,Anand Sasidharan,Male,CSE,1,Big Data Processing,91.7,8,22,44,74,B
S13797,Anand Arora,Male,CSE,8,DBMS,85.7,4,29,33,66,C+
S13798,Anjali Anilkumar,Female,CSE,4,Operating Systems,100.0,10,16,48,74,B
S13799,Aiswarya Pisharody,Female,CSE,6,DBMS,77.0,7,26,40,73,B
S13800,Sarath Thampuran,Male,ME,1,Manufacturing Technology,98.6,5,25,48,78,B+
S13801,Vignesh Chandrasekharan,Male,CSE,4,DBMS,86.9,6,21,35,62,C
S13802,Karthik Sinha,Male,CSE,2,DBMS,96.0,7,17,27,51,P
S13803,Balachandran Chopra,Male,CSE,6,Software Engineering,68.4,5,29,37,71,B
S13804,Resmi Kutty,Female,ME,8,Fluid Mechanics,65.9,5,21,41,67,C+
S13805,Aparna Bhattathiri,Female,CSE,3,Operating Systems,100.0,10,28,35,73,B
S13806,Resmi Malhotra,Female,CE,8,Surveying,85.5,6,25,48,79,B+
S13807,Anu Prasad,Female,ECE,1,Microprocessors,63.7,5,18,55,78,B+
S13808,Haritha Anandan,Female,ME,4,Fluid Mechanics,69.1,7,28,32,67,C+
S13809,Shahana Hakkim,Female,CSE,8,Big Data Processing,65.6,6,20,48,74,B
S13810,Rahul Varma,Male,CSE,2,Operating Systems,82.0,8,26,27,61,C
S13811,Meera Prasad,Female,ECE,1,VLSI Design,69.6,9,17,50,76,B+
S13812,Devika Vasudevan,Female,CE,3,Concrete Technology,95.8,10,28,48,86,A+
S13813,Prasanth Reddy,Male,ECE,6,Digital Electronics,88.3,9,24,42,75,B+
S13814,Sabira Koya,Female,ECE,8,VLSI Design,89.3,8,16,55,79,B+
S13815,Sruthi Gupta,Female,ECE,7,Microprocessors,95.2,8,21,46,75,B+
S13816,Renjith Desai,Male,ME,7,Thermodynamics,100.0,7,26,50,83,A
S13817,Renjith Anilkumar,Male,CE,6,Concrete Technology,69.9,7,26,33,66,C+
S13818,Amrutha Kaimal,Female,ECE,5,Signals & Systems,81.6,8,22,60,90,S
S13819,Rizwan Mansoor,Male,CSE,6,Operating Systems,77.9,6,19,40,65,C+
S13820,Aravind Venugopal,Male,CSE,4,Computer Networks,71.4,5,19,46,70,B
S13821,Aswathy Bansal,Female,ME,3,Manufacturing Technology,65.9,9,24,51,84,A
S13822,Nimisha Rao,Female,ECE,8,Signals & Systems,83.9,6,17,39,62,C
S13823,Aswathy Kutty,Female,ECE,2,Signals & Systems,45.9,5,20,31,56,D
S13824,Sudheesh Sreekumar,Male,CSE,3,Software Engineering,60.3,6,16,36,58,D
S13825,Nimisha Vasudevan,Female,CE,7,Geotechnical Engineering,81.8,5,13,48,66,C+
S13826,Remya Kurup,Female,CE,3,Transportation Engineering,65.2,7,23,60,90,S
S13827,Vijay Trivedi,Male,CSE,6,Big Data Processing,94.5,8,27,46,81,A
S13828,Divya Poduval,Female,CE,7,Geotechnical Engineering,57.1,7,30,42,79,B+
S13829,Ajay Chowdhury,Male,CSE,8,Data Structures,88.5,10,29,47,86,A+
S13830,Nandakumar Nambiar,Male,ME,2,Thermodynamics,95.6,6,18,43,67,C+
S13831,Shilpa Namboodiripad,Female,CSE,2,Software Engineering,82.0,9,20,45,74,B
S13832,Meera Naidu,Female,ME,3,Strength of Materials,75.7,8,21,60,89,A+
S13833,Ajay Arora,Male,CE,1,Geotechnical Engineering,77.0,8,20,35,63,C
S13834,Suhail Mansoor,Male,CSE,5,Data Structures,55.3,8,13,43,64,C
S13835,Nimisha Vinod,Female,CE,4,Surveying,74.0,9,28,60,97,S
S13836,Sowmya Neelakandan,Female,ECE,3,Microprocessors,70.2,9,14,31,54,P
S13837,Sarath Bhaskaran,Male,CSE,2,Software Engineering,81.9,6,23,46,75,B+
S13838,Sarath Reddy,Male,ECE,6,Digital Electronics,81.4,8,20,55,83,A
S13839,Bindu Thampi,Female,ECE,3,Digital Electronics,91.9,8,27,57,92,S
S13840,Biju Karthikeyan,Male,ECE,3,VLSI Design,93.5,5,20,48,73,B
S13841,Nandana Raj,Female,ECE,7,Microprocessors,81.6,6,19,39,64,C
S13842,Gokul Neelakandan,Male,ECE,4,Communication Systems,58.7,5,28,51,84,A
S13843,Gayathri Bhattathiri,Female,ME,4,Strength of Materials,72.5,8,18,37,63,C
S13844,Pradeep Balakrishnan,Male,CE,4,Surveying,91.1,2,11,45,58,D
S13845,Nandana Jayan,Female,ECE,5,Communication Systems,80.0,10,26,26,62,C
S13846,Devika Sudhakaran,Female,ME,7,Thermodynamics,95.4,8,19,43,70,B
S13847,Swathi Kunjunni,Female,CE,7,Structural Analysis,73.1,7,21,33,61,C
S13848,Ramesh Chandran,Male,ECE,1,Signals & Systems,74.8,8,25,38,71,B
S13849,Adithya Bhattathiri,Male,ME,1,Manufacturing Technology,77.8,6,16,34,56,D
S13850,Manoj Sudhakaran,Male,CSE,6,Operating Systems,94.4,4,28,43,75,B+
S13851,Rasheeda Kabir,Female,ECE,2,Digital Electronics,73.8,8,29,50,87,A+
S13852,Sreelakshmi Unni,Female,ME,2,Thermodynamics,83.0,10,20,21,51,P
S13853,Aiswarya Kurup,Female,ECE,8,Microprocessors,87.4,9,19,35,63,C
S13854,Athulya Agarwal,Female,CE,1,Structural Analysis,83.7,8,21,52,81,A
S13855,Resmi Bhardwaj,Female,ME,7,Strength of Materials,88.5,8,22,42,72,B
S13856,Vishnu Sathyan,Male,ECE,5,VLSI Design,67.6,5,23,38,66,C+
S13857,Deepthi Sathyan,Female,ECE,8,Communication Systems,64.6,5,23,46,74,B
S13858,Radhika Rao,Female,CE,5,Transportation Engineering,94.4,6,21,54,81,A
S13859,Sujith Marar,Male,ME,8,Fluid Mechanics,65.9,4,26,28,58,D
S13860,Haritha Padmanabhan,Female,CE,1,Surveying,68.5,8,23,56,87,A+
S13861,Rahul Menon,Male,CSE,2,Computer Networks,75.1,7,17,30,54,P
S13862,Deepthi Sharma,Female,CSE,8,Software Engineering,91.6,8,14,60,82,A
S13863,Manoj Desai,Male,ME,5,Thermodynamics,79.6,8,30,60,98,S
S13864,Tina Gomez,Female,ECE,1,VLSI Design,82.7,8,22,56,86,A+
S13865,Sudheesh Padmanabhan,Male,CE,7,Geotechnical Engineering,78.1,9,19,34,62,C
S13866,Deepthi Ramakrishnan,Female,ECE,4,Communication Systems,100.0,10,23,46,79,B+
S13867,Vignesh Iyer,Male,ME,2,Machine Design,73.6,7,30,40,77,B+
S13868,Sarath Prasad,Male,CSE,1,Software Engineering,79.0,8,16,34,58,D
S13869,Madhu Achari,Male,ME,8,Fluid Mechanics,98.6,9,28,40,77,B+
S13870,Sanjay Namboothiri,Male,ME,4,Manufacturing Technology,77.3,7,20,18,45,F
S13871,Vishnu Patel,Male,ECE,1,Digital Electronics,83.7,7,25,38,70,B
S13872,Prasanth Saxena,Male,ECE,3,Signals & Systems,49.5,9,17,53,79,B+
S13873,Ajay Ramakrishnan,Male,CE,2,Surveying,68.9,6,30,46,82,A
S13874,Sreelakshmi Bakshi,Female,ME,8,Strength of Materials,57.9,7,27,33,67,C+
S13875,Rajesh Padmanabhan,Male,CE,3,Surveying,87.8,7,30,31,68,C+
S13876,Jerin Paulose,Male,CSE,2,Computer Networks,90.9,8,22,28,58,D
S13877,Ayesha Qureshi,Female,ME,4,Machine Design,76.3,10,25,44,79,B+
S13878,Balachandran Sudhakaran,Male,ECE,3,Digital Electronics,98.4,7,28,51,86,A+
S13879,Anjali Arora,Female,ME,7,Thermodynamics,77.6,9,22,36,67,C+
S13880,Sowmya Rathore,Female,CSE,1,Computer Networks,70.3,8,26,41,75,B+
S13881,Aswathy Kartha,Female,CE,1,Structural Analysis,92.6,9,21,60,90,S
S13882,Rohan Nair,Male,CSE,4,Data Structures,91.2,7,21,60,88,A+
S13883,Deepthi Thampi,Female,CSE,5,DBMS,74.3,7,23,48,78,B+
S13884,Sameera Wahab,Female,ME,4,Strength of Materials,42.2,5,19,34,58,D
S13885,Parvathy Anandan,Female,CE,4,Geotechnical Engineering,75.3,7,22,22,51,P
S13886,Pradeep Raghavan,Male,CSE,8,Computer Networks,94.6,7,30,48,85,A+
S13887,Nimisha Naidu,Female,CSE,7,Big Data Processing,96.2,8,30,22,60,C
S13888,Vineetha Sreedharan,Female,CE,8,Structural Analysis,69.3,7,9,60,76,B+
S13889,Rajesh Desai,Male,CE,5,Surveying,63.3,5,22,47,74,B
S13890,Karthik Poduval,Male,ECE,6,Microprocessors,77.3,10,27,36,73,B
S13891,Aswathy Bhattathiri,Female,ECE,3,Digital Electronics,93.0,8,22,40,70,B
S13892,Rajesh Agarwal,Male,CE,5,Surveying,95.0,7,24,46,77,B+
S13893,Lakshmi Trivedi,Female,ECE,3,Communication Systems,69.6,5,27,34,66,C+
S13894,Greeshma Chandra,Female,ECE,1,Communication Systems,90.1,6,24,50,80,A
S13895,Ajay Bakshi,Male,ME,8,Strength of Materials,88.1,7,23,31,61,C
S13896,Deepak Yadav,Male,CSE,7,Software Engineering,84.1,8,15,47,70,B
S13897,Sudheesh Pillai,Male,ME,3,Manufacturing Technology,86.3,8,27,57,92,S
S13898,Aiswarya Ramakrishnan,Female,CSE,5,DBMS,80.2,3,20,45,68,C+
S13899,Akhil Desai,Male,CE,5,Geotechnical Engineering,87.5,8,9,38,55,D
S13900,Deepak Bhattathiri,Male,ECE,5,Signals & Systems,63.5,7,18,48,73,B
S13901,Deepak Pillai,Male,ECE,1,Microprocessors,78.1,7,28,60,95,S
S13902,Unnikrishnan Arora,Male,ME,8,Manufacturing Technology,75.3,7,21,60,88,A+
S13903,Rajesh Joshi,Male,ECE,7,Digital Electronics,89.1,10,18,44,72,B
S13904,Anu Bakshi,Female,ME,8,Machine Design,100.0,5,21,46,72,B
S13905,Anu Neelakandan,Female,CSE,3,Operating Systems,69.2,7,25,60,92,S
S13906,Madhu Bhalla,Male,ECE,3,Signals & Systems,90.3,7,30,33,70,B
S13907,Deepthi Das,Female,ME,1,Thermodynamics,74.9,4,24,33,61,C
S13908,Adithya Choudhary,Male,CE,3,Transportation Engineering,58.0,6,30,47,83,A
S13909,Sarath Chandran,Male,ME,1,Manufacturing Technology,84.1,7,26,60,93,S
S13910,Pradeep Prakash,Male,CSE,4,Data Structures,79.4,8,25,40,73,B
S13911,Vivek Bhatt,Male,CSE,7,DBMS,93.2,6,25,52,83,A
S13912,Nimisha Anandan,Female,ECE,2,Digital Electronics,71.9,8,18,40,66,C+
S13913,Nadhira Sait,Female,ME,3,Manufacturing Technology,78.2,10,17,43,70,B
S13914,Reshma Mahesh,Female,ME,5,Machine Design,79.3,6,15,38,59,D
S13915,Nimisha Kartha,Female,CSE,5,Big Data Processing,55.4,6,19,47,72,B
S13916,Sreekumar Pisharody,Male,CE,6,Structural Analysis,77.2,7,26,52,85,A+
S13917,Deepthi Mishra,Female,CE,2,Surveying,100.0,7,17,42,66,C+
S13918,Biju Sudhakaran,Male,ECE,3,VLSI Design,76.8,10,28,58,96,S
S13919,Ajay Khurana,Male,ECE,7,Signals & Systems,94.2,7,28,49,84,A
S13920,Sruthi Kartha,Female,CE,4,Structural Analysis,87.0,8,16,49,73,B
S13921,Nimisha Chandran,Female,CSE,7,Computer Networks,89.0,9,18,33,60,C
S13922,Sindhu Sankar,Female,ECE,2,Communication Systems,85.1,4,20,23,47,F
S13923,Nizam Wahab,Male,CSE,4,Computer Networks,73.0,8,30,34,72,B
S13924,Manu Pisharody,Male,CSE,5,Data Structures,69.6,10,20,49,79,B+
S13925,Parvathy Panicker,Female,ECE,5,Microprocessors,67.8,8,19,45,72,B
S13926,Sreejith Madhavan,Male,CE,6,Structural Analysis,64.4,5,23,31,59,D
S13927,Divya Das,Female,CE,7,Concrete Technology,81.5,7,22,60,89,A+
S13928,Vivek Rao,Male,ME,3,Strength of Materials,69.5,7,12,48,67,C+
S13929,Vinod Anilkumar,Male,CE,1,Geotechnical Engineering,100.0,10,25,59,94,S
S13930,Deepak Bansal,Male,ECE,8,Communication Systems,81.2,6,23,36,65,C+
S13931,Sarath Chopra,Male,CSE,8,Software Engineering,67.7,9,19,60,88,A+
S13932,Vinod Bansal,Male,ME,3,Manufacturing Technology,91.8,5,22,35,62,C
S13933,Vineetha Narayanan,Female,ECE,6,Communication Systems,91.1,10,15,59,84,A
S13934,Vineetha Achari,Female,ME,2,Thermodynamics,82.2,8,30,27,65,C+
S13935,Shahana Yasin,Female,ME,5,Manufacturing Technology,96.9,7,30,43,80,A
S13936,Neethu Saxena,Female,ME,1,Fluid Mechanics,80.0,8,27,40,75,B+
S13937,Madhu Krishnan,Male,ME,7,Fluid Mechanics,66.8,7,24,26,57,D
S13938,Deepthi Anilkumar,Female,ME,1,Fluid Mechanics,86.9,7,13,42,62,C
S13939,Rohan Unnithan,Male,ME,8,Fluid Mechanics,74.0,5,27,14,46,F
S13940,Nazar Ahmed,Male,CE,6,Structural Analysis,65.4,10,23,39,72,B
S13941,Deepak Pandey,Male,ECE,6,VLSI Design,80.0,9,17,26,52,P
S13942,Sujith Gupta,Male,CE,3,Transportation Engineering,68.4,6,26,27,59,D
S13943,Greeshma Vasudevan,Female,CSE,4,Software Engineering,61.4,9,23,50,82,A
S13944,Parvathy Chandra,Female,CSE,8,Big Data Processing,87.4,9,29,33,71,B
S13945,Anitha Raghavan,Female,ME,1,Strength of Materials,76.1,5,20,54,79,B+
S13946,Nasreen Wahab,Female,CSE,4,Software Engineering,69.2,6,23,37,66,C+
S13947,Priya Krishnan,Female,ME,6,Manufacturing Technology,68.5,8,30,37,75,B+
S13948,Haritha Rajendran,Female,CE,5,Structural Analysis,70.4,9,24,44,77,B+
S13949,Athulya Sreedharan,Female,CSE,6,DBMS,85.7,4,22,20,46,F
S13950,Lakshmi Rajendran,Female,ECE,1,Microprocessors,65.7,8,23,33,64,C
S13951,Rohan Mishra,Male,CE,4,Structural Analysis,67.9,9,26,25,60,C
S13952,Sruthi Malhotra,Female,CE,5,Geotechnical Engineering,75.4,10,13,37,60,C
S13953,Nimisha Raman,Female,ME,6,Strength of Materials,83.3,5,18,38,61,C
S13954,Sujith Rajagopal,Male,CE,8,Structural Analysis,74.9,5,27,29,61,C
S13955,Vignesh Dinesh,Male,CSE,4,Software Engineering,77.1,8,19,51,78,B+
S13956,Ayesha Rafeeq,Female,ECE,4,Digital Electronics,92.5,8,21,48,77,B+
S13957,Lincy Panat,Female,ECE,5,VLSI Design,79.8,7,23,46,76,B+
S13958,Shilpa Namputhiri,Female,ME,3,Strength of Materials,88.9,7,28,35,70,B
S13959,Meera Gopinathan,Female,CSE,3,Computer Networks,60.9,5,20,39,64,C
S13960,Nandakumar Raghavan,Male,ME,6,Thermodynamics,82.3,6,23,34,63,C
S13961,Faisal Khan,Male,CSE,7,DBMS,81.6,6,28,36,70,B
S13962,Sreelakshmi Bhatt,Female,ECE,6,VLSI Design,80.1,8,30,50,88,A+
S13963,Sruthi Khurana,Female,CSE,3,Data Structures,73.5,8,26,44,78,B+
S13964,Suhail Ashraf,Male,ME,4,Machine Design,80.2,7,20,40,67,C+
S13965,Manu Panicker,Male,CE,2,Concrete Technology,77.9,8,18,27,53,P
S13966,Aiswarya Anilkumar,Female,ECE,4,Microprocessors,58.2,7,24,42,73,B
S13967,Vinod Bhattathiri,Male,CSE,5,Data Structures,60.1,7,21,58,86,A+
S13968,Haritha Karthikeyan,Female,CE,3,Structural Analysis,60.9,7,26,37,70,B
S13969,Simna Junaid,Female,ME,6,Fluid Mechanics,100.0,6,21,30,57,D
S13970,Aravind Mahesh,Male,CSE,2,Data Structures,64.2,8,14,36,58,D
S13971,Gayathri Pradeep,Female,ECE,5,Microprocessors,64.0,8,23,46,77,B+
S13972,Sneha Balan,Female,CE,7,Surveying,83.7,7,18,39,64,C
S13973,Reshma Pillai,Female,CE,3,Surveying,79.0,5,13,50,68,C+
S13974,Jasira Shabeer,Female,CSE,4,Data Structures,66.4,6,25,46,77,B+
S13975,Jyothsna Namputhiri,Female,CSE,1,DBMS,96.1,7,23,32,62,C
S13976,Anoop Kohli,Male,ECE,1,Microprocessors,76.7,5,13,45,63,C
S13977,Aravind Agarwal,Male,CE,6,Concrete Technology,63.5,8,22,47,77,B+
S13978,Ramesh Vasudevan,Male,CE,3,Surveying,69.4,10,17,52,79,B+
S13979,Gayathri Padmanabhan,Female,CE,3,Geotechnical Engineering,96.3,7,21,51,79,B+
S13980,Adithya Sudhakaran,Male,ME,3,Thermodynamics,72.7,6,15,37,58,D
S13981,Sreejith Warrier,Male,CSE,1,Software Engineering,73.1,9,25,54,88,A+
S13982,Swathi Nair,Female,ECE,3,Microprocessors,68.3,6,26,30,62,C
S13983,Sindhu Anilkumar,Female,ECE,3,Microprocessors,77.5,6,26,54,86,A+
S13984,Shilpa Bhatt,Female,ME,6,Machine Design,60.9,8,26,60,94,S
S13985,Priya Rajendran,Female,ME,4,Thermodynamics,83.2,10,20,43,73,B
S13986,Dinesh Unni,Male,ECE,5,Digital Electronics,85.0,6,24,48,78,B+
S13987,Rahul Reddy,Male,CSE,4,DBMS,71.3,6,14,41,61,C
S13988,Dinesh Kohli,Male,CSE,8,DBMS,76.8,9,17,33,59,D
S13989,Unnikrishnan Namputhiri,Male,CSE,6,DBMS,84.9,10,26,54,90,S
S13990,Deepak Kapoor,Male,CE,2,Transportation Engineering,74.7,5,24,34,63,C
S13991,Vidya Radhakrishnan,Female,CSE,5,DBMS,61.0,10,22,52,84,A
S13992,Greeshma Verma,Female,CSE,6,Operating Systems,66.9,7,23,47,77,B+
S13993,Vinod Nambiar,Male,CSE,3,DBMS,71.6,5,20,22,47,F
S13994,Anagha Govindan,Female,ME,8,Manufacturing Technology,74.4,9,30,39,78,B+
S13995,Nazia Baig,Female,ME,8,Machine Design,63.0,7,19,45,71,B
S13996,Shahana Rasheed,Female,CE,5,Geotechnical Engineering,89.9,9,15,51,75,B+
S13997,Sujith Vinod,Male,CE,2,Geotechnical Engineering,79.7,7,21,40,68,C+
S13998,Gayathri Kutty,Female,CE,2,Surveying,99.1,5,21,35,61,C
S13999,Dinesh Chowdhury,Male,ME,3,Fluid Mechanics,74.2,9,30,49,88,A+
S14000,Resmi Saxena,Female,CSE,5,Operating Systems,48.7,5,12,60,77,B+
S14001,Sruthi Unnithan,Female,ECE,2,Signals & Systems,100.0,10,22,41,73,B
S14002,Manu Dubey,Male,ME,1,Fluid Mechanics,100.0,9,20,37,66,C+
S14003,Lakshmi Iyer,Female,ME,4,Manufacturing Technology,72.6,8,27,35,70,B
S14004,Shefeek Basheer,Male,CSE,4,Data Structures,82.6,8,19,60,87,A+
S14005,Sarath Nambiar,Male,ME,5,Thermodynamics,68.7,8,17,52,77,B+
S14006,Nandana Verma,Female,CE,6,Geotechnical Engineering,74.9,7,28,60,95,S
S14007,Prasanth Desai,Male,ECE,5,Microprocessors,77.0,5,26,34,65,C+
S14008,Nithya Pillai,Female,CE,7,Concrete Technology,74.2,7,30,49,86,A+
S14009,Shilpa Karthikeyan,Female,ECE,7,VLSI Design,81.3,6,21,37,64,C
S14010,Priya Dinesh,Female,ME,1,Thermodynamics,66.1,8,23,18,49,F
S14011,Naveen Vasudevan,Male,CSE,7,DBMS,82.1,8,18,58,84,A
S14012,Parvathy Solanki,Female,CSE,8,Software Engineering,87.1,10,17,27,54,P
S14013,Athulya Vijayan,Female,CE,4,Geotechnical Engineering,59.9,7,27,35,69,C+
S14014,Resmi Namboothiri,Female,CE,7,Transportation Engineering,68.8,8,19,36,63,C
S14015,Anagha Chopra,Female,CSE,7,DBMS,74.5,7,13,51,71,B
S14016,Rahul Sankar,Male,ECE,7,Microprocessors,72.3,7,28,60,95,S
S14017,Vineetha Bhatt,Female,ECE,4,Microprocessors,81.9,8,12,58,78,B+
S14018,Sujith Chandra,Male,CE,5,Surveying,51.5,5,18,33,56,D
S14019,Rajesh Rajendran,Male,CSE,4,Big Data Processing,75.4,8,28,59,95,S
S14020,Soumya Vinod,Female,ME,6,Strength of Materials,91.5,5,30,44,79,B+
S14021,Meera Rajendran,Female,ECE,7,Signals & Systems,97.5,6,13,43,62,C
S14022,Athulya Chandran,Female,ME,1,Fluid Mechanics,100.0,6,30,45,81,A
S14023,Parvathy Patel,Female,ECE,7,Digital Electronics,91.0,7,15,48,70,B
S14024,Vignesh Sankar,Male,ME,6,Machine Design,88.2,9,13,40,62,C
S14025,Vinod Poduval,Male,CE,5,Transportation Engineering,77.5,6,15,42,63,C
S14026,Dinesh Madhavan,Male,ECE,6,Microprocessors,72.5,10,26,44,80,A
S14027,Aravind Sivan,Male,ME,3,Fluid Mechanics,74.4,9,27,46,82,A
S14028,Vishnu Karthikeyan,Male,CSE,4,DBMS,76.3,6,26,42,74,B
S14029,Anjali Pradeep,Female,ECE,4,VLSI Design,69.8,6,21,45,72,B
S14030,Sindhu Naidu,Female,ME,3,Manufacturing Technology,68.8,4,22,36,62,C
S14031,Gokul Kaimal,Male,CSE,2,Operating Systems,67.2,6,30,53,89,A+
S14032,Vinod Namboothiri,Male,CE,7,Surveying,77.9,10,28,49,87,A+
S14033,Unnikrishnan Poduval,Male,ME,2,Thermodynamics,75.3,7,19,46,72,B
S14034,Gokul Chandrasekharan,Male,ECE,5,Signals & Systems,53.8,7,25,33,65,C+
S14035,Sanjay Rathore,Male,CE,1,Concrete Technology,54.2,6,15,54,75,B+
S14036,Ayesha Hameed,Female,CSE,4,Software Engineering,81.7,6,21,51,78,B+
S14037,Shilpa Rajan,Female,CSE,5,Operating Systems,64.4,9,25,60,94,S
S14038,Nikhil Gopinathan,Male,CE,6,Transportation Engineering,62.4,6,15,37,58,D
S14039,Resmi Vijayan,Female,CSE,3,Data Structures,64.4,8,12,50,70,B
S14040,Parvathy Kaimal,Female,CE,7,Geotechnical Engineering,67.5,8,15,30,53,P
S14041,Priya Joshi,Female,CSE,6,Software Engineering,78.8,9,28,47,84,A
S14042,Anu Sasidharan,Female,CE,2,Transportation Engineering,74.5,8,30,47,85,A+
S14043,Naveen Ashokan,Male,ME,7,Machine Design,97.5,10,23,46,79,B+
S14044,Madhu Sankar,Male,ME,7,Fluid Mechanics,93.6,7,20,40,67,C+
S14045,Parvathy Bhardwaj,Female,ECE,8,Microprocessors,53.1,6,20,28,54,P
S14046,Aleena Almeida,Female,ME,6,Strength of Materials,93.4,7,18,26,51,P
S14047,Suhail Kabir,Male,ECE,8,VLSI Design,85.0,9,25,51,85,A+
S14048,Parvathy Trivedi,Female,ME,4,Fluid Mechanics,71.6,9,21,39,69,C+
S14049,Manu Jayan,Male,ECE,2,Digital Electronics,88.8,7,19,59,85,A+
S14050,Jyothsna Chandrasekharan,Female,CSE,7,Software Engineering,69.5,10,18,34,62,C
S14051,Biju Rao,Male,ME,5,Strength of Materials,59.3,5,30,39,74,B
S14052,Swathi Naidu,Female,CE,2,Surveying,78.1,7,27,44,78,B+
S14053,Jithin Prakash,Male,ECE,7,Digital Electronics,70.2,9,25,41,75,B+
S14054,Rajesh Raj,Male,CE,8,Structural Analysis,67.5,9,16,38,63,C
S14055,Unnikrishnan Iyer,Male,ECE,8,Digital Electronics,83.0,7,27,33,67,C+
S14056,Balachandran Pandey,Male,ECE,2,Digital Electronics,76.9,8,23,34,65,C+
S14057,Naila Kunhi,Female,ME,8,Machine Design,83.1,7,19,47,73,B
S14058,Aparna Prakash,Female,CE,6,Transportation Engineering,51.1,9,25,39,73,B
S14059,Greeshma Patel,Female,CE,5,Concrete Technology,67.6,6,15,54,75,B+
S14060,Merin Yohannan,Female,CSE,5,DBMS,72.6,7,18,51,76,B+
S14061,Rahul Raman,Male,CE,4,Transportation Engineering,57.8,8,21,30,59,D
S14062,Vivek Rajan,Male,ME,6,Manufacturing Technology,93.2,8,27,46,81,A
S14063,Vishnu Bakshi,Male,CE,4,Geotechnical Engineering,57.5,6,16,31,53,P
S14064,Manu Chandran,Male,ECE,5,VLSI Design,100.0,7,23,39,69,C+
S14065,Adithya Sharma,Male,CSE,6,Software Engineering,60.6,7,19,43,69,C+
S14066,Anjali Shukla,Female,CSE,1,Software Engineering,95.7,7,21,27,55,D
S14067,Anjali Bhaskaran,Female,ECE,1,Digital Electronics,76.3,7,18,26,51,P
S14068,Sreejith Balakrishnan,Male,CSE,1,Software Engineering,73.3,7,19,44,70,B
S14069,Neethu Chandrasekharan,Female,CE,6,Transportation Engineering,83.2,6,16,40,62,C
S14070,Anand Ramesh,Male,ECE,4,Communication Systems,79.6,6,24,34,64,C
S14071,Shilpa Ramakrishnan,Female,CSE,5,Big Data Processing,80.0,6,25,34,65,C+
S14072,Remya Venugopal,Female,CSE,4,DBMS,72.7,6,18,60,84,A
S14073,Biju Padmanabhan,Male,ME,7,Strength of Materials,68.8,6,21,39,66,C+
S14074,Unnikrishnan Gupta,Male,CSE,2,Big Data Processing,78.6,9,18,25,52,P
S14075,Anagha Sudhakaran,Female,CSE,8,Computer Networks,79.3,6,19,41,66,C+
S14076,Suresh Sivan,Male,CSE,7,Computer Networks,59.7,7,16,55,78,B+
S14077,Ramesh Bhattathiri,Male,ME,1,Manufacturing Technology,86.3,5,26,54,85,A+
S14078,Prasanth Mishra,Male,ECE,8,Signals & Systems,90.4,7,17,53,77,B+
S14079,Vinod Patel,Male,CSE,5,Software Engineering,90.3,10,24,28,62,C
S14080,Renjith Karthikeyan,Male,ECE,7,Signals & Systems,75.5,8,13,38,59,D
S14081,Meera Chowdhury,Female,ME,3,Strength of Materials,68.3,7,12,44,63,C
S14082,Prasanth Kartha,Male,ME,1,Thermodynamics,83.8,9,14,47,70,B
S14083,Manoj Vallikkat,Male,CSE,8,Computer Networks,85.3,6,25,56,87,A+
S14084,Adithya Yadav,Male,CE,8,Transportation Engineering,89.9,4,15,53,72,B
S14085,Aiswarya Yadav,Female,CSE,8,Software Engineering,63.7,9,20,40,69,C+
S14086,Akhil Nair,Male,CE,7,Geotechnical Engineering,72.8,8,18,22,48,F
S14087,Sudheesh Dinesh,Male,ME,6,Thermodynamics,55.8,6,22,53,81,A
S14088,Resmi Mahesh,Female,CSE,4,Operating Systems,93.2,6,25,55,86,A+
S14089,Rafi Qureshi,Male,ME,5,Manufacturing Technology,40.0,10,23,55,88,A+
S14090,Sujith Kutty,Male,CE,5,Structural Analysis,82.4,8,27,39,74,B
S14091,Vijay Chopra,Male,CE,5,Surveying,71.4,8,12,48,68,C+
S14092,Rashid Shabeer,Male,CSE,1,Data Structures,74.4,4,24,48,76,B+
S14093,Sanjay Sinha,Male,ECE,4,Digital Electronics,95.9,7,16,42,65,C+
S14094,Neethu Pandey,Female,CSE,8,Software Engineering,100.0,5,19,34,58,D
S14095,Athulya Suresh,Female,ME,6,Fluid Mechanics,71.3,7,27,60,94,S
S14096,Lakshmi Namboothiri,Female,CSE,5,DBMS,48.2,10,24,37,71,B
S14097,Vivek Mahesh,Male,ME,1,Strength of Materials,76.4,8,16,50,74,B
S14098,Jasmin Kabir,Female,ECE,8,Communication Systems,73.1,6,14,26,46,F
S14099,Sindhu Raj,Female,ECE,8,Microprocessors,77.3,6,30,26,62,C
S14100,Aswathy Dubey,Female,CE,8,Surveying,100.0,7,14,49,70,B
S14101,Rohan Gupta,Male,ME,7,Thermodynamics,63.9,6,21,60,87,A+
S14102,Jyothsna Patel,Female,CSE,4,Software Engineering,100.0,8,11,27,46,F
S14103,Amrutha Gupta,Female,ME,6,Manufacturing Technology,81.0,5,13,41,59,D
S14104,Reshma Jayan,Female,ECE,6,Digital Electronics,66.7,10,30,26,66,C+
S14105,Soumya Mohan,Female,CSE,5,Software Engineering,82.7,8,27,43,78,B+
S14106,Anagha Karthikeyan,Female,CSE,2,DBMS,58.4,9,24,42,75,B+
S14107,Rizwan Kareem,Male,CSE,6,Data Structures,97.3,7,28,35,70,B
S14108,Sreekumar Mishra,Male,CSE,3,Software Engineering,97.3,8,13,54,75,B+
S14109,Nithya Varma,Female,CSE,5,Operating Systems,75.7,8,23,30,61,C
S14110,Vidya Malhotra,Female,CE,5,Surveying,84.6,7,15,46,68,C+
S14111,Ramesh Sreedharan,Male,ECE,8,Signals & Systems,80.3,7,25,32,64,C
S14112,Sreejith Raj,Male,CE,8,Surveying,77.8,6,14,49,69,C+
S14113,Aswathy Sankar,Female,ECE,1,Communication Systems,86.4,6,10,51,67,C+
S14114,Nazar Iqbal,Male,CSE,6,Software Engineering,90.0,5,17,39,61,C
S14115,Haritha Chandrasekharan,Female,ME,3,Strength of Materials,71.7,9,23,40,72,B
S14116,Aravind Trivedi,Male,CE,8,Surveying,58.9,7,24,33,64,C
S14117,Remya Anilkumar,Female,ME,7,Thermodynamics,79.2,8,20,45,73,B
S14118,Vineetha Kohli,Female,CE,7,Surveying,83.1,8,22,48,78,B+
S14119,Devika Vijayan,Female,ME,6,Machine Design,66.2,6,20,60,86,A+
S14120,Sujith Rathore,Male,ECE,1,Signals & Systems,65.2,8,25,48,81,A
S14121,Devika Raj,Female,CE,6,Transportation Engineering,100.0,9,25,48,82,A
S14122,Prasanth Vijayan,Male,ME,8,Machine Design,86.9,8,22,47,77,B+
S14123,Radhika Neelakandan,Female,CE,5,Structural Analysis,84.9,8,29,60,97,S
S14124,Vidya Varma,Female,ME,5,Manufacturing Technology,82.9,8,19,47,74,B
S14125,Sudheesh Chandrasekharan,Male,ME,6,Machine Design,72.2,6,24,46,76,B+
S14126,Renjith Kurup,Male,ME,5,Manufacturing Technology,63.1,9,18,25,52,P
S14127,Manoj Neelakandan,Male,ME,1,Fluid Mechanics,92.3,7,17,55,79,B+
S14128,Athira Venugopal,Female,CE,2,Concrete Technology,81.7,6,30,43,79,B+
S14129,Ramesh Venugopal,Male,ECE,1,Communication Systems,72.8,8,21,53,82,A
S14130,Rohan Venugopal,Male,CE,5,Surveying,51.2,7,19,53,79,B+
S14131,Rafeeqa Pathan,Female,ECE,7,VLSI Design,59.7,7,30,48,85,A+
S14132,Resmi Kapoor,Female,CE,3,Transportation Engineering,61.8,8,18,38,64,C
S14133,Aravind Govindan,Male,CSE,7,Operating Systems,68.5,7,21,37,65,C+
S14134,Parvathy Kunjunni,Female,CSE,8,Data Structures,100.0,8,23,47,78,B+
S14135,Vignesh Madhavan,Male,ECE,7,Signals & Systems,76.2,7,19,48,74,B
S14136,Akhil Sreedharan,Male,CSE,3,Big Data Processing,74.3,6,23,60,89,A+
S14137,Resmi Bhattathiri,Female,CSE,4,DBMS,69.4,8,22,43,73,B
S14138,Swathi Vinod,Female,ME,7,Manufacturing Technology,67.7,9,16,34,59,D
S14139,Suresh Rajendran,Male,CE,7,Geotechnical Engineering,71.2,5,17,60,82,A
S14140,Manoj Patel,Male,ECE,4,Digital Electronics,80.8,7,28,43,78,B+
S14141,Arjun Pillai,Male,CSE,6,Data Structures,90.0,7,23,54,84,A
S14142,Anjali Dubey,Female,CE,5,Concrete Technology,46.4,5,22,42,69,C+
S14143,Anjali Sharma,Female,CSE,8,DBMS,78.4,7,15,46,68,C+
S14144,Biju Sinha,Male,CSE,5,Computer Networks,60.4,7,22,56,85,A+
S14145,Bijo Vazhayil,Male,ME,3,Thermodynamics,100.0,5,13,39,57,D
S14146,Sreelakshmi Ramesh,Female,ME,1,Strength of Materials,72.5,10,23,25,58,D
S14147,Resmi Ramakrishnan,Female,ME,7,Strength of Materials,51.4,6,11,55,72,B
S14148,Athira Rajagopal,Female,ME,7,Thermodynamics,85.5,7,25,58,90,S
S14149,Nikhil Chowdhury,Male,CE,1,Structural Analysis,76.0,9,25,39,73,B
S14150,Madhu Marar,Male,CSE,3,Data Structures,59.8,4,29,55,88,A+
S14151,Vishnu Gopinathan,Male,ME,4,Fluid Mechanics,85.6,8,25,35,68,C+
S14152,Ramesh Kartha,Male,ECE,6,Signals & Systems,83.4,6,21,32,59,D
S14153,Sreelakshmi Namboothiri,Female,CSE,8,Data Structures,86.6,9,21,48,78,B+
S14154,Dinesh Joshi,Male,CSE,6,DBMS,100.0,9,10,52,71,B
S14155,Haritha Pandey,Female,CSE,3,Software Engineering,75.4,9,15,35,59,D
S14156,Anand Namboodiripad,Male,ME,3,Thermodynamics,72.2,8,27,43,78,B+
S14157,Amrutha Kartha,Female,ECE,1,Digital Electronics,82.2,7,21,36,64,C
S14158,Merin Vadakkan,Female,CSE,2,Computer Networks,87.0,8,21,43,72,B
S14159,Gokul Yadav,Male,ECE,1,VLSI Design,65.2,8,23,21,52,P
S14160,Shahana Pookoya,Female,CSE,6,Computer Networks,80.7,7,18,39,64,C
S14161,Anu Das,Female,CSE,8,DBMS,74.1,9,20,39,68,C+
S14162,Haritha Nambiar,Female,ECE,6,Communication Systems,82.5,7,25,37,69,C+
S14163,Shilpa Panicker,Female,ME,6,Thermodynamics,88.3,7,19,40,66,C+
S14164,Nimisha Bhatt,Female,ME,2,Fluid Mechanics,47.0,6,24,40,70,B
S14165,Anagha Goel,Female,ME,1,Fluid Mechanics,78.5,6,30,38,74,B
S14166,Renjith Saxena,Male,ECE,7,Communication Systems,71.6,4,23,59,86,A+
S14167,Deepak Vasu,Male,ME,2,Manufacturing Technology,79.5,8,25,43,76,B+
S14168,Anitha Panicker,Female,CSE,8,Computer Networks,46.8,5,26,45,76,B+
S14169,Jismy Cheeran,Female,CSE,2,DBMS,77.2,7,17,19,43,F
S14170,Priya Saxena,Female,ME,7,Machine Design,91.7,7,22,34,63,C
S14171,Sudheesh Bakshi,Male,ECE,3,VLSI Design,82.7,5,24,42,71,B
S14172,Gokul Pradeep,Male,CSE,7,Operating Systems,66.5,8,25,39,72,B
S14173,Anoop Raman,Male,CSE,1,Data Structures,71.8,6,18,36,60,C
S14174,Parvathy Naidu,Female,CSE,1,Data Structures,86.5,9,19,47,75,B+
S14175,Jyothsna Sivan,Female,CSE,8,Computer Networks,75.6,9,16,60,85,A+
S14176,Reshma Kutty,Female,ECE,5,Microprocessors,81.7,7,24,20,51,P
S14177,Shilpa Marar,Female,ECE,4,VLSI Design,57.6,6,8,37,51,P
S14178,Nandakumar Kartha,Male,ME,6,Strength of Materials,80.4,10,24,41,75,B+
S14179,Suresh Bhattathiri,Male,CE,3,Geotechnical Engineering,63.3,7,28,52,87,A+
S14180,Suhana Hussain,Female,ME,7,Thermodynamics,68.2,8,17,40,65,C+
S14181,Haritha Mishra,Female,ME,7,Thermodynamics,74.0,6,21,31,58,D
S14182,Vineetha Namputhiri,Female,ECE,2,Communication Systems,60.9,5,28,48,81,A
S14183,Sujith Raghavan,Male,CSE,6,Software Engineering,79.0,7,12,11,30,F
S14184,Unnikrishnan Das,Male,ECE,4,Microprocessors,100.0,8,21,60,89,A+
S14185,Sruthi Sethi,Female,ME,8,Manufacturing Technology,74.7,5,18,34,57,D
S14186,Aravind Sathyan,Male,ME,1,Strength of Materials,53.1,9,16,27,52,P
S14187,Jasira Kareem,Female,CSE,1,Computer Networks,90.6,5,22,31,58,D
S14188,Rahul Bhalla,Male,ECE,4,Signals & Systems,93.8,5,17,32,54,P
S14189,Amrutha Marar,Female,CE,6,Transportation Engineering,82.0,9,19,23,51,P
S14190,Vignesh Naidu,Male,ME,1,Manufacturing Technology,73.1,7,30,36,73,B
S14191,Biju Malhotra,Male,CSE,2,Computer Networks,80.0,6,24,27,57,D
S14192,Soumya Malhotra,Female,CE,8,Transportation Engineering,93.1,6,23,36,65,C+
S14193,Vishnu Krishnankutty,Male,CSE,6,Data Structures,75.9,7,21,33,61,C
S14194,Anoop Vasudevan,Male,ME,7,Fluid Mechanics,76.4,8,30,42,80,A
S14195,Athira Chowdhury,Female,CE,6,Structural Analysis,69.5,9,19,35,63,C
S14196,Aswathy Balan,Female,CE,6,Geotechnical Engineering,54.8,6,28,52,86,A+
S14197,Vivek Raj,Male,ECE,7,VLSI Design,85.4,6,16,36,58,D
S14198,Ramesh Chopra,Male,CSE,7,Computer Networks,68.5,6,30,50,86,A+
S14199,Divya Nambiar,Female,ECE,1,Communication Systems,78.6,8,19,27,54,P
S14200,Akhil Chandrasekharan,Male,ECE,8,Communication Systems,80.9,7,18,43,68,C+
S14201,Manu Chandrasekharan,Male,ME,2,Strength of Materials,70.1,9,21,26,56,D
S14202,Arjun Goel,Male,CSE,4,Data Structures,61.5,10,25,47,82,A
S14203,Gokul Rajagopal,Male,CSE,4,Computer Networks,68.5,7,18,51,76,B+
S14204,Anitha Namboodiripad,Female,CE,1,Transportation Engineering,82.4,9,22,42,73,B
S14205,Soumya Choudhary,Female,CE,7,Surveying,90.4,7,29,40,76,B+
S14206,Athira Bhatt,Female,ECE,1,Signals & Systems,69.8,9,21,45,75,B+
S14207,Gokul Krishnankutty,Male,CSE,2,Data Structures,64.2,4,25,44,73,B
S14208,Rahul Sudhakaran,Male,CE,6,Surveying,76.5,7,13,58,78,B+
S14209,Vivek Bansal,Male,ME,7,Machine Design,72.3,8,26,48,82,A
S14210,Vijay Namboodiripad,Male,ME,3,Manufacturing Technology,98.9,5,17,42,64,C
S14211,Imran Fareed,Male,ME,6,Manufacturing Technology,49.2,9,24,57,90,S
S14212,Nikhil Arora,Male,ECE,3,Communication Systems,85.3,8,24,51,83,A
S14213,Jyothsna Achari,Female,ECE,3,Communication Systems,81.6,7,16,30,53,P
S14214,Vijay Vallikkat,Male,CE,5,Surveying,74.8,10,23,44,77,B+
S14215,Vishnu Jayan,Male,ME,3,Strength of Materials,64.4,7,29,49,85,A+
S14216,Tom George,Male,CSE,1,DBMS,87.8,9,23,46,78,B+
S14217,Vivek Sharma,Male,CSE,8,Software Engineering,68.7,10,25,49,84,A
S14218,Divya Bhardwaj,Female,ECE,7,VLSI Design,78.4,7,23,45,75,B+
S14219,Sudheesh Panicker,Male,ECE,5,VLSI Design,77.4,8,19,37,64,C
S14220,Greeshma Chowdhury,Female,ME,5,Machine Design,80.2,8,17,56,81,A
S14221,Aswathy Karthikeyan,Female,CSE,3,DBMS,67.5,9,15,35,59,D
S14222,Sudheesh Gopalan,Male,CE,7,Surveying,70.2,7,25,37,69,C+
S14223,Aiswarya Bhardwaj,Female,CSE,3,Big Data Processing,75.1,7,23,48,78,B+
S14224,Arjun Balakrishnan,Male,CSE,3,Data Structures,100.0,7,30,42,79,B+
S14225,Sindhu Neelakandan,Female,ECE,5,Microprocessors,68.2,5,24,26,55,D
S14226,Anjali Namputhiri,Female,ECE,5,Signals & Systems,76.9,8,24,28,60,C
S14227,Anjali Narayanan,Female,ME,7,Thermodynamics,72.8,7,24,60,91,S
S14228,Ajay Krishnankutty,Male,CSE,3,Operating Systems,75.2,4,30,60,94,S
S14229,Sruthi Manoharan,Female,CSE,1,Big Data Processing,83.3,10,24,55,89,A+
S14230,Madhu Poduval,Male,CE,6,Surveying,81.6,5,23,26,54,P
S14231,Sanjay Chandran,Male,ME,1,Machine Design,67.9,7,14,27,48,F
S14232,Gayathri Pillai,Female,ECE,5,VLSI Design,97.3,7,17,45,69,C+
S14233,Sreejith Rao,Male,CSE,2,Software Engineering,90.2,8,20,24,52,P
S14234,Rajesh Pandey,Male,CE,3,Surveying,88.8,10,21,44,75,B+
S14235,Anoop Agrawal,Male,ME,6,Manufacturing Technology,82.7,3,19,46,68,C+
S14236,Resmi Desai,Female,CE,6,Concrete Technology,48.2,9,17,9,35,F
S14237,Rohan Shukla,Male,CE,6,Geotechnical Engineering,67.5,7,22,37,66,C+
S14238,Anand Chopra,Male,CSE,8,Operating Systems,78.2,10,22,56,88,A+
S14239,Sreelakshmi Rathore,Female,ECE,7,Digital Electronics,73.5,9,30,31,70,B
S14240,Ramesh Rajendran,Male,ECE,5,Microprocessors,89.5,8,22,55,85,A+
S14241,Deepak Prasad,Male,ME,6,Manufacturing Technology,71.6,10,18,48,76,B+
S14242,Remya Rajendran,Female,ME,3,Machine Design,91.9,8,16,47,71,B
S14243,Soumya Pisharody,Female,ME,8,Machine Design,81.3,7,30,60,97,S
S14244,Anu Pisharody,Female,ME,5,Machine Design,80.8,9,29,33,71,B
S14245,Unnikrishnan Pisharody,Male,CE,8,Surveying,79.4,5,11,57,73,B
S14246,Shahana Ahmed,Female,CSE,6,Computer Networks,72.6,7,24,30,61,C
S14247,Sindhu Namboothiri,Female,ECE,7,Communication Systems,83.8,5,18,40,63,C
S14248,Greeshma Mohan,Female,CSE,4,Software Engineering,93.1,9,21,37,67,C+
S14249,Amrutha Dubey,Female,CE,6,Geotechnical Engineering,75.4,9,16,47,72,B
S14250,Neethu Anandan,Female,CSE,4,Software Engineering,68.5,7,23,37,67,C+
S14251,Renjith Khurana,Male,CE,6,Transportation Engineering,62.2,9,20,56,85,A+
S14252,Neethu Choudhary,Female,CE,6,Transportation Engineering,64.0,6,16,53,75,B+
S14253,Biju Patel,Male,CE,2,Geotechnical Engineering,71.1,6,21,45,72,B
S14254,Radhika Bhalla,Female,ECE,5,Signals & Systems,71.0,10,10,45,65,C+
S14255,Radhika Mohan,Female,CE,5,Structural Analysis,72.7,7,22,41,70,B
S14256,Aravind Ashokan,Male,ME,5,Thermodynamics,78.9,10,15,60,85,A+
S14257,Suresh Solanki,Male,ME,5,Machine Design,58.8,10,22,46,78,B+
S14258,Aparna Nambiar,Female,ME,5,Thermodynamics,94.8,8,24,54,86,A+
S14259,Meera Anandan,Female,CSE,7,Operating Systems,51.2,7,25,43,75,B+
S14260,Devika Kumar,Female,ECE,6,Digital Electronics,70.2,8,28,45,81,A
S14261,Anitha Kurup,Female,ECE,5,Microprocessors,83.2,8,30,33,71,B
S14262,Anitha Bhatt,Female,CSE,7,Software Engineering,54.0,8,28,55,91,S
S14263,Nandakumar Vijayan,Male,CSE,6,Computer Networks,87.0,8,24,35,67,C+
S14264,Nikhil Chandran,Male,CSE,6,Software Engineering,100.0,5,17,27,49,F
S14265,Aswathy Mohan,Female,CSE,8,Data Structures,78.8,7,19,56,82,A
S14266,Amrutha Sathyan,Female,CE,4,Transportation Engineering,85.2,6,14,60,80,A
S14267,Nimisha Sudhakaran,Female,ECE,8,Digital Electronics,70.1,7,20,49,76,B+
S14268,Vijay Chandra,Male,ECE,8,Digital Electronics,90.4,7,23,37,67,C+
S14269,Pradeep Sinha,Male,ME,3,Manufacturing Technology,97.4,6,27,35,68,C+
S14270,Nikhil Choudhary,Male,CSE,5,DBMS,83.9,8,30,36,74,B
S14271,Nithya Verma,Female,ME,2,Manufacturing Technology,52.7,6,18,41,65,C+
S14272,Bindu Saxena,Female,CE,6,Structural Analysis,75.6,9,24,47,80,A
S14273,Sanjay Mahesh,Male,ME,6,Thermodynamics,90.8,10,6,58,74,B
S14274,Anoop Sudhakaran,Male,ECE,3,VLSI Design,84.6,8,25,53,86,A+
S14275,Vivek Kutty,Male,ME,1,Machine Design,95.1,7,28,38,73,B
S14276,Shilpa Vasu,Female,CSE,5,Computer Networks,62.8,7,25,51,83,A
S14277,Unnikrishnan Kartha,Male,ME,3,Manufacturing Technology,94.0,7,23,48,78,B+
S14278,Radhika Dubey,Female,ME,5,Machine Design,67.2,6,22,51,79,B+
S14279,Vidya Bhalla,Female,CE,7,Transportation Engineering,98.0,7,21,46,74,B
S14280,Aravind Vasudevan,Male,ME,2,Manufacturing Technology,89.3,6,17,57,80,A
S14281,Sindhu Sreedharan,Female,ME,2,Strength of Materials,58.4,9,30,40,79,B+
S14282,Aravind Chandran,Male,ME,1,Thermodynamics,81.0,6,27,51,84,A
S14283,Sudheesh Sankar,Male,CE,5,Concrete Technology,94.7,7,24,56,87,A+
S14284,Parvathy Kutty,Female,CSE,4,DBMS,78.6,7,18,41,66,C+
S14285,Haritha Raj,Female,ECE,8,Communication Systems,79.6,7,13,27,47,F
S14286,Biju Namputhiri,Male,CE,2,Concrete Technology,88.0,7,29,39,75,B+
S14287,Nimisha Krishnan,Female,CSE,7,Operating Systems,84.9,7,18,51,76,B+
S14288,Sowmya Bhardwaj,Female,ME,3,Machine Design,57.6,9,13,27,49,F
S14289,Gokul Bakshi,Male,CE,1,Geotechnical Engineering,91.7,8,25,32,65,C+
S14290,Vinod Gopinathan,Male,ME,3,Strength of Materials,70.8,6,18,43,67,C+
S14291,Soumya Nair,Female,CSE,8,DBMS,100.0,6,25,43,74,B
S14292,Rizwana Nadeem,Female,ECE,1,Signals & Systems,73.7,8,20,38,66,C+
S14293,Naveen Sreekumar,Male,ECE,4,Microprocessors,71.5,8,28,60,96,S
S14294,Ramesh Achari,Male,CSE,6,Software Engineering,87.4,6,28,25,59,D
S14295,Aiswarya Pradeep,Female,ME,4,Strength of Materials,84.0,3,17,53,73,B
S14296,Prasanth Joshi,Male,ME,1,Thermodynamics,60.3,6,27,48,81,A
S14297,Vijay Kurup,Male,CE,4,Surveying,100.0,9,24,27,60,C
S14298,Renjith Goel,Male,ECE,1,Signals & Systems,57.4,6,23,41,70,B
S14299,Jyothsna Pandey,Female,ECE,3,Digital Electronics,82.9,7,28,22,57,D
S14300,Anu Unnithan,Female,ECE,3,Microprocessors,93.4,7,30,41,78,B+
S14301,Anagha Mohan,Female,ME,4,Thermodynamics,65.6,5,20,39,64,C
S14302,Anitha Gupta,Female,ECE,4,Digital Electronics,100.0,7,23,44,74,B
S14303,Parvathy Rathore,Female,CSE,8,Data Structures,82.1,7,30,51,88,A+
S14304,Gayathri Naidu,Female,ECE,4,Microprocessors,85.5,5,26,38,69,C+
S14305,Renjith Kunjunni,Male,CE,7,Surveying,85.1,8,16,39,63,C
S14306,Anu Ramesh,Female,CE,1,Concrete Technology,72.3,8,24,29,61,C
S14307,Adithya Narayanan,Male,CSE,3,DBMS,92.4,6,25,42,73,B
S14308,Sreejith Trivedi,Male,CSE,8,Data Structures,89.3,9,26,45,80,A
S14309,Remya Dubey,Female,CE,3,Transportation Engineering,77.4,10,19,47,76,B+
S14310,Anjali Yadav,Female,ME,4,Manufacturing Technology,81.4,8,17,42,67,C+
S14311,Athira Gopalan,Female,ECE,3,VLSI Design,65.0,7,16,42,65,C+
S14312,Madhu Solanki,Male,CSE,1,Big Data Processing,65.9,8,16,38,62,C
S14313,Sudheesh Namboothiri,Male,ECE,3,Communication Systems,65.2,6,16,34,56,D
S14314,Vineetha Goel,Female,CSE,3,Data Structures,89.6,8,20,51,79,B+
S14315,Vinod Suresh,Male,ME,1,Strength of Materials,100.0,8,17,32,57,D
S14316,Dinesh Balan,Male,CSE,6,Data Structures,80.6,6,17,42,65,C+
S14317,Deepthi Chandrasekharan,Female,CSE,8,Operating Systems,77.5,7,24,42,73,B
S14318,Arjun Neelakandan,Male,ME,1,Thermodynamics,66.9,10,20,42,72,B
S14319,Vinod Venugopal,Male,ME,2,Thermodynamics,80.7,7,23,40,70,B
S14320,Sujith Suresh,Male,CSE,8,Software Engineering,100.0,6,23,33,62,C
S14321,Fathima Shabeer,Female,CE,7,Transportation Engineering,79.3,9,26,60,95,S
S14322,Aparna Goel,Female,CE,6,Concrete Technology,89.4,6,11,44,61,C
S14323,Devika Trivedi,Female,CSE,5,Operating Systems,73.4,5,28,54,87,A+
S14324,Aparna Kumar,Female,ECE,7,Microprocessors,87.0,9,17,43,69,C+
S14325,Vishnu Vasu,Male,CSE,3,Operating Systems,82.8,6,23,30,59,D
S14326,Nadhira Yusuf,Female,CE,6,Transportation Engineering,69.1,7,30,34,71,B
S14327,Karthik Sankar,Male,CE,2,Concrete Technology,100.0,10,13,32,55,D
S14328,Sneha Govindan,Female,ECE,5,Signals & Systems,85.8,7,30,55,92,S
S14329,Riyas Nadeem,Male,ECE,7,Digital Electronics,40.0,6,20,19,45,F
S14330,Lakshmi Chandrasekharan,Female,ME,1,Machine Design,77.1,5,24,37,66,C+
S14331,Anoop Pillai,Male,ECE,8,VLSI Design,79.8,6,24,37,67,C+
S14332,Jerin Joseph,Male,ME,1,Machine Design,72.5,8,22,40,70,B
S14333,Nandana Namboodiripad,Female,CSE,7,Software Engineering,95.2,8,13,49,70,B
S14334,Reshma Unni,Female,CE,2,Surveying,70.5,8,24,38,70,B
S14335,Imran Naeem,Male,CE,6,Structural Analysis,70.6,8,22,37,67,C+
S14336,Parvathy Goel,Female,ECE,7,Signals & Systems,67.8,9,28,40,77,B+
S14337,Shilpa Srivastava,Female,CE,8,Concrete Technology,80.5,8,27,40,75,B+
S14338,Sudheesh Poduval,Male,CE,5,Geotechnical Engineering,78.9,5,30,46,81,A
S14339,Suresh Bhaskaran,Male,CSE,8,Operating Systems,85.3,7,30,34,71,B
S14340,Rahul Pillai,Male,CSE,1,Computer Networks,78.4,9,28,40,77,B+
S14341,Rohan Menon,Male,CSE,6,Operating Systems,80.2,7,21,42,70,B
S14342,Gokul Khurana,Male,ECE,3,Microprocessors,88.3,7,14,28,49,F
S14343,Reshma Raghavan,Female,CE,2,Geotechnical Engineering,61.8,9,18,58,85,A+
S14344,Devika Patel,Female,CSE,5,Big Data Processing,90.8,4,30,60,94,S
S14345,Sudheesh Tiwari,Male,ECE,1,Digital Electronics,85.0,8,12,44,64,C
S14346,Remya Chowdhury,Female,ME,2,Machine Design,90.6,7,18,60,85,A+
S14347,Reshma Patel,Female,CSE,3,Computer Networks,71.3,8,12,45,65,C+
S14348,Vignesh Sethi,Male,CE,2,Structural Analysis,55.1,10,21,34,65,C+
S14349,Reshma Kohli,Female,CE,1,Geotechnical Engineering,76.4,8,25,34,67,C+
S14350,Vineetha Sreekumar,Female,CE,2,Concrete Technology,100.0,7,18,34,59,D
S14351,Anu Kurup,Female,CE,3,Structural Analysis,69.3,9,25,58,92,S
S14352,Nandakumar Rathore,Male,CSE,7,DBMS,69.4,8,23,48,79,B+
S14353,Gokul Achari,Male,CSE,5,DBMS,74.4,6,24,60,90,S
S14354,Nandana Kumar,Female,CSE,8,DBMS,78.7,9,23,60,92,S
S14355,Renjith Rao,Male,ME,2,Manufacturing Technology,68.0,7,19,25,51,P
S14356,Balachandran Shukla,Male,CE,2,Structural Analysis,85.1,8,14,37,59,D
S14357,Karthik Sharma,Male,CE,3,Concrete Technology,80.1,7,24,60,91,S
S14358,Amrutha Varma,Female,CE,4,Transportation Engineering,65.9,4,21,38,63,C
S14359,Remya Sasidharan,Female,ME,8,Fluid Mechanics,74.8,7,20,42,69,C+
S14360,Sarath Vinod,Male,CE,2,Structural Analysis,54.1,8,14,46,68,C+
S14361,Athulya Raman,Female,CSE,8,Big Data Processing,70.5,9,18,60,87,A+
S14362,Deepthi Bhalla,Female,CSE,6,Computer Networks,68.1,3,19,34,56,D
S14363,Sherin Philip,Female,ECE,1,Digital Electronics,93.0,7,25,55,87,A+
S14364,Gayathri Narayanan,Female,CSE,4,Computer Networks,97.3,5,22,45,72,B
S14365,Vishnu Trivedi,Male,ECE,5,Digital Electronics,78.1,7,18,33,58,D
S14366,Pradeep Sankar,Male,ME,7,Manufacturing Technology,54.3,6,27,46,79,B+
S14367,Vineetha Manoharan,Female,CE,8,Surveying,69.9,9,24,38,71,B
S14368,Soumya Chauhan,Female,ME,3,Strength of Materials,82.4,4,23,46,73,B
S14369,Aravind Balakrishnan,Male,ECE,1,VLSI Design,77.7,8,28,48,84,A
S14370,Anu Dubey,Female,CE,6,Structural Analysis,88.7,5,17,31,53,P
S14371,Sreelakshmi Iyer,Female,ME,1,Strength of Materials,76.4,6,23,37,66,C+
S14372,Parvathy Nambiar,Female,CSE,3,Operating Systems,67.1,5,26,38,69,C+
S14373,Anagha Choudhary,Female,CE,5,Surveying,75.2,9,17,46,72,B
S14374,Fazil Thangal,Male,CE,5,Structural Analysis,88.9,10,20,43,73,B
S14375,Sreejith Shukla,Male,CE,7,Concrete Technology,69.1,8,25,44,77,B+
S14376,Anu Chowdhury,Female,ECE,6,VLSI Design,86.2,10,22,39,71,B
S14377,Devika Kutty,Female,ECE,5,Communication Systems,63.0,8,14,41,63,C
S14378,Amrutha Sinha,Female,ME,3,Fluid Mechanics,68.4,6,18,37,61,C
S14379,Sreelakshmi Vallikkat,Female,CSE,2,Computer Networks,55.3,8,24,29,61,C
S14380,Jyothsna Sudhakaran,Female,ECE,4,Communication Systems,84.2,6,15,44,65,C+
S14381,Nikhil Chopra,Male,CE,8,Concrete Technology,79.4,8,16,36,60,C
S14382,Naushad Ashraf,Male,ME,8,Thermodynamics,51.4,4,18,45,67,C+
S14383,Sneha Prasad,Female,CSE,4,Data Structures,60.1,6,24,32,62,C
S14384,Sarath Kunjunni,Male,CSE,8,Operating Systems,65.6,7,15,46,68,C+
S14385,Reshma Bhattathiri,Female,CSE,3,DBMS,86.0,8,21,38,67,C+
S14386,Nandakumar Anilkumar,Male,ME,2,Strength of Materials,83.2,9,24,33,66,C+
S14387,Aswathy Sinha,Female,CE,7,Geotechnical Engineering,65.9,9,17,25,51,P
S14388,Aswathy Raman,Female,CSE,8,Operating Systems,80.0,8,29,30,67,C+
S14389,Ramesh Rathore,Male,ECE,3,VLSI Design,79.3,6,18,55,79,B+
S14390,Manu Patel,Male,ECE,3,Digital Electronics,66.4,8,24,60,92,S
S14391,Aparna Unnithan,Female,CSE,5,Data Structures,60.9,7,15,38,60,C
S14392,Naveen Varma,Male,CE,5,Surveying,87.0,8,22,49,79,B+
S14393,Deepak Chopra,Male,ME,5,Strength of Materials,85.5,9,29,60,98,S
S14394,Sanjay Thampi,Male,ECE,4,Signals & Systems,92.4,7,18,51,76,B+
S14395,Renjith Rathore,Male,CE,1,Geotechnical Engineering,63.0,9,27,43,79,B+
S14396,Naseer Zubair,Male,CSE,6,Big Data Processing,88.9,6,30,47,83,A
S14397,Akhil Gopinathan,Male,ECE,3,Signals & Systems,90.9,7,20,36,63,C
S14398,Rohan Thampi,Male,ME,6,Thermodynamics,79.0,4,22,53,79,B+
S14399,Amrutha Chandrasekharan,Female,CSE,2,Software Engineering,69.2,7,20,46,73,B
S14400,Ajay Panicker,Male,ME,5,Strength of Materials,85.4,5,23,60,88,A+
S14401,Lakshmi Nair,Female,CSE,1,Software Engineering,95.6,9,23,40,72,B
S14402,Suresh Unnithan,Male,CE,7,Structural Analysis,96.0,6,21,52,79,B+
S14403,Anitha Warrier,Female,ECE,3,Communication Systems,76.1,10,15,24,49,F
S14404,Anjali Srivastava,Female,CSE,3,Data Structures,80.0,7,15,40,62,C
S14405,Devika Sinha,Female,ME,6,Strength of Materials,79.8,8,21,36,65,C+
S14406,Rizwan Iqbal,Male,CSE,8,Big Data Processing,65.3,8,26,45,79,B+
S14407,Sruthi Nair,Female,ME,8,Thermodynamics,58.8,9,30,47,86,A+
S14408,Balachandran Menon,Male,CE,5,Surveying,66.3,8,27,37,72,B
S14409,Sujith Jayan,Male,CE,6,Geotechnical Engineering,81.1,9,24,33,66,C+
S14410,Haritha Thampi,Female,CE,4,Surveying,85.5,7,30,58,95,S
S14411,Sabira Sultan,Female,ME,1,Fluid Mechanics,80.0,8,17,53,78,B+
S14412,Sanjay Kohli,Male,ME,7,Thermodynamics,73.1,9,20,48,77,B+
S14413,Sneha Achari,Female,CSE,5,Computer Networks,68.9,7,20,44,71,B
S14414,Jasira Farooqui,Female,ME,7,Manufacturing Technology,75.1,8,26,46,80,A
S14415,Rahul Rajendran,Male,CSE,7,Big Data Processing,80.7,5,15,51,71,B
S14416,Jyothsna Joshi,Female,ECE,4,Digital Electronics,97.3,6,24,60,90,S
S14417,Biju Kartha,Male,ECE,1,VLSI Design,99.6,8,16,36,60,C
S14418,Greeshma Venugopal,Female,CSE,1,Operating Systems,77.9,7,16,25,48,F
S14419,Anagha Venugopal,Female,ECE,7,Digital Electronics,58.4,8,23,37,68,C+
S14420,Rohan Sathyan,Male,CSE,5,DBMS,81.6,8,19,43,70,B
S14421,Rahul Pandey,Male,ECE,1,VLSI Design,88.7,9,15,54,78,B+
S14422,Madhu Sathyan,Male,CSE,2,DBMS,85.7,7,11,37,55,D
S14423,Sruthi Vallikkat,Female,ECE,2,Communication Systems,100.0,6,22,19,47,F
S14424,Renjith Srivastava,Male,ME,1,Thermodynamics,58.2,10,14,38,62,C
S14425,Sreekumar Anilkumar,Male,CE,4,Concrete Technology,100.0,5,22,51,78,B+
S14426,Haritha Kumar,Female,ME,2,Strength of Materials,76.4,4,30,34,68,C+
S14427,Aravind Gopinathan,Male,CSE,3,Software Engineering,63.9,6,17,30,53,P
S14428,Meera Thampi,Female,CE,7,Geotechnical Engineering,86.8,7,28,60,95,S
S14429,Vignesh Thampi,Male,ME,4,Machine Design,79.5,8,18,41,67,C+
S14430,Vijay Pandey,Male,CE,2,Transportation Engineering,90.4,10,28,40,78,B+
S14431,Madhu Karthikeyan,Male,ECE,3,Digital Electronics,90.3,7,27,29,63,C
S14432,Anand Rajendran,Male,ECE,3,Signals & Systems,95.0,8,24,47,79,B+
S14433,Renji Fernandez,Male,ECE,4,Digital Electronics,70.0,8,11,29,48,F
S14434,Nimisha Sethi,Female,CSE,7,Software Engineering,91.2,4,21,55,80,A
S14435,Anand Menon,Male,ECE,5,VLSI Design,90.4,4,19,54,77,B+
S14436,Vignesh Patel,Male,CSE,4,Data Structures,69.3,9,23,44,76,B+
S14437,Nandakumar Achari,Male,ECE,2,Digital Electronics,72.4,7,18,43,68,C+
S14438,Vineetha Warrier,Female,CE,5,Transportation Engineering,71.2,7,15,46,68,C+
S14439,Irfan Shabeer,Male,CSE,7,Computer Networks,76.3,8,29,50,87,A+
S14440,Soumya Kumar,Female,ECE,1,Communication Systems,69.9,4,2,50,56,D
S14441,Vishnu Nambiar,Male,CE,6,Transportation Engineering,61.1,6,22,45,73,B
S14442,Farha Malik,Female,CSE,3,Computer Networks,95.9,4,26,54,84,A
S14443,Remya Sharma,Female,ECE,2,Signals & Systems,79.1,8,22,44,74,B
S14444,Athira Bansal,Female,ME,5,Thermodynamics,87.7,7,21,58,86,A+
S14445,Gayathri Agrawal,Female,CE,3,Concrete Technology,55.7,7,30,28,65,C+
S14446,Athira Unnithan,Female,ECE,8,Digital Electronics,89.3,10,22,47,79,B+
S14447,Aswathy Kaimal,Female,ME,8,Strength of Materials,56.4,6,25,48,79,B+
S14448,Vinod Gupta,Male,ECE,6,Microprocessors,85.8,8,25,33,66,C+
S14449,Biju Govindan,Male,ME,5,Fluid Mechanics,67.0,6,25,25,56,D
S14450,Vinod Balakrishnan,Male,CE,3,Transportation Engineering,86.1,9,23,41,73,B
S14451,Jithin Nair,Male,ME,6,Manufacturing Technology,75.2,10,26,39,75,B+
S14452,Sabira Moideen,Female,CE,6,Transportation Engineering,60.6,9,11,39,59,D
S14453,Bibinlal Almeida,Male,ECE,7,Digital Electronics,88.3,6,17,56,79,B+
S14454,Sana Moulavi,Female,CE,4,Surveying,68.3,6,18,60,84,A
S14455,Radhika Marar,Female,CE,4,Structural Analysis,79.4,7,17,47,71,B
S14456,Vishnu Marar,Male,ME,1,Thermodynamics,96.6,7,13,52,72,B
S14457,Sruthi Srivastava,Female,ME,5,Thermodynamics,74.4,6,20,57,83,A
S14458,Jithin Mohan,Male,CE,3,Surveying,74.2,10,30,35,75,B+
S14459,Remya Bhardwaj,Female,CE,3,Geotechnical Engineering,78.6,4,16,43,63,C
S14460,Vishnu Kunjunni,Male,CE,3,Surveying,66.0,10,17,43,70,B
S14461,Haritha Verma,Female,CE,8,Structural Analysis,89.4,7,16,33,56,D
S14462,Adithya Verma,Male,CSE,8,Computer Networks,85.5,6,22,56,84,A
S14463,Sarath Kurup,Male,ME,2,Machine Design,80.2,5,21,17,43,F
S14464,Anand Unni,Male,CE,2,Geotechnical Engineering,66.9,10,25,42,77,B+
S14465,Jasmin Mansoor,Female,CE,5,Geotechnical Engineering,91.0,8,27,43,78,B+
S14466,Divya Balakrishnan,Female,CE,5,Concrete Technology,100.0,8,14,49,71,B
S14467,Amrutha Chandra,Female,ECE,8,VLSI Design,94.7,9,22,57,88,A+
S14468,Rasheeda Hameed,Female,CE,7,Concrete Technology,68.5,7,30,27,64,C
S14469,Priya Raj,Female,ECE,7,Microprocessors,77.4,9,29,46,84,A
S14470,Nikhil Jayan,Male,ME,2,Strength of Materials,88.6,7,28,58,93,S
S14471,Anitha Suresh,Female,ECE,3,Microprocessors,49.9,8,19,52,79,B+
S14472,Prasanth Ashokan,Male,ECE,4,VLSI Design,63.9,5,14,39,58,D
S14473,Shahana Faisal,Female,ME,6,Manufacturing Technology,55.6,6,20,50,76,B+
S14474,Aravind Vijayan,Male,ECE,1,Microprocessors,61.6,6,25,49,80,A
S14475,Sowmya Namboothiri,Female,CSE,7,DBMS,96.5,10,20,36,66,C+
S14476,Neenu Rebello,Female,ME,6,Strength of Materials,92.0,9,21,47,77,B+
S14477,Vignesh Chopra,Male,ECE,7,Microprocessors,81.4,8,26,39,73,B
S14478,Athulya Dinesh,Female,CE,2,Structural Analysis,71.5,4,26,55,85,A+
S14479,Pradeep Achari,Male,ME,1,Machine Design,75.7,8,18,47,73,B
S14480,Nithya Rajendran,Female,ME,6,Thermodynamics,73.6,7,25,52,84,A
S14481,Jyothsna Rajagopal,Female,ME,7,Fluid Mechanics,99.1,6,25,38,69,C+
S14482,Deepak Desai,Male,ME,4,Fluid Mechanics,85.5,7,27,18,52,P
S14483,Meera Rathore,Female,CE,5,Surveying,70.5,8,28,35,71,B
S14484,Sowmya Madhavan,Female,CSE,2,Computer Networks,73.3,7,27,33,67,C+
S14485,Soumya Sankar,Female,CSE,8,Computer Networks,75.7,6,23,51,80,A
S14486,Jyothsna Krishnankutty,Female,ECE,1,Communication Systems,88.8,6,29,34,69,C+
S14487,Anu Kartha,Female,ECE,7,Digital Electronics,71.1,8,25,39,72,B
S14488,Vineetha Namboodiripad,Female,ECE,5,Communication Systems,86.2,6,29,43,78,B+
S14489,Anu Trivedi,Female,CE,4,Transportation Engineering,65.6,7,18,48,73,B
S14490,Ayesha Koya,Female,ECE,3,Microprocessors,58.1,7,17,43,67,C+
S14491,Rahul Sreedharan,Male,CE,5,Geotechnical Engineering,74.0,4,30,34,68,C+
S14492,Vinod Goel,Male,CSE,7,Big Data Processing,76.8,7,29,38,74,B
S14493,Soumya Chowdhury,Female,CSE,5,Software Engineering,82.9,5,23,60,88,A+
S14494,Anu Patel,Female,ECE,3,Microprocessors,58.3,9,25,53,87,A+
S14495,Anitha Rajan,Female,CE,7,Transportation Engineering,80.1,5,24,50,79,B+
S14496,Sneha Raman,Female,CSE,7,Data Structures,93.8,6,24,59,89,A+
S14497,Ramesh Balan,Male,ECE,8,Signals & Systems,78.0,9,17,46,72,B
S14498,Unnikrishnan Chandran,Male,CSE,2,Big Data Processing,90.6,8,23,57,88,A+
S14499,Neethu Sivan,Female,ECE,6,VLSI Design,61.4,5,25,60,90,S
S14500,Rohan Govindan,Male,CE,4,Transportation Engineering,88.0,8,18,52,78,B+
S14501,Aswathy Chandrasekharan,Female,ME,3,Thermodynamics,83.8,6,25,39,70,B
S14502,Soumya Kutty,Female,CE,6,Surveying,74.7,8,16,60,84,A
S14503,Nandana Shukla,Female,CE,2,Transportation Engineering,64.0,6,20,43,69,C+
S14504,Akhil Anandan,Male,ME,6,Thermodynamics,90.0,9,21,15,45,F
S14505,Shilpa Rajendran,Female,ECE,3,VLSI Design,82.0,8,23,60,91,S
S14506,Biju Sreekumar,Male,ECE,2,Digital Electronics,66.5,6,15,39,60,C
S14507,Aswathy Saxena,Female,ECE,2,Microprocessors,74.8,7,20,48,75,B+
S14508,Manu Narayanan,Male,ECE,6,VLSI Design,63.6,8,13,59,80,A
S14509,Sreelakshmi Kunjunni,Female,ME,4,Fluid Mechanics,72.8,8,22,57,87,A+
S14510,Sreejith Vasudevan,Male,CE,7,Concrete Technology,88.7,10,27,31,68,C+
S14511,Karthik Vallikkat,Male,ME,6,Machine Design,88.9,9,23,40,72,B
S14512,Sreelakshmi Prakash,Female,CSE,2,Operating Systems,85.4,8,16,25,49,F
S14513,Ramesh Warrier,Male,CE,5,Structural Analysis,91.9,5,24,39,68,C+
S14514,Aiswarya Arora,Female,ECE,3,Communication Systems,76.7,7,21,43,71,B
S14515,Sudheesh Das,Male,ECE,8,Signals & Systems,85.9,10,16,42,68,C+
S14516,Sowmya Sethi,Female,ECE,3,Microprocessors,89.3,8,24,21,53,P
S14517,Sudheesh Trivedi,Male,CSE,3,Operating Systems,76.4,10,29,47,86,A+
S14518,Naveen Thampuran,Male,ECE,8,Signals & Systems,64.6,5,23,60,88,A+
S14519,Parvathy Vallikkat,Female,ECE,4,Signals & Systems,72.2,5,29,38,72,B
S14520,Devika Dubey,Female,CSE,4,DBMS,79.9,9,20,24,53,P
S14521,Karthik Dubey,Male,CE,2,Transportation Engineering,73.3,7,12,44,63,C
S14522,Swathi Bhaskaran,Female,CSE,8,Data Structures,63.3,8,21,41,70,B
S14523,Sarath Vallikkat,Male,ME,8,Manufacturing Technology,47.5,7,21,48,76,B+
S14524,Sindhu Ramesh,Female,ECE,5,Microprocessors,70.2,7,22,30,59,D
S14525,Bins Yohannan,Male,CE,5,Surveying,56.7,3,23,50,76,B+
S14526,Sindhu Balan,Female,ECE,8,Signals & Systems,65.7,6,30,40,76,B+
S14527,Vivek Bhaskaran,Male,CE,3,Surveying,66.6,5,19,26,50,P
S14528,Sowmya Unni,Female,CE,1,Surveying,74.9,7,22,43,72,B
S14529,Aby Thottathil,Male,ECE,2,VLSI Design,74.4,6,21,25,52,P
S14530,Jyothsna Unni,Female,CSE,1,DBMS,88.5,7,25,44,76,B+
S14531,Aravind Verma,Male,CSE,5,Big Data Processing,74.7,7,22,31,60,C
S14532,Reshma Varma,Female,CSE,6,Big Data Processing,74.4,8,25,60,93,S
S14533,Suhail Shabeer,Male,CE,2,Surveying,98.0,10,7,60,77,B+
S14534,Nandakumar Solanki,Male,ME,8,Strength of Materials,78.1,8,9,51,68,C+
S14535,Vivek Naidu,Male,ECE,2,Microprocessors,63.7,10,23,21,54,P
S14536,Bindu Sankar,Female,ECE,5,VLSI Design,64.0,5,20,27,52,P
S14537,Radhika Karthikeyan,Female,ME,6,Strength of Materials,82.8,10,21,60,91,S
S14538,Sreelakshmi Radhakrishnan,Female,ME,1,Strength of Materials,56.7,7,22,52,81,A
S14539,Manoj Menon,Male,ECE,5,Communication Systems,74.9,8,28,45,81,A
S14540,Sreekumar Desai,Male,ECE,2,VLSI Design,71.1,7,18,35,60,C
S14541,Ramesh Mohan,Male,ME,4,Thermodynamics,91.8,10,16,53,79,B+
S14542,Sana Sirajudheen,Female,CE,8,Concrete Technology,70.9,7,24,38,69,C+
S14543,Reshma Shukla,Female,ME,1,Fluid Mechanics,65.5,5,30,20,55,D
S14544,Sowmya Prakash,Female,CE,8,Transportation Engineering,82.8,6,26,31,63,C
S14545,Nandana Rathore,Female,ME,5,Fluid Mechanics,89.8,10,22,49,81,A
S14546,Adithya Namboothiri,Male,CE,3,Structural Analysis,98.4,7,21,22,50,P
S14547,Sreekumar Vijayan,Male,CSE,4,Data Structures,78.6,9,14,48,71,B
S14548,Aparna Rajan,Female,CE,2,Concrete Technology,86.7,8,30,46,84,A
S14549,Sarath Rao,Male,CSE,3,Big Data Processing,90.1,5,21,48,74,B
S14550,Rohan Krishnankutty,Male,CSE,7,Computer Networks,83.7,8,17,17,42,F
S14551,Sreelakshmi Desai,Female,CE,3,Surveying,67.7,6,19,21,46,F
S14552,Nandakumar Khurana,Male,CE,2,Geotechnical Engineering,85.4,8,19,44,71,B
S14553,Jithin Ramakrishnan,Male,CSE,6,Big Data Processing,89.4,4,24,28,56,D
S14554,Suresh Manoharan,Male,CE,4,Geotechnical Engineering,78.3,7,14,29,50,P
S14555,Farha Faisal,Female,ME,8,Manufacturing Technology,74.6,7,13,50,70,B
S14556,Vignesh Shukla,Male,CE,7,Surveying,88.2,7,19,51,77,B+
S14557,Naushad Zubair,Male,ME,6,Machine Design,74.6,9,28,37,74,B
S14558,Anu Achari,Female,ME,5,Strength of Materials,77.4,8,15,54,77,B+
S14559,Sindhu Anandan,Female,ECE,5,Communication Systems,64.1,4,20,60,84,A
S14560,Anand Neelakandan,Male,CSE,4,DBMS,42.1,9,19,35,63,C
S14561,Jyothsna Mohan,Female,CSE,5,Computer Networks,80.1,3,19,42,64,C
S14562,Adithya Pandey,Male,CE,2,Concrete Technology,73.8,7,24,49,80,A
S14563,Sanjay Choudhary,Male,ECE,1,Signals & Systems,70.6,6,15,29,50,P
S14564,Prasanth Trivedi,Male,ECE,5,VLSI Design,78.6,6,22,29,57,D
S14565,Shahana Kabir,Female,CE,6,Surveying,71.4,5,28,60,93,S
S14566,Jasira Basheer,Female,ECE,8,Microprocessors,71.3,8,22,38,68,C+
S14567,Sneha Naidu,Female,CSE,4,Big Data Processing,77.7,6,19,32,57,D
S14568,Sana Rafeeq,Female,CE,2,Surveying,80.0,8,21,37,66,C+
S14569,Reshma Agarwal,Female,CE,1,Surveying,85.7,6,26,60,92,S
S14570,Sreelakshmi Gupta,Female,ME,4,Manufacturing Technology,80.1,9,30,37,76,B+
S14571,Manu Sreekumar,Male,CSE,3,DBMS,58.7,7,24,49,80,A
S14572,Sreekumar Joshi,Male,CE,4,Concrete Technology,100.0,5,23,54,82,A
S14573,Vidya Unni,Female,ECE,6,Digital Electronics,100.0,8,10,40,58,D
S14574,Fazil Koya,Male,ME,7,Fluid Mechanics,77.8,5,16,37,58,D
S14575,Karthik Karthikeyan,Male,CE,8,Surveying,74.0,7,21,44,72,B
S14576,Sarath Vasu,Male,CE,7,Transportation Engineering,68.1,9,22,36,67,C+
S14577,Amrutha Bhaskaran,Female,ECE,3,Digital Electronics,55.0,10,24,60,94,S
S14578,Amrutha Trivedi,Female,ME,4,Fluid Mechanics,94.6,5,26,48,79,B+
S14579,Vineetha Sinha,Female,ME,3,Manufacturing Technology,70.8,9,17,40,66,C+
S14580,Arjun Verma,Male,CSE,4,Computer Networks,97.6,5,30,48,83,A
S14581,Soumya Saxena,Female,CE,8,Structural Analysis,86.2,9,16,23,48,F
S14582,Athulya Gopalan,Female,ME,3,Manufacturing Technology,80.3,9,12,47,68,C+
S14583,Haritha Rajan,Female,CSE,5,Computer Networks,80.6,7,20,31,58,D
S14584,Manu Rao,Male,ECE,4,Communication Systems,73.3,8,19,32,59,D
S14585,Justin Joseph,Male,CE,5,Transportation Engineering,81.4,6,30,60,96,S
S14586,Binoy Rodrigues,Male,ECE,8,Digital Electronics,74.2,9,13,30,52,P
S14587,Aparna Jayan,Female,CE,3,Structural Analysis,56.5,7,28,37,72,B
S14588,Naveen Bhattathiri,Male,CE,2,Surveying,83.5,7,21,53,81,A
S14589,Rahul Mohan,Male,CE,7,Surveying,59.2,7,15,23,45,F
S14590,Neethu Thampi,Female,ME,7,Machine Design,100.0,6,21,38,65,C+
S14591,Akhil Vasudevan,Male,ME,4,Fluid Mechanics,94.0,6,18,60,84,A
S14592,Aleena Puthenpurackal,Female,ME,3,Strength of Materials,89.0,8,28,51,87,A+
S14593,Remya Pradeep,Female,CE,8,Concrete Technology,93.3,5,11,60,76,B+
S14594,Tina Cherian,Female,CSE,3,Operating Systems,69.5,9,22,55,86,A+
S14595,Sowmya Achari,Female,ECE,7,Microprocessors,87.1,6,24,42,72,B
S14596,Dinesh Thampi,Male,CE,3,Surveying,91.4,9,19,50,78,B+
S14597,Sanjay Das,Male,ME,7,Manufacturing Technology,82.5,7,17,41,65,C+
S14598,Faisal Riyas,Male,CSE,5,Data Structures,84.6,8,18,43,69,C+
S14599,Sreelakshmi Srivastava,Female,ME,6,Thermodynamics,66.4,4,17,46,67,C+
S14600,Aswathy Thampuran,Female,CE,8,Surveying,76.6,6,25,56,87,A+
S14601,Anitha Vijayan,Female,ECE,8,Signals & Systems,94.0,9,17,37,63,C
S14602,Sujith Sethi,Male,CSE,6,Big Data Processing,87.8,8,23,38,69,C+
S14603,Haritha Bansal,Female,ECE,5,Digital Electronics,74.8,7,19,32,58,D
S14604,Priya Sathyan,Female,CSE,6,Data Structures,74.7,7,12,50,69,C+
S14605,Remya Vinod,Female,CE,5,Structural Analysis,87.2,8,12,50,70,B
S14606,Vijay Poduval,Male,CSE,3,Computer Networks,75.8,6,23,44,73,B
S14607,Rahul Krishnankutty,Male,ECE,5,Microprocessors,67.1,7,24,54,85,A+
S14608,Sindhu Rajendran,Female,ME,8,Manufacturing Technology,63.4,8,26,60,94,S
S14609,Manoj Goel,Male,CSE,2,Big Data Processing,56.2,8,16,50,74,B
S14610,Dinesh Bansal,Male,ECE,3,Communication Systems,66.9,7,22,52,81,A
S14611,Sneha Chowdhury,Female,ECE,6,VLSI Design,79.5,6,22,44,72,B
S14612,Nandakumar Dubey,Male,CSE,8,Software Engineering,71.3,7,27,42,76,B+
S14613,Manu Bhatt,Male,CE,5,Structural Analysis,93.1,7,21,58,86,A+
S14614,Manoj Sreekumar,Male,CE,2,Surveying,51.4,10,23,38,71,B
S14615,Sruthi Sinha,Female,ECE,3,Communication Systems,88.2,7,21,41,69,C+
S14616,Dinesh Krishnankutty,Male,ME,1,Strength of Materials,83.1,10,18,51,79,B+
S14617,Nithya Choudhary,Female,CSE,1,Operating Systems,79.2,7,13,42,62,C
S14618,Gokul Karthikeyan,Male,ME,2,Machine Design,80.8,6,26,37,69,C+
S14619,Ajay Bhatt,Male,ECE,4,Microprocessors,83.2,7,22,24,53,P
S14620,Resmi Sethi,Female,ECE,3,Digital Electronics,71.3,7,19,35,61,C
S14621,Resmi Thampuran,Female,CSE,6,Data Structures,79.2,6,25,25,56,D
S14622,Deepthi Kunjunni,Female,ECE,8,Microprocessors,47.8,6,22,40,68,C+
S14623,Devika Mohan,Female,ECE,2,VLSI Design,86.2,7,24,54,85,A+
S14624,Anu Chopra,Female,ME,6,Machine Design,67.8,6,13,31,50,P
S14625,Rahul Jayan,Male,CSE,4,Big Data Processing,72.1,8,30,38,76,B+
S14626,Vignesh Gopalan,Male,CE,3,Surveying,84.2,6,15,56,77,B+
S14627,Rahul Naidu,Male,CSE,4,Data Structures,72.7,8,20,31,59,D
S14628,Karthik Panicker,Male,ECE,8,Communication Systems,74.8,5,24,35,64,C
S14629,Swathi Prasad,Female,ECE,1,Communication Systems,65.5,8,13,46,67,C+
S14630,Unnikrishnan Rajendran,Male,ME,8,Machine Design,84.6,9,25,53,87,A+
S14631,Soumya Rajendran,Female,CSE,2,Operating Systems,94.0,10,18,30,58,D
S14632,Karthik Khurana,Male,ME,5,Machine Design,70.1,8,21,31,60,C
S14633,Deepak Sathyan,Male,ECE,5,Microprocessors,66.9,5,19,47,71,B
S14634,Anu Unni,Female,ECE,8,VLSI Design,89.9,10,29,25,64,C
S14635,Parvathy Bansal,Female,CE,5,Concrete Technology,78.7,7,26,44,77,B+
S14636,Anu Sivan,Female,ECE,6,Communication Systems,70.9,4,14,48,66,C+
S14637,Shilpa Kumar,Female,ECE,3,Microprocessors,82.2,8,15,49,72,B
S14638,Sneha Bhaskaran,Female,CE,7,Structural Analysis,57.0,7,26,44,77,B+
S14639,Rohan Sinha,Male,CSE,7,Operating Systems,81.3,7,25,31,63,C
S14640,Sarath Dubey,Male,CSE,4,Computer Networks,68.9,7,18,46,71,B
S14641,Sreejith Narayanan,Male,ME,2,Thermodynamics,72.6,7,13,43,63,C
S14642,Sruthi Gopalan,Female,ECE,7,Communication Systems,96.7,9,26,44,79,B+
S14643,Parvathy Namboodiripad,Female,CSE,8,Software Engineering,66.8,6,19,46,71,B
S14644,Deepak Raman,Male,ECE,2,Digital Electronics,81.3,8,19,35,62,C
S14645,Divya Shukla,Female,ME,4,Manufacturing Technology,55.1,4,29,37,70,B
S14646,Swathi Agrawal,Female,ME,4,Strength of Materials,98.9,7,14,48,69,C+
S14647,Anu Sethi,Female,ME,8,Thermodynamics,81.5,6,19,51,76,B+
S14648,Anu Bhaskaran,Female,CE,3,Concrete Technology,61.6,5,13,50,68,C+
S14649,Ayesha Ilyas,Female,CSE,2,DBMS,99.0,7,20,50,77,B+
S14650,Sreejith Ashokan,Male,ECE,1,Signals & Systems,82.0,7,14,49,70,B
S14651,Suresh Pisharody,Male,CE,1,Geotechnical Engineering,77.7,6,22,32,60,C
S14652,Naveen Kohli,Male,ME,4,Thermodynamics,87.4,8,23,52,83,A
S14653,Rohan Dubey,Male,CSE,6,Operating Systems,85.7,8,29,53,90,S
S14654,Nithya Srivastava,Female,ME,8,Thermodynamics,84.9,9,23,43,75,B+
S14655,Anitha Patel,Female,CE,5,Surveying,80.8,10,23,45,78,B+
S14656,Pradeep Pradeep,Male,ECE,5,Microprocessors,72.4,6,7,60,73,B
S14657,Karthik Kapoor,Male,ECE,8,Communication Systems,73.1,6,23,54,83,A
S14658,Manoj Madhavan,Male,CSE,7,Operating Systems,76.0,8,21,49,78,B+
S14659,Devika Madhavan,Female,CSE,8,Big Data Processing,75.7,9,10,48,67,C+
S14660,Ramesh Govindan,Male,ECE,5,Signals & Systems,73.1,7,21,36,64,C
S14661,Jyothsna Iyer,Female,CE,6,Surveying,94.6,7,11,34,52,P
S14662,Manoj Mahesh,Male,ECE,4,Microprocessors,82.2,6,23,33,62,C
S14663,Sanjay Warrier,Male,CE,2,Structural Analysis,71.1,5,23,54,82,A
S14664,Aswathy Naidu,Female,CSE,5,Data Structures,81.6,7,21,44,72,B
S14665,Remya Iyer,Female,ME,3,Fluid Mechanics,77.0,8,28,50,86,A+
S14666,Vivek Kartha,Male,CE,4,Concrete Technology,86.5,9,27,41,77,B+
S14667,Aiswarya Prakash,Female,CSE,4,DBMS,69.2,9,19,31,59,D
S14668,Pradeep Nambiar,Male,CSE,2,DBMS,96.6,8,9,48,65,C+
S14669,Bindu Raman,Female,CSE,7,Computer Networks,64.1,8,20,58,86,A+
S14670,Manu Bakshi,Male,ECE,8,Microprocessors,98.4,7,30,49,86,A+
S14671,Sindhu Chandra,Female,ECE,7,Signals & Systems,70.4,7,24,52,83,A
S14672,Athira Bhardwaj,Female,CE,1,Transportation Engineering,77.8,8,27,46,81,A
S14673,Sudheesh Jayan,Male,CE,6,Structural Analysis,68.3,6,26,36,68,C+
S14674,Anitha Arora,Female,ME,7,Machine Design,100.0,8,23,33,64,C
S14675,Priya Gopalan,Female,CE,4,Concrete Technology,58.2,6,15,32,53,P
S14676,Reshma Manoharan,Female,CE,1,Structural Analysis,51.0,8,15,49,72,B
S14677,Aravind Gopalan,Male,ECE,3,Signals & Systems,67.1,8,25,35,68,C+
S14678,Aparna Solanki,Female,CE,7,Structural Analysis,66.1,9,21,47,77,B+
S14679,Aiswarya Nair,Female,ECE,4,Digital Electronics,86.9,7,23,38,68,C+
S14680,Aravind Raj,Male,CE,8,Transportation Engineering,100.0,8,25,47,80,A
S14681,Sudheesh Kunjunni,Male,CE,7,Geotechnical Engineering,73.4,7,22,42,71,B
S14682,Athira Warrier,Female,ECE,3,VLSI Design,78.8,5,26,47,78,B+
S14683,Anjali Rajagopal,Female,CE,1,Transportation Engineering,61.8,9,16,36,61,C
S14684,Reshma Nair,Female,ECE,1,Signals & Systems,83.0,6,28,54,88,A+
S14685,Prasanth Kumar,Male,CE,8,Concrete Technology,66.0,5,18,51,74,B
S14686,Rohan Sethi,Male,CSE,6,Computer Networks,79.2,9,22,60,91,S
S14687,Adithya Naidu,Male,ECE,2,Communication Systems,72.5,8,23,60,91,S
S14688,Resmi Srivastava,Female,CSE,5,Software Engineering,81.2,6,21,44,71,B
S14689,Suresh Neelakandan,Male,ME,7,Strength of Materials,96.3,6,22,60,88,A+
S14690,Divya Gopinathan,Female,CSE,1,Software Engineering,94.9,6,24,46,76,B+
S14691,Nandakumar Unni,Male,CE,5,Surveying,75.5,6,25,60,91,S
S14692,Ayesha Nazeer,Female,CE,5,Concrete Technology,80.2,7,21,36,64,C
S14693,Anu Kohli,Female,CSE,7,DBMS,71.7,7,30,44,81,A
S14694,Sreejith Namboothiri,Male,ME,1,Machine Design,72.0,9,15,26,50,P
S14695,Sowmya Gopinathan,Female,CSE,1,Software Engineering,54.9,6,29,43,78,B+
S14696,Manu Thampi,Male,CE,8,Transportation Engineering,89.7,8,12,38,58,D
S14697,Prasanth Poduval,Male,CE,7,Transportation Engineering,69.9,9,25,52,86,A+
S14698,Rahul Iyer,Male,ECE,3,Communication Systems,93.1,7,29,37,73,B
S14699,Jithin Raman,Male,CE,3,Geotechnical Engineering,95.2,7,23,33,63,C
S14700,Biju Chopra,Male,ME,8,Manufacturing Technology,76.1,9,25,47,81,A
S14701,Arjun Agarwal,Male,CE,6,Concrete Technology,78.3,9,20,52,81,A
S14702,Tina Fernandez,Female,ECE,3,VLSI Design,65.4,10,18,43,71,B
S14703,Ramesh Chowdhury,Male,CSE,4,Data Structures,64.9,6,22,46,74,B
S14704,Aiswarya Raj,Female,ME,5,Manufacturing Technology,74.3,7,24,55,86,A+
S14705,Nazia Ashraf,Female,CSE,7,DBMS,79.0,8,21,32,61,C
S14706,Deepthi Dubey,Female,ECE,2,Microprocessors,79.6,7,21,44,72,B
S14707,Unnikrishnan Sreekumar,Male,ECE,1,Communication Systems,86.7,9,25,26,60,C
S14708,Suresh Anandan,Male,ME,2,Thermodynamics,58.1,8,28,43,79,B+
S14709,Sreekumar Kurup,Male,ECE,3,Signals & Systems,71.1,8,20,52,80,A
S14710,Neethu Joshi,Female,ME,8,Fluid Mechanics,77.5,8,23,40,71,B
S14711,Sudheesh Chowdhury,Male,ME,3,Strength of Materials,73.0,8,28,39,75,B+
S14712,Suresh Balakrishnan,Male,CSE,7,Operating Systems,68.5,7,19,48,74,B
S14713,Meera Kohli,Female,ECE,1,Signals & Systems,73.9,9,21,28,58,D
S14714,Anjali Vasudevan,Female,ECE,7,Signals & Systems,66.5,8,20,47,75,B+
S14715,Resmi Pillai,Female,CSE,6,Big Data Processing,76.2,6,26,37,69,C+
S14716,Sreejith Sharma,Male,CE,7,Transportation Engineering,83.6,6,15,28,49,F
S14717,Renjith Chandran,Male,CSE,8,Big Data Processing,70.8,9,19,33,61,C
S14718,Sarath Krishnankutty,Male,CSE,3,Data Structures,91.2,5,27,25,57,D
S14719,Divya Anandan,Female,CSE,1,Data Structures,91.9,5,19,21,45,F
S14720,Devika Marar,Female,CE,8,Structural Analysis,83.0,10,18,29,57,D
S14721,Sowmya Bhalla,Female,CE,7,Surveying,80.0,6,24,46,76,B+
S14722,Sindhu Bhatt,Female,ME,8,Manufacturing Technology,87.2,6,21,39,66,C+
S14723,Athulya Agrawal,Female,ME,4,Fluid Mechanics,89.4,9,23,52,84,A
S14724,Prasanth Krishnankutty,Male,ECE,7,Microprocessors,78.1,6,13,58,77,B+
S14725,Athulya Sathyan,Female,ECE,4,VLSI Design,80.2,7,19,54,80,A
S14726,Balachandran Manoharan,Male,ME,8,Manufacturing Technology,82.8,8,22,26,56,D
S14727,Greeshma Sasidharan,Female,CE,2,Transportation Engineering,68.6,5,21,41,67,C+
S14728,Reshma Marar,Female,ME,7,Machine Design,75.9,10,17,41,68,C+
S14729,Greeshma Krishnankutty,Female,CSE,5,Software Engineering,67.9,8,26,60,94,S
S14730,Devika Naidu,Female,ME,2,Manufacturing Technology,58.6,2,24,41,67,C+
S14731,Aparna Naidu,Female,CE,2,Surveying,75.4,7,22,23,52,P
S14732,Anjali Pandey,Female,ME,7,Manufacturing Technology,87.6,6,28,50,84,A
S14733,Binoy Paulose,Male,ECE,4,Microprocessors,80.4,7,25,39,71,B
S14734,Sowmya Sharma,Female,CE,1,Surveying,87.5,5,17,60,82,A
S14735,Karthik Namboothiri,Male,CE,7,Concrete Technology,91.0,7,30,41,78,B+
S14736,Suhail Musaliar,Male,ME,7,Strength of Materials,81.2,6,21,29,56,D
S14737,Gayathri Rajendran,Female,ECE,3,Communication Systems,81.3,8,26,47,81,A
S14738,Sudheesh Shukla,Male,CSE,8,Computer Networks,99.2,9,25,39,73,B
S14739,Ramesh Namboodiripad,Male,CE,2,Concrete Technology,84.6,7,19,31,57,D
S14740,Rajesh Rajagopal,Male,ECE,7,Digital Electronics,78.3,8,8,39,55,D
S14741,Vishnu Kaimal,Male,CSE,6,Data Structures,72.1,5,23,52,80,A
S14742,Balachandran Gopalan,Male,CE,5,Concrete Technology,90.4,7,22,12,41,F
S14743,Shilpa Krishnankutty,Female,ECE,3,Digital Electronics,82.3,5,14,43,62,C
S14744,Faisal Koya,Male,CSE,4,Computer Networks,69.6,5,26,33,64,C
S14745,Sreekumar Marar,Male,ME,6,Fluid Mechanics,80.8,5,23,33,61,C
S14746,Sindhu Prakash,Female,CSE,6,DBMS,80.8,9,28,36,73,B
S14747,Nandana Unnithan,Female,ME,4,Fluid Mechanics,97.5,6,16,60,82,A
S14748,Bindu Nair,Female,CE,6,Transportation Engineering,66.5,7,14,40,61,C
S14749,Vineetha Vijayan,Female,ME,2,Strength of Materials,62.0,8,28,34,70,B
S14750,Vignesh Verma,Male,ECE,6,Microprocessors,77.4,10,22,32,64,C
S14751,Rajesh Kohli,Male,ECE,1,VLSI Design,75.2,8,24,34,66,C+
S14752,Anitha Srivastava,Female,CSE,8,Big Data Processing,89.9,7,25,29,61,C
S14753,Naila Kareem,Female,CE,8,Surveying,86.4,8,27,46,81,A
S14754,Arjun Warrier,Male,ECE,2,VLSI Design,100.0,8,29,40,77,B+
S14755,Reshma Chandran,Female,CSE,8,Big Data Processing,68.4,8,17,22,47,F
S14756,Radhika Bakshi,Female,CSE,8,Big Data Processing,97.5,7,20,43,70,B
S14757,Naveen Anilkumar,Male,CSE,1,Big Data Processing,86.5,9,15,32,56,D
S14758,Faisal Rauf,Male,ME,2,Manufacturing Technology,100.0,8,16,27,51,P
S14759,Vinod Chandran,Male,CSE,8,Computer Networks,87.1,9,24,51,84,A
S14760,Haritha Vasu,Female,CSE,8,Data Structures,64.7,10,27,42,79,B+
S14761,Resmi Narayanan,Female,CSE,7,Computer Networks,100.0,7,18,60,85,A+
S14762,Nikhil Rathore,Male,CSE,2,Operating Systems,97.5,9,15,49,73,B
S14763,Nithya Vasudevan,Female,ECE,3,Digital Electronics,77.9,7,14,48,69,C+
S14764,Sujith Namboothiri,Male,CE,5,Structural Analysis,100.0,5,26,54,85,A+
S14765,Naushad Thangal,Male,CE,2,Geotechnical Engineering,81.1,10,23,46,79,B+
S14766,Naveen Agarwal,Male,CSE,5,Data Structures,68.5,8,18,44,70,B
S14767,Athulya Khurana,Female,ME,1,Machine Design,60.9,9,25,59,93,S
S14768,Vinod Sathyan,Male,CSE,6,Big Data Processing,75.6,10,25,48,83,A
S14769,Athira Nair,Female,CE,8,Structural Analysis,57.3,7,25,42,74,B
S14770,Sameer Rafique,Male,ECE,2,Signals & Systems,70.6,7,30,43,80,A
S14771,Anagha Sivan,Female,CE,8,Geotechnical Engineering,75.7,7,19,42,68,C+
S14772,Sneha Goel,Female,ME,3,Fluid Mechanics,89.9,9,24,60,93,S
S14773,Athira Sankar,Female,CE,7,Structural Analysis,70.9,9,17,30,56,D
S14774,Nandana Sreedharan,Female,CE,3,Structural Analysis,100.0,8,18,32,58,D
S14775,Resmi Gupta,Female,CE,3,Structural Analysis,58.5,10,19,60,89,A+
S14776,Neethu Shukla,Female,ECE,1,Digital Electronics,65.7,8,30,32,70,B
S14777,Manoj Govindan,Male,ME,3,Manufacturing Technology,85.3,7,18,49,74,B
S14778,Sruthi Raj,Female,CE,6,Structural Analysis,78.0,6,6,33,45,F
S14779,Deepak Menon,Male,ECE,7,Communication Systems,81.0,7,27,31,65,C+
S14780,Athira Krishnankutty,Female,CE,6,Surveying,66.9,7,10,22,39,F
S14781,Radhika Govindan,Female,CE,8,Geotechnical Engineering,83.9,8,18,37,63,C
S14782,Shilpa Thampuran,Female,CE,3,Structural Analysis,64.2,4,22,35,61,C
S14783,Nazar Naeem,Male,CSE,1,DBMS,88.4,8,17,54,79,B+
S14784,Nadhira Riyas,Female,CSE,1,Big Data Processing,74.6,9,20,52,81,A
S14785,Pradeep Rathore,Male,CSE,7,Big Data Processing,64.1,9,22,40,71,B
S14786,Nandakumar Neelakandan,Male,ME,2,Machine Design,87.8,6,23,31,60,C
S14787,Balachandran Sreedharan,Male,ECE,2,Microprocessors,70.7,6,20,45,71,B
S14788,Swathi Vasu,Female,CSE,4,Computer Networks,69.1,8,29,43,80,A
S14789,Dinesh Khurana,Male,ECE,2,VLSI Design,88.9,9,23,42,74,B
S14790,Aswathy Pisharody,Female,ECE,2,Microprocessors,78.4,4,26,44,74,B
S14791,Vijay Gupta,Male,CSE,5,Software Engineering,75.9,9,23,35,67,C+
S14792,Nikhil Patel,Male,CE,7,Structural Analysis,79.6,6,12,51,69,C+
S14793,Pradeep Sharma,Male,ECE,4,VLSI Design,70.1,9,21,28,58,D
S14794,Haritha Ashokan,Female,CSE,5,Big Data Processing,76.5,7,19,35,61,C
S14795,Swathi Bhardwaj,Female,CE,3,Surveying,82.8,8,18,46,72,B
S14796,Ramesh Dinesh,Male,CSE,8,DBMS,71.7,6,17,57,80,A
S14797,Soumya Thampuran,Female,CSE,8,Computer Networks,99.6,7,24,41,72,B
S14798,Nikhil Vijayan,Male,CE,7,Structural Analysis,75.2,8,23,52,83,A
S14799,Devika Agarwal,Female,ME,6,Strength of Materials,69.6,6,19,35,60,C
S14800,Parvathy Sinha,Female,CSE,4,Software Engineering,62.2,8,17,28,53,P
S14801,Nandakumar Nair,Male,CSE,7,Software Engineering,87.0,7,29,52,88,A+
S14802,Jithin Chopra,Male,ME,4,Strength of Materials,97.8,10,21,31,62,C
S14803,Parvathy Karthikeyan,Female,CSE,6,Software Engineering,69.5,5,14,31,50,P
S14804,Sujith Das,Male,ME,1,Machine Design,74.9,8,30,56,94,S
S14805,Deepak Saxena,Male,CE,2,Concrete Technology,76.9,7,29,30,66,C+
S14806,Vijay Vasudevan,Male,ECE,1,VLSI Design,47.6,7,28,29,64,C
S14807,Anoop Marar,Male,CSE,7,Computer Networks,73.6,8,26,30,64,C
S14808,Renjith Thampuran,Male,ECE,2,VLSI Design,91.8,5,15,58,78,B+
S14809,Nazia Bava,Female,CE,8,Geotechnical Engineering,58.2,10,18,34,62,C
S14810,Aparna Raghavan,Female,CSE,5,Data Structures,76.7,8,23,43,74,B
S14811,Radhika Pillai,Female,CE,3,Transportation Engineering,87.1,9,16,42,67,C+
S14812,Renjith Poduval,Male,ECE,8,VLSI Design,75.3,6,26,31,63,C
S14813,Anu Agarwal,Female,CSE,7,DBMS,65.4,5,18,44,67,C+
S14814,Aleena Varghese,Female,CE,6,Transportation Engineering,94.5,8,29,57,94,S
S14815,Vinod Rao,Male,ECE,4,Communication Systems,72.6,9,20,60,89,A+
S14816,Anjali Mishra,Female,CSE,5,DBMS,88.0,5,13,20,38,F
S14817,Rashid Khan,Male,CE,7,Geotechnical Engineering,75.8,9,18,35,62,C
S14818,Neethu Balakrishnan,Female,CE,3,Transportation Engineering,86.7,8,21,47,76,B+
S14819,Reshma Iyer,Female,CSE,6,Computer Networks,82.0,8,28,30,66,C+
S14820,Jithin Kartha,Male,CSE,4,Computer Networks,82.7,6,24,46,76,B+
S14821,Riyas Kunhi,Male,CSE,4,Data Structures,82.4,7,22,51,80,A
S14822,Madhu Patel,Male,CE,6,Surveying,71.2,7,21,44,72,B
S14823,Sujith Arora,Male,ECE,2,Signals & Systems,80.0,6,29,57,92,S
S14824,Suresh Kumar,Male,ME,1,Machine Design,87.3,7,22,56,85,A+
S14825,Manu Thampuran,Male,ME,7,Thermodynamics,80.3,8,14,45,67,C+
S14826,Sreekumar Iyer,Male,ECE,1,Communication Systems,81.3,10,30,50,90,S
S14827,Aiswarya Raman,Female,ME,4,Thermodynamics,80.7,6,21,40,67,C+
S14828,Deepthi Kumar,Female,ME,5,Strength of Materials,68.9,6,14,41,61,C
S14829,Manoj Suresh,Male,CSE,1,Operating Systems,68.4,3,29,35,67,C+
S14830,Sarath Sudhakaran,Male,ME,8,Machine Design,100.0,8,9,24,41,F
S14831,Sreelakshmi Neelakandan,Female,ME,1,Strength of Materials,78.0,5,11,39,55,D
S14832,Anoop Vinod,Male,CSE,1,DBMS,87.0,8,12,49,69,C+
S14833,Vidya Marar,Female,ECE,2,VLSI Design,63.5,6,17,47,70,B
S14834,Adithya Sathyan,Male,ECE,7,Communication Systems,87.8,6,30,37,73,B
S14835,Sowmya Rao,Female,ME,6,Fluid Mechanics,65.0,8,29,39,76,B+
S14836,Nikhil Chauhan,Male,ECE,2,Communication Systems,89.8,8,14,36,58,D
S14837,Ajay Varma,Male,CE,1,Transportation Engineering,68.5,5,25,54,84,A
S14838,Divya Sankar,Female,CE,3,Transportation Engineering,67.3,7,30,27,64,C
S14839,Ajay Kartha,Male,ECE,8,Digital Electronics,77.8,7,20,26,53,P
S14840,Greeshma Jayan,Female,CSE,3,Data Structures,78.6,7,21,27,55,D
S14841,Amrutha Pisharody,Female,ME,6,Strength of Materials,84.4,8,21,32,61,C
S14842,Prasanth Bakshi,Male,ECE,7,Digital Electronics,78.9,7,29,51,87,A+
S14843,Manu Raj,Male,CSE,1,Big Data Processing,80.4,6,21,38,65,C+
S14844,Vijay Menon,Male,ME,1,Fluid Mechanics,93.2,7,30,49,86,A+
S14845,Anagha Vinod,Female,CSE,1,Operating Systems,72.1,8,14,50,72,B
S14846,Priya Vinod,Female,CE,3,Concrete Technology,91.0,9,12,60,81,A
S14847,Sowmya Kartha,Female,CSE,3,Big Data Processing,88.8,6,21,40,67,C+
S14848,Naveen Vallikkat,Male,ME,8,Fluid Mechanics,85.9,4,16,60,80,A
S14849,Nandakumar Chandra,Male,CE,2,Geotechnical Engineering,85.7,6,20,42,68,C+
S14850,Sreekumar Venugopal,Male,ME,5,Manufacturing Technology,71.6,6,23,60,89,A+
S14851,Deepak Namboodiripad,Male,CSE,4,DBMS,82.2,9,20,38,67,C+
S14852,Reshma Agrawal,Female,ECE,8,Microprocessors,97.6,9,20,40,69,C+
S14853,Haritha Shukla,Female,ME,4,Fluid Mechanics,83.7,6,22,46,74,B
S14854,Nikhil Padmanabhan,Male,CSE,6,Big Data Processing,82.0,6,24,43,73,B
S14855,Naveen Menon,Male,ME,4,Manufacturing Technology,82.3,7,25,55,87,A+
S14856,Swathi Anandan,Female,ECE,6,Microprocessors,56.2,5,23,59,87,A+
S14857,Unnikrishnan Narayanan,Male,CE,3,Concrete Technology,77.7,9,18,33,60,C
S14858,Aswathy Srivastava,Female,ECE,8,Digital Electronics,77.0,10,27,31,68,C+
S14859,Sarath Nair,Male,CE,7,Structural Analysis,70.4,9,26,54,89,A+
S14860,Devika Warrier,Female,CE,2,Concrete Technology,87.2,9,18,47,74,B
S14861,Deepak Warrier,Male,ECE,2,Signals & Systems,90.1,5,17,31,53,P
S14862,Jithin Sankar,Male,CSE,6,Computer Networks,88.8,9,22,60,91,S
S14863,Priya Jayan,Female,ME,7,Thermodynamics,80.5,7,30,34,71,B
S14864,Divya Warrier,Female,ME,2,Fluid Mechanics,72.6,6,22,41,69,C+
S14865,Rency Njiralath,Female,CE,8,Geotechnical Engineering,78.3,7,30,58,95,S
S14866,Sini Samuel,Female,ECE,1,VLSI Design,74.9,5,14,50,69,C+
S14867,Neethu Krishnankutty,Female,CSE,2,Operating Systems,79.3,7,24,30,61,C
S14868,Sana Qureshi,Female,ECE,6,VLSI Design,86.0,10,19,40,69,C+
S14869,Sinan Kunhi,Male,CE,5,Surveying,65.1,8,7,54,69,C+
S14870,Amrutha Rao,Female,ME,1,Fluid Mechanics,82.0,8,24,18,50,P
S14871,Manoj Bhatt,Male,CE,2,Structural Analysis,67.1,9,25,47,81,A
S14872,Jithin Sreedharan,Male,ME,1,Fluid Mechanics,71.0,9,26,24,59,D
S14873,Soumya Reddy,Female,ECE,6,Communication Systems,75.4,6,22,33,61,C
S14874,Pradeep Iyer,Male,CSE,4,Operating Systems,71.5,10,11,54,75,B+
S14875,Sreelakshmi Thampi,Female,CE,3,Concrete Technology,89.1,6,22,46,74,B
S14876,Vinod Neelakandan,Male,ECE,2,Microprocessors,71.7,9,21,32,62,C
S14877,Devika Desai,Female,ECE,1,VLSI Design,70.9,7,27,49,83,A
S14878,Anu Khurana,Female,ECE,5,VLSI Design,58.2,8,29,40,77,B+
S14879,Deepak Narayanan,Male,ECE,2,VLSI Design,74.1,6,24,34,64,C
S14880,Aswathy Ramesh,Female,ECE,6,Communication Systems,75.7,6,17,40,63,C
S14881,Reeba Samuel,Female,ME,8,Manufacturing Technology,89.9,7,21,47,75,B+
S14882,Meera Raghavan,Female,ECE,7,Signals & Systems,66.8,5,20,34,59,D
S14883,Prasanth Kapoor,Male,CE,1,Surveying,73.7,7,21,42,70,B
S14884,Meera Arora,Female,CSE,2,Operating Systems,84.6,9,29,46,84,A
S14885,Aravind Joshi,Male,ME,6,Manufacturing Technology,96.6,7,20,32,59,D
S14886,Vijay Balakrishnan,Male,CSE,2,DBMS,60.1,8,10,50,68,C+
S14887,Sreelakshmi Dinesh,Female,CE,7,Concrete Technology,79.8,8,20,36,64,C
S14888,Rizwan Wahab,Male,ME,4,Manufacturing Technology,79.4,7,19,52,78,B+
S14889,Riyas Marakkar,Male,ME,3,Machine Design,81.8,10,24,42,76,B+
S14890,Divya Panicker,Female,CSE,1,Data Structures,95.0,7,22,18,47,F
S14891,Swathi Mohan,Female,CSE,7,DBMS,68.3,5,18,52,75,B+
S14892,Unnikrishnan Bhardwaj,Male,ECE,4,Signals & Systems,84.2,7,18,31,56,D
S14893,Nithya Ramesh,Female,ME,2,Strength of Materials,85.9,7,14,60,81,A
S14894,Tom Joseph,Male,CE,3,Concrete Technology,61.9,9,24,42,75,B+
S14895,Akhil Trivedi,Male,ECE,8,Communication Systems,77.2,6,22,44,72,B
S14896,Aparna Sethi,Female,ME,6,Thermodynamics,77.0,4,30,60,94,S
S14897,Naveen Chandrasekharan,Male,ECE,4,VLSI Design,70.6,8,21,26,55,D
S14898,Radhika Gupta,Female,CE,5,Geotechnical Engineering,81.2,7,22,54,83,A
S14899,Adithya Unnithan,Male,ECE,8,VLSI Design,77.3,8,29,55,92,S
S14900,Sana Fareed,Female,CE,7,Geotechnical Engineering,75.5,7,24,32,63,C
S14901,Amrutha Namboothiri,Female,ME,3,Machine Design,76.5,6,25,44,75,B+
S14902,Aravind Naidu,Male,ME,3,Strength of Materials,94.6,10,18,40,68,C+
S14903,Nadhira Hameed,Female,CE,2,Concrete Technology,66.2,7,18,38,63,C
S14904,Radhika Nambiar,Female,CE,3,Geotechnical Engineering,79.2,10,17,42,69,C+
S14905,Nizam Khan,Male,ME,8,Machine Design,61.6,7,26,43,76,B+
S14906,Dinesh Mohan,Male,CSE,5,Data Structures,63.0,8,30,53,91,S
S14907,Anish Oommen,Male,CE,8,Concrete Technology,61.3,6,17,44,67,C+
S14908,Aiswarya Poduval,Female,ME,2,Manufacturing Technology,75.1,8,17,60,85,A+
S14909,Manoj Ashokan,Male,ME,7,Strength of Materials,72.1,7,25,33,65,C+
S14910,Vignesh Narayanan,Male,ME,4,Strength of Materials,77.0,8,25,25,58,D
S14911,Rency Fonseca,Female,ECE,3,Digital Electronics,67.0,6,25,30,61,C
S14912,Manoj Manoharan,Male,CSE,7,Big Data Processing,95.1,9,30,60,99,S
S14913,Aswathy Marar,Female,ECE,5,Communication Systems,83.7,7,27,37,71,B
S14914,Anand Poduval,Male,CSE,1,Data Structures,69.9,6,12,44,62,C
S14915,Jasmin Thangal,Female,CE,8,Geotechnical Engineering,80.9,10,23,39,72,B
S14916,Sreekumar Kumar,Male,ME,2,Thermodynamics,76.7,7,27,36,70,B
S14917,Jyothsna Pradeep,Female,CSE,4,DBMS,65.3,6,17,49,72,B
S14918,Athira Arora,Female,CE,1,Surveying,77.5,8,26,43,77,B+
S14919,Nandana Bakshi,Female,ECE,2,Digital Electronics,78.9,6,21,34,61,C
S14920,Jithin Govindan,Male,ECE,6,Communication Systems,100.0,10,14,9,33,F
S14921,Sowmya Choudhary,Female,CSE,6,Big Data Processing,82.7,4,19,42,65,C+
S14922,Prasanth Tiwari,Male,ECE,8,Signals & Systems,72.5,7,22,54,83,A
S14923,Naveen Verma,Male,CE,2,Structural Analysis,57.5,5,24,23,52,P
S14924,Shilpa Sethi,Female,CE,8,Structural Analysis,72.3,6,18,41,65,C+
S14925,Ramesh Tiwari,Male,ME,6,Thermodynamics,61.8,7,23,34,64,C
S14926,Nandakumar Vallikkat,Male,ECE,3,Microprocessors,87.4,5,22,55,82,A
S14927,Meera Sathyan,Female,ECE,3,VLSI Design,60.6,6,19,40,65,C+
S14928,Vinod Sethi,Male,ME,2,Manufacturing Technology,52.6,8,28,43,79,B+
S14929,Faisal Kabeer,Male,CE,6,Geotechnical Engineering,70.8,8,19,42,69,C+
S14930,Nikhil Sathyan,Male,ECE,3,Communication Systems,83.9,8,30,43,81,A
S14931,Jyothsna Chandran,Female,ECE,6,Signals & Systems,100.0,8,24,49,81,A
S14932,Nimisha Balakrishnan,Female,CE,2,Concrete Technology,70.0,7,21,30,58,D
S14933,Akhil Pisharody,Male,CSE,2,Software Engineering,72.5,8,18,49,75,B+
S14934,Deepak Rajan,Male,ECE,6,Microprocessors,70.7,5,17,46,68,C+
S14935,Nandakumar Sivan,Male,ME,5,Manufacturing Technology,73.0,4,16,44,64,C
S14936,Anitha Anandan,Female,ME,6,Fluid Mechanics,79.8,8,15,46,69,C+
S14937,Manoj Reddy,Male,CE,6,Structural Analysis,82.1,5,19,48,72,B
S14938,Priya Balakrishnan,Female,CSE,7,Operating Systems,76.4,10,29,44,83,A
S14939,Rajesh Neelakandan,Male,ME,3,Fluid Mechanics,74.7,8,16,54,78,B+
S14940,Vijay Sankar,Male,ECE,5,Communication Systems,90.2,4,29,51,84,A
S14941,Haritha Sreekumar,Female,CSE,5,Big Data Processing,57.2,10,23,31,64,C
S14942,Gokul Poduval,Male,ECE,5,VLSI Design,75.3,5,22,29,56,D
S14943,Sneha Mohan,Female,ECE,8,Digital Electronics,55.5,9,15,40,64,C
S14944,Sarath Unnithan,Male,CSE,2,DBMS,100.0,10,20,49,79,B+
S14945,Renjith Das,Male,ME,5,Machine Design,98.3,7,19,55,81,A
S14946,Jyothsna Warrier,Female,ECE,5,Signals & Systems,84.9,8,18,33,59,D
S14947,Aiswarya Sinha,Female,ME,3,Thermodynamics,85.0,8,25,49,82,A
S14948,Anjali Bhattathiri,Female,ECE,6,Microprocessors,92.4,10,19,54,83,A
S14949,Jyothsna Sreedharan,Female,ME,6,Strength of Materials,71.5,7,22,33,62,C
S14950,Meera Govindan,Female,CE,4,Surveying,82.9,8,25,60,93,S
S14951,Nazar Bava,Male,ME,4,Fluid Mechanics,82.5,6,15,37,58,D
S14952,Bins Dcosta,Male,ECE,8,Digital Electronics,80.9,5,21,33,59,D
S14953,Sowmya Tiwari,Female,CE,4,Structural Analysis,79.1,6,21,26,53,P
S14954,Sarath Desai,Male,ME,8,Strength of Materials,71.5,8,17,54,79,B+
S14955,Anjali Ramesh,Female,CSE,5,DBMS,67.2,10,13,26,49,F
S14956,Riya Vadakkan,Female,ME,4,Thermodynamics,74.5,5,24,46,75,B+
S14957,Aravind Bhatt,Male,CSE,8,Big Data Processing,62.6,8,15,46,69,C+
S14958,Swathi Manoharan,Female,CE,5,Concrete Technology,88.0,9,16,52,77,B+
S14959,Sneha Raghavan,Female,ECE,8,VLSI Design,93.5,6,28,44,78,B+
S14960,Vidya Rao,Female,ME,8,Machine Design,68.6,8,19,60,87,A+
S14961,Nikhil Sinha,Male,CE,4,Surveying,77.4,9,18,54,81,A
S14962,Deepthi Padmanabhan,Female,ECE,8,Communication Systems,91.1,5,21,35,61,C
S14963,Priya Nambiar,Female,CE,2,Structural Analysis,88.2,4,30,50,84,A
S14964,Anu Kunjunni,Female,CE,8,Concrete Technology,65.3,7,12,40,59,D
S14965,Binoy Thomas,Male,CE,5,Structural Analysis,81.6,7,17,41,65,C+
S14966,Reshma Khurana,Female,ME,7,Fluid Mechanics,73.0,9,18,44,71,B
S14967,Madhu Sharma,Male,CSE,4,DBMS,79.5,5,20,43,68,C+
S14968,Ashraf Rafeeq,Male,ME,8,Manufacturing Technology,56.9,6,28,40,74,B
S14969,Akhil Chauhan,Male,CE,4,Structural Analysis,92.0,6,23,52,81,A
S14970,Renji Jose,Male,ECE,7,VLSI Design,76.1,5,30,47,82,A
S14971,Ashraf Thangal,Male,ECE,2,Communication Systems,64.5,7,14,48,69,C+
S14972,Rahul Thampuran,Male,ECE,6,VLSI Design,68.3,5,17,54,76,B+
S14973,Manoj Chandra,Male,CSE,3,DBMS,84.6,8,19,48,75,B+
S14974,Prasanth Kohli,Male,ME,1,Machine Design,81.6,7,27,43,77,B+
S14975,Renjith Mishra,Male,CSE,1,Computer Networks,94.0,7,22,41,70,B
S14976,Rahul Agarwal,Male,CSE,6,DBMS,74.1,7,22,21,50,P
S14977,Athira Anilkumar,Female,ME,6,Thermodynamics,61.5,5,13,37,55,D
S14978,Anjali Sudhakaran,Female,CSE,5,Software Engineering,62.1,6,15,40,61,C
S14979,Vidya Raj,Female,ECE,5,Signals & Systems,68.5,6,11,49,66,C+
S14980,Sneha Dinesh,Female,CE,4,Transportation Engineering,96.5,7,24,32,63,C
S14981,Deepthi Achari,Female,ME,2,Manufacturing Technology,78.6,5,23,51,79,B+
S14982,Arjun Balan,Male,CE,2,Structural Analysis,75.3,8,21,35,64,C
S14983,Manoj Kaimal,Male,ECE,5,Communication Systems,66.6,8,12,37,57,D
S14984,Sreekumar Malhotra,Male,ME,3,Machine Design,79.6,8,19,41,68,C+
S14985,Rahul Balan,Male,ME,7,Machine Design,56.2,9,22,41,72,B
S14986,Nimisha Marar,Female,CSE,2,Operating Systems,64.7,10,11,47,68,C+
S14987,Anjali Neelakandan,Female,CE,8,Transportation Engineering,98.0,5,22,49,76,B+
S14988,Haritha Namboothiri,Female,CE,3,Geotechnical Engineering,86.1,4,18,39,61,C
S14989,Manu Agarwal,Male,ECE,7,Signals & Systems,84.5,4,15,37,56,D
S14990,Vivek Joshi,Male,CSE,3,Big Data Processing,78.5,7,22,49,78,B+
S14991,Balachandran Rajan,Male,CSE,8,Big Data Processing,82.4,8,23,26,57,D
S14992,Gokul Sathyan,Male,ME,7,Fluid Mechanics,79.9,6,25,45,76,B+
S14993,Suhana Karim,Female,ECE,1,Digital Electronics,82.5,6,25,54,85,A+
S14994,Jyothsna Madhavan,Female,ECE,4,Communication Systems,82.5,9,16,36,61,C
S14995,Rashid Salahudheen,Male,CE,2,Surveying,87.4,7,25,42,74,B
S14996,Sreejith Rajagopal,Male,ECE,4,Digital Electronics,82.6,5,21,54,80,A
S14997,Madhu Gopalan,Male,CE,7,Transportation Engineering,69.1,7,25,36,68,C+
S14998,Anu Reddy,Female,ME,7,Machine Design,71.0,7,19,45,71,B
S14999,Nandana Sasidharan,Female,CSE,5,Big Data Processing,84.7,7,11,40,58,D
S15000,Anagha Verma,Female,CSE,8,Big Data Processing,96.2,9,26,48,83,A
S15001,Athulya Prakash,Female,CE,1,Transportation Engineering,65.7,7,29,33,69,C+
S15002,Jithin Trivedi,Male,CE,1,Surveying,85.4,9,22,19,50,P
S15003,Unnikrishnan Menon,Male,CE,3,Concrete Technology,70.7,5,27,36,68,C+
S15004,Resmi Kumar,Female,CE,1,Geotechnical Engineering,64.3,8,30,41,79,B+
S15005,Vineetha Ashokan,Female,CSE,7,DBMS,51.7,7,23,50,80,A
S15006,Biju Chandra,Male,CSE,5,Big Data Processing,84.5,8,26,33,67,C+
S15007,Arjun Nair,Male,CSE,5,Data Structures,77.8,9,27,27,63,C
S15008,Deepthi Khurana,Female,ECE,8,Digital Electronics,82.4,9,20,43,72,B
S15009,Arjun Bakshi,Male,CE,2,Surveying,52.7,8,23,33,64,C
S15010,Rajesh Raman,Male,CSE,8,Data Structures,78.0,5,28,24,57,D
S15011,Anu Manoharan,Female,CSE,2,Big Data Processing,71.8,5,28,43,76,B+
S15012,Parvathy Vijayan,Female,ECE,7,Digital Electronics,65.8,7,23,43,73,B
S15013,Radhika Sivan,Female,CSE,2,Software Engineering,78.6,5,20,33,58,D
S15014,Vidya Rajan,Female,ECE,2,Digital Electronics,65.6,4,17,48,69,C+
S15015,Meera Agarwal,Female,ME,6,Machine Design,60.1,8,10,45,63,C
S15016,Vishnu Ramesh,Male,CSE,7,Operating Systems,100.0,9,15,47,71,B
S15017,Ramesh Malhotra,Male,ME,4,Machine Design,65.5,6,23,42,71,B
S15018,Rukhsar Faisal,Female,ME,6,Machine Design,55.4,10,9,30,49,F
S15019,Unnikrishnan Shukla,Male,CSE,4,DBMS,73.4,5,23,27,55,D
S15020,Shilpa Agarwal,Female,CE,3,Geotechnical Engineering,84.0,7,16,37,60,C
S15021,Lakshmi Verma,Female,ME,8,Manufacturing Technology,96.2,6,24,54,84,A
S15022,Naila Marakkar,Female,CSE,8,Software Engineering,86.4,8,20,41,69,C+
S15023,Remya Sethi,Female,ME,7,Manufacturing Technology,71.0,7,17,46,70,B
S15024,Manoj Raj,Male,CSE,1,Computer Networks,95.0,9,18,40,67,C+
S15025,Nandana Varma,Female,ECE,3,Digital Electronics,74.8,8,14,39,61,C
S15026,Remya Raman,Female,CSE,1,DBMS,70.2,8,27,60,95,S
S15027,Rohan Warrier,Male,ME,7,Manufacturing Technology,86.4,7,16,45,68,C+
S15028,Pradeep Gopinathan,Male,ME,6,Thermodynamics,48.8,8,20,37,65,C+
S15029,Akhil Panicker,Male,CE,8,Concrete Technology,94.2,8,18,39,65,C+
S15030,Unnikrishnan Raghavan,Male,ME,8,Machine Design,86.0,8,20,30,58,D
S15031,Biju Bhattathiri,Male,ME,3,Machine Design,100.0,10,19,46,75,B+
S15032,Sneha Desai,Female,CSE,3,Operating Systems,78.7,10,23,48,81,A
S15033,Sruthi Yadav,Female,ME,3,Strength of Materials,70.7,6,24,42,72,B
S15034,Neethu Reddy,Female,CSE,4,Big Data Processing,72.2,7,17,30,54,P
S15035,Akhil Joshi,Male,ME,7,Thermodynamics,76.6,10,27,44,81,A
S15036,Balachandran Sethi,Male,ECE,5,Communication Systems,59.0,6,25,46,77,B+
S15037,Aiswarya Chandrasekharan,Female,ME,8,Manufacturing Technology,55.0,6,30,36,72,B
S15038,Rohan Kunjunni,Male,ECE,3,Signals & Systems,78.4,6,17,53,76,B+
S15039,Sujith Pandey,Male,ME,6,Manufacturing Technology,81.5,8,20,60,88,A+
S15040,Anoop Agarwal,Male,ECE,7,VLSI Design,66.4,7,18,42,67,C+
S15041,Renjith Sharma,Male,ME,1,Fluid Mechanics,61.3,7,19,58,84,A
S15042,Meera Jayan,Female,ECE,8,Signals & Systems,69.2,4,18,45,67,C+
S15043,Swathi Sankar,Female,ME,2,Thermodynamics,100.0,8,19,38,65,C+
S15044,Arjun Ramakrishnan,Male,ME,2,Manufacturing Technology,85.5,7,17,50,74,B
S15045,Priya Sudhakaran,Female,ECE,1,VLSI Design,77.3,9,13,59,81,A
S15046,Vineetha Joshi,Female,ECE,6,VLSI Design,61.4,5,30,28,63,C
S15047,Sujith Saxena,Male,CSE,4,Computer Networks,79.8,8,19,26,53,P
S15048,Anagha Pillai,Female,CE,4,Geotechnical Engineering,76.2,4,16,44,64,C
S15049,Remya Agrawal,Female,ECE,7,Digital Electronics,72.7,5,19,31,55,D
S15050,Rajesh Arora,Male,ME,8,Fluid Mechanics,86.0,7,30,49,86,A+
S15051,Biju Pradeep,Male,CE,8,Geotechnical Engineering,91.6,6,22,39,67,C+
S15052,Vignesh Rajan,Male,ME,3,Thermodynamics,78.4,6,24,26,56,D
S15053,Rahul Pisharody,Male,ECE,3,Signals & Systems,74.2,7,18,41,66,C+
S15054,Anand Panicker,Male,ME,5,Thermodynamics,88.7,9,11,37,57,D
S15055,Meera Sharma,Female,ME,4,Fluid Mechanics,82.7,8,21,50,79,B+
S15056,Manu Nair,Male,ME,3,Thermodynamics,74.0,5,17,45,67,C+
S15057,Vishnu Chandran,Male,CSE,2,Operating Systems,82.7,9,20,42,71,B
S15058,Karthik Raghavan,Male,ME,6,Manufacturing Technology,75.9,9,21,35,65,C+
S15059,Prasanth Pandey,Male,ME,5,Machine Design,90.0,9,20,38,67,C+
S15060,Sudheesh Joshi,Male,CE,7,Geotechnical Engineering,79.9,7,19,35,61,C
S15061,Sudheesh Malhotra,Male,CE,3,Surveying,62.3,6,29,32,67,C+
S15062,Shilpa Sudhakaran,Female,CSE,2,Operating Systems,82.4,9,17,20,46,F
S15063,Balachandran Kutty,Male,ME,4,Fluid Mechanics,85.8,8,26,33,67,C+
S15064,Athulya Yadav,Female,CSE,6,Big Data Processing,79.4,9,26,48,83,A
S15065,Nandakumar Manoharan,Male,CSE,1,DBMS,57.8,5,29,50,84,A
S15066,Sreelakshmi Vasu,Female,CSE,2,Computer Networks,88.8,6,8,28,42,F
S15067,Vignesh Neelakandan,Male,CE,1,Geotechnical Engineering,83.6,7,23,60,90,S
S15068,Biju Suresh,Male,CE,4,Transportation Engineering,76.3,6,27,42,75,B+
S15069,Gayathri Iyer,Female,CE,8,Surveying,58.2,6,24,36,66,C+
S15070,Soumya Chandran,Female,CE,5,Structural Analysis,60.4,10,25,47,82,A
S15071,Aparna Namputhiri,Female,ME,8,Strength of Materials,63.9,10,23,47,80,A
S15072,Anu Ashokan,Female,CSE,2,Computer Networks,67.1,8,25,34,67,C+
S15073,Balachandran Goel,Male,ME,5,Manufacturing Technology,77.3,6,18,43,67,C+
S15074,Jyothsna Kartha,Female,ECE,4,Communication Systems,61.3,7,21,44,72,B
S15075,Reshma Narayanan,Female,ME,6,Strength of Materials,70.3,6,23,49,78,B+
S15076,Naveen Dinesh,Male,ME,1,Fluid Mechanics,63.0,8,16,28,52,P
S15077,Vivek Thampuran,Male,ME,8,Strength of Materials,80.5,7,17,23,47,F
S15078,Madhu Desai,Male,ECE,8,Communication Systems,63.4,6,27,39,72,B
S15079,Pradeep Ramesh,Male,ECE,6,VLSI Design,76.8,6,16,56,78,B+
S15080,Bindu Patel,Female,CE,1,Concrete Technology,56.4,7,20,41,68,C+
S15081,Gayathri Sreedharan,Female,CE,8,Geotechnical Engineering,85.9,8,22,39,69,C+
S15082,Bindu Mishra,Female,ME,5,Strength of Materials,68.2,6,11,31,48,F
S15083,Dinesh Pradeep,Male,CSE,3,Operating Systems,62.2,7,17,34,58,D
S15084,Sudheesh Vasudevan,Male,ECE,3,Microprocessors,74.7,7,30,52,89,A+
S15085,Ajay Madhavan,Male,ECE,7,VLSI Design,96.6,7,19,30,56,D
S15086,Sujith Sharma,Male,ECE,3,Digital Electronics,76.5,9,28,35,72,B
S15087,Dinesh Chauhan,Male,CSE,7,Big Data Processing,88.4,10,24,51,85,A+
S15088,Gokul Prakash,Male,CSE,8,Big Data Processing,70.8,7,30,27,64,C
S15089,Sowmya Sreedharan,Female,ME,6,Machine Design,100.0,6,30,39,75,B+
S15090,Radhika Balan,Female,ME,4,Thermodynamics,74.2,7,15,60,82,A
S15091,Devika Kartha,Female,ECE,7,Microprocessors,92.4,5,26,39,70,B
S15092,Sreejith Pradeep,Male,ECE,1,Digital Electronics,93.3,5,19,54,78,B+
S15093,Sruthi Namboothiri,Female,ME,3,Strength of Materials,92.5,8,19,39,66,C+
S15094,Sruthi Choudhary,Female,ECE,6,Microprocessors,82.0,7,17,36,60,C
S15095,Aparna Choudhary,Female,CE,2,Concrete Technology,71.3,9,26,40,75,B+
S15096,Arjun Radhakrishnan,Male,ME,7,Manufacturing Technology,81.5,5,15,36,56,D
S15097,Vishnu Krishnan,Male,ECE,6,Signals & Systems,91.1,6,24,18,48,F
S15098,Vishnu Solanki,Male,ME,6,Manufacturing Technology,77.5,4,16,29,49,F
S15099,Vineetha Balakrishnan,Female,CE,3,Surveying,77.4,8,20,31,59,D
S15100,Priya Kunjunni,Female,ME,5,Machine Design,70.1,10,25,50,85,A+
S15101,Rohan Pisharody,Male,CSE,5,Data Structures,82.4,7,22,38,67,C+
S15102,Aparna Sivan,Female,CE,7,Structural Analysis,80.9,6,22,37,65,C+
S15103,Manoj Poduval,Male,ME,6,Machine Design,72.8,9,19,42,70,B
S15104,Aswathy Kunjunni,Female,CSE,8,Data Structures,84.4,7,16,28,51,P
S15105,Sudheesh Bhaskaran,Male,CE,6,Concrete Technology,67.5,8,20,36,64,C
S15106,Sanjay Panicker,Male,CSE,2,Big Data Processing,75.6,10,15,48,73,B
S15107,Reshma Anilkumar,Female,CE,6,Structural Analysis,75.2,9,15,45,69,C+
S15108,Deepak Shukla,Male,CSE,7,Big Data Processing,88.4,9,11,51,71,B
S15109,Sanjay Sathyan,Male,CE,4,Geotechnical Engineering,73.2,6,27,49,82,A
S15110,Remya Kapoor,Female,ME,8,Machine Design,92.8,5,16,44,65,C+
S15111,Prasanth Sasidharan,Male,CSE,2,Operating Systems,95.8,6,20,60,86,A+
S15112,Athira Gupta,Female,ME,7,Manufacturing Technology,78.1,5,24,48,77,B+
S15113,Suresh Marar,Male,ME,5,Fluid Mechanics,65.2,10,30,49,89,A+
S15114,Sowmya Bakshi,Female,CE,7,Geotechnical Engineering,91.3,7,21,54,82,A
S15115,Sabira Rasheed,Female,ME,7,Fluid Mechanics,64.7,7,30,43,80,A
S15116,Nimisha Gupta,Female,ME,5,Strength of Materials,74.2,2,24,39,65,C+
S15117,Sreejith Rajan,Male,CSE,3,Big Data Processing,69.3,9,25,36,70,B
S15118,Greeshma Prakash,Female,CSE,1,Big Data Processing,71.0,7,19,52,78,B+
S15119,Parvathy Bhattathiri,Female,ME,1,Manufacturing Technology,90.2,5,17,54,76,B+
S15120,Remya Pisharody,Female,CE,8,Surveying,81.7,8,18,29,55,D
S15121,Deepak Unnithan,Male,CSE,8,Software Engineering,69.2,8,21,31,60,C
S15122,Rahul Achari,Male,ECE,2,Digital Electronics,99.5,5,25,37,67,C+
S15123,Rajesh Pisharody,Male,CE,6,Surveying,98.5,7,22,41,70,B
S15124,Aswathy Yadav,Female,ECE,8,VLSI Design,90.4,8,24,44,76,B+
S15125,Anjali Suresh,Female,ECE,2,Communication Systems,97.2,7,23,37,67,C+
S15126,Vinod Chowdhury,Male,ECE,5,Communication Systems,67.3,7,14,36,57,D
S15127,Vineetha Panicker,Female,ECE,4,VLSI Design,91.5,6,26,53,85,A+
S15128,Anna Abraham,Female,ECE,2,VLSI Design,85.4,10,23,56,89,A+
S15129,Naveen Karthikeyan,Male,ME,7,Machine Design,75.3,7,22,25,54,P
S15130,Greeshma Trivedi,Female,CSE,8,Data Structures,59.6,7,8,60,75,B+
S15131,Anand Tiwari,Male,CE,3,Transportation Engineering,72.8,8,28,34,70,B
S15132,Sneha Solanki,Female,CSE,1,DBMS,64.6,5,21,46,72,B
S15133,Naseer Rahman,Male,ME,8,Machine Design,66.0,9,2,55,66,C+
S15134,Karthik Vasudevan,Male,CSE,7,Operating Systems,74.6,8,24,49,81,A
S15135,Anu Bhattathiri,Female,ME,1,Thermodynamics,88.8,8,21,55,84,A
S15136,Divya Sharma,Female,CSE,7,Big Data Processing,86.0,9,14,45,68,C+
S15137,Sneha Gupta,Female,ME,7,Machine Design,47.8,10,20,39,69,C+
S15138,Anoop Bhaskaran,Male,CSE,4,Big Data Processing,72.9,8,30,37,75,B+
S15139,Nandana Dubey,Female,CE,4,Geotechnical Engineering,60.9,5,28,60,93,S
S15140,Jithin Ashokan,Male,CSE,1,Computer Networks,57.4,7,20,57,84,A
S15141,Sreelakshmi Ramakrishnan,Female,ECE,3,VLSI Design,54.0,7,17,24,48,F
S15142,Rashid Moulavi,Male,ME,5,Thermodynamics,75.6,9,16,39,64,C
S15143,Aswathy Iyer,Female,ME,5,Machine Design,88.1,8,23,40,71,B
S15144,Akhil Yadav,Male,CSE,6,Operating Systems,63.7,9,15,60,84,A
S15145,Haritha Mohan,Female,CSE,4,Software Engineering,63.7,6,25,52,83,A
S15146,Vinod Kumar,Male,CSE,1,Data Structures,87.5,7,21,60,88,A+
S15147,Lakshmi Bakshi,Female,ECE,2,Microprocessors,67.1,7,27,29,63,C
S15148,Vivek Desai,Male,CSE,8,Computer Networks,93.1,5,20,39,64,C
S15149,Devika Namboodiripad,Female,CE,7,Concrete Technology,67.6,5,21,52,78,B+
S15150,Vijay Agarwal,Male,CE,2,Surveying,92.9,5,30,40,75,B+
S15151,Sanjay Solanki,Male,ME,8,Manufacturing Technology,87.1,6,24,49,79,B+
S15152,Sowmya Verma,Female,CSE,7,Computer Networks,81.6,2,22,40,64,C
S15153,Shilpa Sharma,Female,ECE,7,VLSI Design,87.9,5,19,45,69,C+
S15154,Anjali Sathyan,Female,ME,3,Machine Design,68.6,7,26,44,77,B+
S15155,Jithin Prasad,Male,ME,1,Fluid Mechanics,76.9,10,21,26,57,D
S15156,Arjun Kurup,Male,ECE,1,Microprocessors,76.9,9,30,44,83,A
S15157,Shilpa Chowdhury,Female,CE,4,Transportation Engineering,61.6,8,18,40,66,C+
S15158,Rafi Sheikh,Male,ME,1,Manufacturing Technology,71.6,7,19,31,57,D
S15159,Aiswarya Vijayan,Female,CE,5,Structural Analysis,76.3,10,24,44,78,B+
S15160,Biju Chowdhury,Male,ECE,5,Microprocessors,79.1,6,20,35,61,C
S15161,Sarath Goel,Male,ECE,7,Signals & Systems,60.7,8,20,46,74,B
S15162,Sujith Trivedi,Male,ECE,4,Communication Systems,73.7,6,17,39,62,C
S15163,Nandakumar Prakash,Male,ECE,5,Digital Electronics,71.0,8,18,60,86,A+
S15164,Remya Balan,Female,ECE,2,Microprocessors,83.0,8,22,35,65,C+
S15165,Vivek Sudhakaran,Male,ECE,7,Microprocessors,80.8,7,25,41,73,B
S15166,Nandakumar Ramakrishnan,Male,ECE,7,Microprocessors,82.2,9,20,46,75,B+
S15167,Vignesh Sivan,Male,CSE,5,DBMS,85.4,9,17,34,60,C
S15168,Suhail Sait,Male,CSE,4,DBMS,54.1,9,16,43,68,C+
S15169,Renjith Sudhakaran,Male,ME,4,Strength of Materials,67.4,8,25,47,80,A
S15170,Naveen Kapoor,Male,ME,7,Strength of Materials,77.8,7,30,60,97,S
S15171,Aswathy Mahesh,Female,ECE,3,Digital Electronics,70.8,7,4,30,41,F
S15172,Anitha Pillai,Female,CSE,8,DBMS,62.9,10,30,34,74,B
S15173,Greeshma Malhotra,Female,ME,1,Machine Design,84.7,5,18,60,83,A
S15174,Vijay Govindan,Male,ME,6,Strength of Materials,100.0,8,18,53,79,B+
S15175,Adithya Namputhiri,Male,ME,6,Strength of Materials,85.1,5,30,29,64,C
S15176,Karthik Kunjunni,Male,ME,4,Fluid Mechanics,92.2,8,16,47,71,B
S15177,Adithya Srivastava,Male,CSE,7,Computer Networks,68.0,9,23,59,91,S
S15178,Sneha Sankar,Female,ME,4,Thermodynamics,83.1,7,30,47,84,A
S15179,Deepak Gupta,Male,CSE,8,DBMS,78.5,8,18,26,52,P
S15180,Vineetha Venugopal,Female,CSE,3,Operating Systems,81.5,5,24,24,53,P
S15181,Pradeep Kapoor,Male,CSE,6,Data Structures,82.3,6,26,47,79,B+
S15182,Vivek Gopinathan,Male,CE,7,Structural Analysis,66.3,8,12,42,62,C
S15183,Sanjay Raj,Male,CE,1,Transportation Engineering,88.3,7,19,29,55,D
S15184,Nimisha Rajagopal,Female,ECE,1,Microprocessors,69.2,10,23,50,83,A
S15185,Rohan Chowdhury,Male,CE,3,Concrete Technology,80.9,8,30,36,74,B
S15186,Madhu Sinha,Male,ECE,7,Communication Systems,73.7,9,19,51,79,B+
S15187,Sudheesh Madhavan,Male,ME,4,Manufacturing Technology,80.3,10,10,60,80,A
S15188,Jithin Namputhiri,Male,CSE,3,Big Data Processing,72.1,7,17,52,76,B+
S15189,Anand Kunjunni,Male,CE,1,Transportation Engineering,86.8,7,29,42,78,B+
S15190,Rohan Narayanan,Male,CSE,2,Data Structures,92.1,7,29,47,83,A
S15191,Nandana Venugopal,Female,ECE,6,Digital Electronics,83.9,9,15,33,57,D
S15192,Jithin Rathore,Male,ECE,3,Communication Systems,83.6,8,30,31,69,C+
S15193,Swathi Sivan,Female,CE,8,Geotechnical Engineering,74.7,7,21,36,64,C
S15194,Aiswarya Mohan,Female,CSE,5,Operating Systems,81.2,8,16,46,70,B
S15195,Anoop Bhalla,Male,ECE,1,Signals & Systems,85.8,8,20,56,84,A
S15196,Nandana Goel,Female,ECE,2,Communication Systems,82.3,6,20,30,56,D
S15197,Sudheesh Sasidharan,Male,ME,8,Strength of Materials,93.0,6,25,27,58,D
S15198,Remya Gopinathan,Female,CE,6,Transportation Engineering,76.8,9,19,60,88,A+
S15199,Priya Pillai,Female,CE,5,Geotechnical Engineering,86.2,6,9,42,57,D
S15200,Anand Chandran,Male,ECE,4,Digital Electronics,84.2,5,30,33,68,C+
S15201,Vivek Pandey,Male,ME,5,Thermodynamics,94.6,8,18,54,80,A
S15202,Swathi Marar,Female,CSE,6,Big Data Processing,67.3,8,21,33,62,C
S15203,Neethu Namputhiri,Female,ECE,3,Signals & Systems,70.5,8,22,29,59,D
S15204,Sujith Kartha,Male,CSE,5,Data Structures,84.1,5,22,43,70,B
S15205,Vidya Thampuran,Female,CE,3,Geotechnical Engineering,97.0,5,18,53,76,B+
S15206,Vishnu Kapoor,Male,CE,8,Geotechnical Engineering,81.7,4,22,39,65,C+
S15207,Unnikrishnan Bhatt,Male,CSE,1,Computer Networks,59.2,6,28,60,94,S
S15208,Haritha Krishnan,Female,ME,4,Machine Design,75.3,5,22,41,68,C+
S15209,Vignesh Trivedi,Male,CE,7,Structural Analysis,78.9,6,23,22,51,P
S15210,Prasanth Gupta,Male,CSE,5,Operating Systems,74.8,5,22,25,52,P
S15211,Parvathy Bhaskaran,Female,CE,8,Geotechnical Engineering,65.4,6,29,23,58,D
S15212,Amrutha Unnithan,Female,ME,7,Fluid Mechanics,66.5,7,24,53,84,A
S15213,Manoj Karthikeyan,Male,ME,6,Thermodynamics,76.6,6,22,45,73,B
S15214,Suhana Sirajudheen,Female,CSE,4,Data Structures,75.3,8,27,52,87,A+
S15215,Akhil Padmanabhan,Male,CSE,6,DBMS,69.2,4,21,40,65,C+
S15216,Nithya Pisharody,Female,ME,5,Machine Design,98.5,10,16,43,69,C+
S15217,Gokul Panicker,Male,CE,1,Geotechnical Engineering,72.6,7,17,45,69,C+
S15218,Rohan Chandrasekharan,Male,CE,2,Concrete Technology,65.8,8,23,39,70,B
S15219,Sarath Kutty,Male,CSE,5,Data Structures,71.5,8,21,31,60,C
S15220,Suresh Vijayan,Male,ME,6,Manufacturing Technology,68.8,5,28,42,75,B+
S15221,Renjith Pradeep,Male,ECE,8,Signals & Systems,70.8,8,26,52,86,A+
S15222,Aparna Joshi,Female,CE,1,Concrete Technology,76.0,7,14,21,42,F
S15223,Gokul Joshi,Male,ECE,4,Signals & Systems,86.4,8,18,32,58,D
S15224,Naila Zubair,Female,ECE,4,Communication Systems,70.3,8,27,43,78,B+
S15225,Anand Rao,Male,CE,8,Concrete Technology,68.1,7,16,40,63,C
S15226,Balachandran Vasudevan,Male,ECE,1,VLSI Design,80.7,9,27,27,63,C
S15227,Bindu Balakrishnan,Female,CE,6,Transportation Engineering,93.7,10,25,31,66,C+
S15228,Reshma Kapoor,Female,CE,5,Structural Analysis,68.7,8,23,43,74,B
S15229,Sowmya Thampi,Female,CSE,4,Operating Systems,93.2,10,11,50,71,B
S15230,Suhail Junaid,Male,ECE,6,Digital Electronics,55.5,5,30,60,95,S
S15231,Ajay Rao,Male,CE,1,Surveying,69.7,8,21,30,59,D
S15232,Sindhu Sethi,Female,ME,4,Manufacturing Technology,90.5,6,19,46,71,B
S15233,Divya Agrawal,Female,ME,7,Fluid Mechanics,76.5,7,14,39,60,C
S15234,Vivek Padmanabhan,Male,CSE,7,DBMS,72.6,5,13,39,57,D
S15235,Ramesh Vasu,Male,ME,1,Machine Design,76.7,8,15,49,72,B
S15236,Neethu Warrier,Female,CSE,3,Software Engineering,78.3,9,17,37,63,C
S15237,Sreekumar Bhardwaj,Male,ME,8,Machine Design,68.9,9,28,48,85,A+
S15238,Lakshmi Dinesh,Female,CSE,8,DBMS,77.6,9,21,42,72,B
S15239,Anitha Choudhary,Female,ME,3,Manufacturing Technology,79.7,10,26,40,76,B+
S15240,Athira Jayan,Female,ECE,4,Digital Electronics,68.0,9,17,44,70,B
S15241,Athulya Kutty,Female,ME,8,Fluid Mechanics,79.5,9,21,37,67,C+
S15242,Simna Sha,Female,CSE,8,Big Data Processing,70.7,8,28,42,78,B+
S15243,Aiswarya Desai,Female,ECE,5,Communication Systems,65.3,6,20,54,80,A
S15244,Jithin Sinha,Male,ECE,4,Signals & Systems,85.8,7,25,45,77,B+
S15245,Nandakumar Bhatt,Male,ECE,4,Signals & Systems,81.6,9,21,36,66,C+
S15246,Jithin Chandra,Male,CSE,4,Data Structures,72.6,9,23,50,82,A
S15247,Dinesh Achari,Male,ME,2,Fluid Mechanics,87.5,10,28,49,87,A+
S15248,Bijoy Pinto,Male,ECE,8,Signals & Systems,68.0,7,28,45,80,A
S15249,Aswathy Reddy,Female,CE,2,Concrete Technology,93.6,7,12,58,77,B+
S15250,Nimisha Srivastava,Female,CSE,4,Big Data Processing,76.5,8,15,60,83,A
S15251,Nikhil Raman,Male,CSE,2,Software Engineering,81.1,8,28,14,50,P
S15252,Vivek Sethi,Male,CSE,8,Big Data Processing,100.0,8,19,40,67,C+
S15253,Aparna Arora,Female,CE,8,Geotechnical Engineering,81.6,5,25,41,71,B
S15254,Biju Kunjunni,Male,ME,7,Fluid Mechanics,66.6,9,17,38,64,C
S15255,Parvathy Iyer,Female,ECE,6,Signals & Systems,75.9,6,19,39,64,C
S15256,Nandana Chopra,Female,ME,3,Manufacturing Technology,92.8,10,16,46,72,B
S15257,Madhu Suresh,Male,CE,1,Concrete Technology,63.9,9,17,46,72,B
S15258,Resmi Sharma,Female,ME,4,Strength of Materials,76.0,8,20,36,64,C
S15259,Sudheesh Anilkumar,Male,ME,4,Strength of Materials,95.0,9,21,42,72,B
S15260,Ajay Namboothiri,Male,ME,8,Strength of Materials,64.1,7,21,37,65,C+
S15261,Rahul Yadav,Male,CSE,8,DBMS,90.5,4,18,38,60,C
S15262,Anitha Bakshi,Female,ME,1,Fluid Mechanics,83.8,5,28,40,73,B
S15263,Meera Choudhary,Female,ECE,2,Digital Electronics,94.9,6,15,33,54,P
S15264,Manoj Anandan,Male,CE,4,Geotechnical Engineering,84.3,6,22,55,83,A
S15265,Anand Rathore,Male,CE,3,Transportation Engineering,79.4,6,29,44,79,B+
S15266,Anjali Verma,Female,ECE,3,VLSI Design,91.6,10,22,36,68,C+
S15267,Reshma Sharma,Female,CE,5,Structural Analysis,100.0,8,7,37,52,P
S15268,Deepak Sudhakaran,Male,ME,6,Machine Design,62.5,8,15,43,66,C+
S15269,Vinod Kunjunni,Male,ECE,1,Digital Electronics,87.3,8,30,36,74,B
S15270,Deepak Krishnankutty,Male,CSE,5,Software Engineering,70.1,5,19,26,50,P
S15271,Gayathri Agarwal,Female,ME,5,Thermodynamics,66.2,8,15,58,81,A
S15272,Resmi Sathyan,Female,ECE,4,Signals & Systems,100.0,7,13,52,72,B
S15273,Rahul Ramakrishnan,Male,CSE,8,Data Structures,75.1,6,19,46,71,B
S15274,Nandana Gopalan,Female,CE,4,Transportation Engineering,68.1,6,30,49,85,A+
S15275,Suresh Sreekumar,Male,CE,5,Concrete Technology,81.5,10,17,40,67,C+
S15276,Meera Ramesh,Female,CSE,7,Computer Networks,52.1,6,20,59,85,A+
S15277,Nandana Desai,Female,ECE,1,VLSI Design,81.4,7,30,56,93,S
S15278,Aparna Yadav,Female,CSE,8,Data Structures,95.1,7,26,20,53,P
S15279,Aravind Rajendran,Male,CSE,5,Software Engineering,66.7,9,27,38,74,B
S15280,Vidya Balan,Female,ME,5,Fluid Mechanics,65.2,5,17,60,82,A
S15281,Sarath Arora,Male,CE,4,Concrete Technology,91.4,6,24,43,73,B
S15282,Annmary Njiralath,Female,ECE,3,Signals & Systems,49.8,8,19,33,60,C
S15283,Gayathri Sathyan,Female,CSE,7,Data Structures,71.9,7,15,43,65,C+
S15284,Gokul Suresh,Male,CSE,2,DBMS,89.4,7,18,39,64,C
S15285,Reshma Pandey,Female,CE,7,Transportation Engineering,72.3,8,23,40,71,B
S15286,Vineetha Pillai,Female,CSE,4,Data Structures,85.8,7,23,32,62,C
S15287,Prasanth Govindan,Male,ME,2,Fluid Mechanics,88.1,7,22,41,70,B
S15288,Sudheesh Rajendran,Male,CE,4,Transportation Engineering,59.6,9,16,43,68,C+
S15289,Balachandran Anandan,Male,CE,1,Transportation Engineering,85.0,6,22,44,72,B
S15290,Shilpa Dubey,Female,CE,1,Surveying,71.6,9,19,55,83,A
S15291,Manoj Namboothiri,Male,ECE,8,Communication Systems,63.3,6,22,23,51,P
S15292,Aparna Mahesh,Female,ME,1,Manufacturing Technology,75.6,7,15,60,82,A
S15293,Nimisha Malhotra,Female,ECE,6,VLSI Design,63.4,6,19,37,62,C
S15294,Anu Balakrishnan,Female,ECE,2,Digital Electronics,95.3,7,26,47,80,A
S15295,Athulya Namboodiripad,Female,ME,6,Machine Design,63.1,7,25,43,75,B+
S15296,Sruthi Chowdhury,Female,CSE,2,Big Data Processing,86.6,9,14,47,70,B
S15297,Soumya Shukla,Female,ECE,4,Microprocessors,91.8,6,26,36,68,C+
S15298,Athulya Sankar,Female,CSE,2,Computer Networks,63.5,9,19,35,63,C
S15299,Sneha Vallikkat,Female,ECE,7,Communication Systems,82.5,7,30,51,88,A+
S15300,Athulya Narayanan,Female,ECE,3,Communication Systems,83.5,6,20,42,68,C+
S15301,Ramesh Bansal,Male,ECE,1,Signals & Systems,56.1,10,20,40,70,B
S15302,Anu Balan,Female,ECE,4,VLSI Design,85.9,8,22,37,67,C+
S15303,Vishnu Suresh,Male,ME,4,Thermodynamics,74.3,5,17,47,69,C+
S15304,Shilpa Menon,Female,CE,1,Structural Analysis,61.3,8,19,34,61,C
S15305,Bindu Chandran,Female,ECE,4,Microprocessors,87.1,9,27,32,68,C+
S15306,Aparna Krishnan,Female,ECE,2,Digital Electronics,68.6,7,29,42,78,B+
S15307,Lakshmi Chandran,Female,ECE,2,VLSI Design,77.5,5,19,40,64,C
S15308,Bibin Chundevalel,Male,ECE,1,Microprocessors,73.6,7,18,45,70,B
S15309,Swathi Balakrishnan,Female,CSE,2,Software Engineering,74.4,9,30,48,87,A+
S15310,Aparna Dinesh,Female,ECE,5,Microprocessors,75.9,6,18,37,61,C
S15311,Sneha Choudhary,Female,CE,2,Transportation Engineering,100.0,3,20,28,51,P
S15312,Vineetha Sharma,Female,CE,1,Transportation Engineering,78.4,4,14,57,75,B+
S15313,Ramesh Rajan,Male,CE,4,Concrete Technology,65.8,8,15,52,75,B+
S15314,Arjun Vasudevan,Male,CE,5,Geotechnical Engineering,87.3,10,14,36,60,C
S15315,Anoop Panicker,Male,ME,3,Strength of Materials,87.5,8,14,34,56,D
S15316,Remya Sankar,Female,ME,7,Manufacturing Technology,83.0,7,29,28,64,C
S15317,Dinesh Govindan,Male,ME,8,Machine Design,86.1,10,15,30,55,D
S15318,Arjun Rajendran,Male,ECE,1,Communication Systems,77.3,9,18,35,62,C
S15319,Jithin Rajagopal,Male,CSE,6,Big Data Processing,82.9,7,23,24,54,P
S15320,Athulya Rathore,Female,ECE,2,Signals & Systems,69.8,7,30,43,80,A
S15321,Naveen Iyer,Male,ME,8,Fluid Mechanics,76.9,8,26,41,75,B+
S15322,Sneha Panicker,Female,CSE,6,DBMS,62.9,5,27,45,77,B+
S15323,Madhu Reddy,Male,CE,3,Surveying,80.2,6,22,44,72,B
S15324,Meera Tiwari,Female,CE,2,Transportation Engineering,69.1,7,30,58,95,S
S15325,Nithya Agarwal,Female,ECE,7,VLSI Design,71.4,9,27,44,80,A
S15326,Anish Cheeran,Male,ECE,5,VLSI Design,77.0,6,25,40,71,B
S15327,Divya Yadav,Female,ECE,5,VLSI Design,70.3,8,24,55,87,A+
S15328,Nithya Mohan,Female,ME,7,Machine Design,96.6,7,16,32,55,D
S15329,Anu Rajagopal,Female,ME,1,Strength of Materials,82.1,10,22,50,82,A
S15330,Vishnu Poduval,Male,CSE,1,Software Engineering,49.3,4,26,47,77,B+
S15331,Balachandran Warrier,Male,ECE,1,Digital Electronics,97.0,5,20,44,69,C+
S15332,Sindhu Thampi,Female,ECE,7,VLSI Design,40.0,6,30,38,74,B
S15333,Pradeep Bhalla,Male,ECE,7,Signals & Systems,58.4,7,15,36,58,D
S15334,Vidya Narayanan,Female,ECE,7,VLSI Design,69.3,8,25,57,90,S
S15335,Amrutha Vasu,Female,CSE,5,Software Engineering,64.9,6,19,53,78,B+
S15336,Unnikrishnan Trivedi,Male,ME,8,Strength of Materials,98.1,5,28,53,86,A+
S15337,Anagha Neelakandan,Female,ECE,7,VLSI Design,62.2,6,23,40,69,C+
S15338,Anagha Agrawal,Female,ECE,5,Digital Electronics,75.7,7,17,52,76,B+
S15339,Rahul Sharma,Male,ECE,8,Digital Electronics,76.0,6,26,52,84,A
S15340,Jithin Kurup,Male,CE,2,Geotechnical Engineering,70.3,9,30,49,88,A+
S15341,Rohan Agarwal,Male,CSE,3,Computer Networks,64.1,8,21,32,61,C
S15342,Sreekumar Raj,Male,ECE,8,VLSI Design,49.7,8,22,49,79,B+
S15343,Sreejith Poduval,Male,CE,7,Transportation Engineering,91.5,8,27,35,70,B
S15344,Sujith Thampuran,Male,CSE,3,Data Structures,91.8,6,23,18,47,F
S15345,Dinesh Chandra,Male,CSE,8,Big Data Processing,92.4,7,13,22,42,F
S15346,Divya Kutty,Female,CE,1,Surveying,78.6,3,26,35,64,C
S15347,Manu Rajan,Male,ME,5,Fluid Mechanics,81.9,7,19,52,78,B+
S15348,Adithya Rajan,Male,ME,6,Manufacturing Technology,100.0,9,22,33,64,C
S15349,Parvathy Verma,Female,CE,6,Concrete Technology,87.9,7,18,44,69,C+
S15350,Nikhil Achari,Male,CE,7,Geotechnical Engineering,70.1,7,21,47,75,B+
S15351,Sudheesh Neelakandan,Male,ME,5,Fluid Mechanics,95.3,8,17,37,62,C
S15352,Soumya Anandan,Female,CE,8,Surveying,71.8,9,22,40,71,B
S15353,Deepak Padmanabhan,Male,ECE,5,Microprocessors,54.4,10,14,27,51,P
S15354,Athira Vasudevan,Female,ECE,8,Communication Systems,70.2,7,17,47,71,B
S15355,Resmi Agarwal,Female,ECE,3,Communication Systems,98.3,6,18,60,84,A
S15356,Biju Arora,Male,ECE,1,Communication Systems,64.7,7,21,42,70,B
S15357,Unnikrishnan Sathyan,Male,ME,4,Manufacturing Technology,79.1,6,19,47,72,B
S15358,Anoop Yadav,Male,ME,4,Manufacturing Technology,78.4,6,16,60,82,A
S15359,Devika Ashokan,Female,ME,5,Machine Design,83.1,10,25,44,79,B+
S15360,Amrutha Rajan,Female,ME,2,Machine Design,78.1,9,17,57,83,A
S15361,Greeshma Rathore,Female,ECE,2,Signals & Systems,100.0,9,19,59,87,A+
S15362,Soumya Kohli,Female,CSE,4,Computer Networks,87.7,6,17,49,72,B
S15363,Suhana Ilyas,Female,CE,1,Geotechnical Engineering,79.8,6,16,57,79,B+
S15364,Shefeek Ansari,Male,ME,1,Manufacturing Technology,61.5,8,29,44,81,A
S15365,Sreejith Kumar,Male,CE,2,Geotechnical Engineering,87.4,7,26,39,72,B
S15366,Deepak Das,Male,ECE,5,VLSI Design,90.3,8,29,58,95,S
S15367,Renjith Agarwal,Male,ECE,8,Signals & Systems,67.1,7,24,60,91,S
S15368,Haritha Gopalan,Female,ECE,8,Digital Electronics,70.9,6,16,51,73,B
S15369,Anitha Reddy,Female,ECE,8,Microprocessors,71.0,9,21,42,72,B
S15370,Jyothsna Kurup,Female,CE,8,Surveying,57.2,7,21,41,69,C+
S15371,Athulya Sasidharan,Female,CE,2,Geotechnical Engineering,91.7,8,18,43,69,C+
S15372,Sudheesh Achari,Male,ME,2,Machine Design,82.2,7,21,30,58,D
S15373,Nandakumar Krishnankutty,Male,ECE,4,VLSI Design,63.3,6,19,38,63,C
S15374,Devika Gupta,Female,ME,5,Thermodynamics,79.3,4,24,50,78,B+
S15375,Anand Ramakrishnan,Male,CSE,8,Computer Networks,76.4,10,26,18,54,P
S15376,Sowmya Govindan,Female,ME,5,Strength of Materials,73.2,8,26,51,85,A+
S15377,Haritha Kurup,Female,CSE,7,Big Data Processing,77.8,7,23,35,65,C+
S15378,Suresh Raj,Male,ECE,1,Signals & Systems,98.4,8,30,57,95,S
S15379,Aparna Kutty,Female,ECE,2,Digital Electronics,68.0,7,16,28,51,P
S15380,Biju Sankar,Male,ECE,5,Microprocessors,65.0,4,25,26,55,D
S15381,Haritha Chandran,Female,CE,1,Transportation Engineering,61.9,7,20,33,60,C
S15382,Madhu Agarwal,Male,ECE,2,Signals & Systems,66.3,8,14,44,66,C+
S15383,Sreejith Khurana,Male,CSE,7,Data Structures,84.2,7,22,59,88,A+
S15384,Akhil Kutty,Male,ECE,2,Microprocessors,68.3,8,9,38,55,D
S15385,Aswathy Krishnankutty,Female,CSE,2,Computer Networks,81.1,7,19,46,72,B
S15386,Renjith Unni,Male,ECE,8,Microprocessors,87.3,9,14,41,64,C
S15387,Radhika Khurana,Female,ME,8,Thermodynamics,65.1,3,23,41,67,C+
S15388,Arjun Bhaskaran,Male,ECE,2,Microprocessors,69.8,8,30,50,88,A+
S15389,Sneha Unni,Female,CE,4,Surveying,70.3,8,16,51,75,B+
S15390,Remya Karthikeyan,Female,CSE,3,DBMS,80.5,3,23,39,65,C+
S15391,Anna Pulickal,Female,CSE,6,Software Engineering,81.6,8,15,22,45,F
S15392,Sudheesh Govindan,Male,ME,2,Fluid Mechanics,100.0,9,18,48,75,B+
S15393,Amrutha Venugopal,Female,CE,2,Surveying,51.0,4,22,42,68,C+
S15394,Deepthi Raj,Female,CE,2,Transportation Engineering,67.8,8,28,31,67,C+
S15395,Anagha Ramakrishnan,Female,CSE,1,DBMS,76.7,7,22,49,78,B+
S15396,Renjith Dinesh,Male,CE,5,Transportation Engineering,75.4,10,13,60,83,A
S15397,Ajay Ashokan,Male,CSE,6,DBMS,92.4,9,25,40,74,B
S15398,Vivek Sinha,Male,CE,6,Concrete Technology,78.7,7,17,57,81,A
S15399,Greeshma Marar,Female,ME,1,Strength of Materials,100.0,9,25,26,60,C
S15400,Jincy George,Female,ECE,2,VLSI Design,63.8,5,21,38,64,C
S15401,Akhil Thampuran,Male,CSE,2,DBMS,57.9,8,20,44,72,B
S15402,Vijay Bansal,Male,CSE,3,DBMS,77.6,8,28,60,96,S
S15403,Renjith Krishnankutty,Male,ECE,7,Communication Systems,80.5,8,19,37,64,C
S15404,Shilpa Kutty,Female,CSE,1,Data Structures,83.1,8,21,42,71,B
S15405,Vidya Sasidharan,Female,CSE,5,Software Engineering,89.8,6,17,60,83,A
S15406,Elizabeth Puthenpurackal,Female,CE,2,Concrete Technology,69.8,8,19,30,57,D
S15407,Neethu Kumar,Female,ECE,2,Microprocessors,87.0,8,18,60,86,A+
S15408,Vineetha Arora,Female,ECE,8,VLSI Design,81.0,10,18,33,61,C
S15409,Naseer Zaheer,Male,CSE,1,DBMS,96.3,7,21,52,80,A
S15410,Sujith Poduval,Male,ME,5,Strength of Materials,64.7,5,23,31,59,D
S15411,Devika Tiwari,Female,ME,2,Fluid Mechanics,64.5,6,28,44,78,B+
S15412,Sindhu Desai,Female,ME,3,Strength of Materials,49.6,6,20,45,71,B
S15413,Resmi Trivedi,Female,ME,8,Strength of Materials,77.9,6,22,49,77,B+
S15414,Deepthi Bhaskaran,Female,CE,1,Geotechnical Engineering,57.2,6,18,39,63,C
S15415,Neethu Thampuran,Female,CE,6,Concrete Technology,80.8,7,18,40,65,C+
S15416,Anoop Rajendran,Male,ECE,3,Microprocessors,83.5,6,11,54,71,B
S15417,Vignesh Radhakrishnan,Male,ECE,2,Digital Electronics,75.2,7,20,34,61,C
S15418,Aravind Poduval,Male,ECE,1,Digital Electronics,79.2,8,17,48,73,B
S15419,Sudheesh Raj,Male,ECE,7,Microprocessors,72.4,10,29,37,76,B+
S15420,Vineetha Gupta,Female,CE,6,Surveying,89.0,4,23,32,59,D
S15421,Vidya Kartha,Female,ME,2,Manufacturing Technology,80.8,10,26,45,81,A
S15422,Haritha Bhattathiri,Female,ECE,3,Communication Systems,70.1,9,8,45,62,C
S15423,Sreelakshmi Jayan,Female,ECE,7,VLSI Design,68.5,6,14,37,57,D
S15424,Anitha Chandran,Female,CSE,8,DBMS,76.3,9,22,51,82,A
S15425,Rajesh Reddy,Male,ME,3,Strength of Materials,79.7,8,11,51,70,B
S15426,Anitha Namputhiri,Female,ECE,7,Digital Electronics,65.6,6,25,36,67,C+
S15427,Rohan Agrawal,Male,CSE,4,Data Structures,60.6,7,13,24,44,F
S15428,Deepak Joshi,Male,ME,7,Machine Design,84.5,7,19,58,84,A
S15429,Manoj Kapoor,Male,ECE,5,Communication Systems,92.0,8,24,47,79,B+
S15430,Adithya Anandan,Male,ME,7,Fluid Mechanics,68.3,8,28,46,82,A
S15431,Vinod Pandey,Male,ECE,1,Signals & Systems,86.5,7,30,27,64,C
S15432,Sujith Patel,Male,CSE,5,Operating Systems,89.7,8,24,51,83,A
S15433,Vijay Bakshi,Male,ME,8,Strength of Materials,72.4,9,20,42,71,B
S15434,Aiswarya Malhotra,Female,CE,6,Geotechnical Engineering,67.3,6,27,44,77,B+
S15435,Sarath Namboodiripad,Male,CSE,4,Data Structures,58.2,5,22,51,78,B+
S15436,Rohan Vinod,Male,CSE,2,Big Data Processing,67.8,8,27,44,79,B+
S15437,Remya Nair,Female,ECE,3,VLSI Design,97.9,7,20,52,79,B+
S15438,Aparna Raman,Female,CSE,7,DBMS,72.1,7,20,45,72,B
S15439,Riyas Jabbar,Male,ME,3,Thermodynamics,62.4,8,23,44,75,B+
S15440,Prasanth Radhakrishnan,Male,CE,5,Transportation Engineering,77.7,7,18,45,70,B
S15441,Sneha Kutty,Female,CE,8,Transportation Engineering,52.2,9,20,30,59,D
S15442,Sujith Vijayan,Male,CSE,4,DBMS,83.2,4,24,46,74,B
S15443,Prasanth Verma,Male,ECE,1,Signals & Systems,96.1,6,20,42,68,C+
S15444,Aswathy Sivan,Female,ECE,8,Digital Electronics,79.3,7,24,31,62,C
S15445,Madhu Iyer,Male,ME,7,Thermodynamics,89.2,9,22,57,88,A+
S15446,Nandakumar Balan,Male,CSE,4,Big Data Processing,63.9,7,23,54,84,A
S15447,Anand Mahesh,Male,CE,6,Transportation Engineering,80.6,9,30,35,74,B
S15448,Priya Mohan,Female,CE,6,Structural Analysis,93.8,8,28,46,82,A
S15449,Meera Thampuran,Female,CE,7,Transportation Engineering,87.6,9,19,42,70,B
S15450,Reshma Menon,Female,CE,8,Geotechnical Engineering,86.3,7,23,54,84,A
S15451,Aiswarya Warrier,Female,CSE,2,DBMS,50.0,7,28,43,78,B+
S15452,Vivek Gupta,Male,ECE,1,Communication Systems,85.6,9,18,40,67,C+
S15453,Sreekumar Raman,Male,CSE,3,Data Structures,100.0,10,24,36,70,B
S15454,Vignesh Bhatt,Male,ME,5,Manufacturing Technology,76.8,5,30,44,79,B+
S15455,Rajesh Sasidharan,Male,CSE,4,Big Data Processing,75.5,7,26,55,88,A+
S15456,Akhil Goel,Male,CE,7,Geotechnical Engineering,74.1,9,26,36,71,B
S15457,Pradeep Yadav,Male,ME,5,Machine Design,89.3,8,22,30,60,C
S15458,Nandakumar Chandran,Male,CE,4,Surveying,65.9,7,23,53,83,A
S15459,Sujith Prakash,Male,ME,6,Strength of Materials,90.8,7,23,46,76,B+
S15460,Anoop Manoharan,Male,CE,6,Structural Analysis,79.5,6,18,41,65,C+
S15461,Nikhil Pisharody,Male,ME,4,Thermodynamics,82.8,9,20,41,70,B
S15462,Anoop Sethi,Male,CSE,2,Software Engineering,68.1,6,30,33,69,C+
S15463,Balachandran Raman,Male,ECE,8,Communication Systems,93.5,9,15,57,81,A
S15464,Reshma Prakash,Female,CSE,6,Operating Systems,61.1,7,25,60,92,S
S15465,Nandana Das,Female,CSE,5,Data Structures,76.3,7,23,60,90,S
S15466,Deepak Verma,Male,ECE,5,Signals & Systems,74.7,6,21,34,61,C
S15467,Suresh Arora,Male,CE,2,Geotechnical Engineering,87.2,8,15,51,74,B
S15468,Suresh Karthikeyan,Male,CSE,2,DBMS,53.1,5,25,50,80,A
S15469,Sujith Goel,Male,CSE,1,DBMS,82.5,6,18,51,75,B+
S15470,Anitha Rathore,Female,ME,1,Strength of Materials,76.0,8,30,49,87,A+
S15471,Sruthi Suresh,Female,CE,5,Surveying,75.3,8,13,43,64,C
S15472,Vignesh Solanki,Male,CE,7,Concrete Technology,65.6,8,23,53,84,A
S15473,Karthik Goel,Male,ME,3,Manufacturing Technology,100.0,7,21,39,67,C+
S15474,Anumol Chundevalel,Female,ECE,6,Signals & Systems,69.0,5,30,33,68,C+
S15475,Aparna Namboothiri,Female,CE,8,Geotechnical Engineering,88.3,6,26,54,86,A+
S15476,Vinod Choudhary,Male,CE,5,Surveying,66.3,9,25,42,76,B+
S15477,Greeshma Goel,Female,ECE,3,Digital Electronics,86.0,9,23,59,91,S
S15478,Dinesh Desai,Male,ECE,7,Microprocessors,67.9,7,17,60,84,A
S15479,Deepak Mahesh,Male,ECE,4,Signals & Systems,82.4,8,18,49,75,B+
S15480,Sreelakshmi Das,Female,CE,2,Concrete Technology,79.9,10,21,41,72,B
S15481,Nisha Rodrigues,Female,CSE,3,Data Structures,87.9,6,26,40,72,B
S15482,Priya Pradeep,Female,CSE,6,Software Engineering,64.4,8,24,33,65,C+
S15483,Meera Mishra,Female,ECE,4,Microprocessors,71.4,10,25,59,94,S
S15484,Vishnu Chandra,Male,ECE,5,Digital Electronics,93.2,10,15,31,56,D
S15485,Radhika Sankar,Female,CE,2,Concrete Technology,78.1,8,27,56,91,S
S15486,Anjali Govindan,Female,ECE,7,Communication Systems,72.5,9,15,18,42,F
S15487,Bindu Namputhiri,Female,ME,5,Fluid Mechanics,82.3,7,23,24,54,P
S15488,Anitha Thampuran,Female,CSE,3,Operating Systems,78.5,6,16,34,56,D
S15489,Reshma Sinha,Female,CSE,7,Big Data Processing,59.7,8,17,47,72,B
S15490,Suresh Prasad,Male,ME,6,Strength of Materials,80.0,8,21,33,62,C
S15491,Sreejith Sreedharan,Male,CSE,5,Data Structures,100.0,7,11,56,74,B
S15492,Anitha Vinod,Female,ME,7,Strength of Materials,63.4,7,18,39,64,C
S15493,Nikhil Chandrasekharan,Male,CE,2,Concrete Technology,73.8,8,14,45,67,C+
S15494,Athira Prakash,Female,CE,5,Transportation Engineering,90.7,7,18,21,46,F
S15495,Reshma Sethi,Female,ME,7,Fluid Mechanics,74.6,10,30,60,100,S
S15496,Ramesh Panicker,Male,ECE,6,Microprocessors,93.3,6,24,53,83,A
S15497,Renjith Narayanan,Male,ME,6,Thermodynamics,69.2,6,23,53,82,A
S15498,Jithin Arora,Male,CE,7,Structural Analysis,71.7,7,19,20,46,F
S15499,Neethu Venugopal,Female,CE,2,Concrete Technology,86.6,8,15,42,65,C+
S15500,Meera Bhardwaj,Female,ME,4,Machine Design,66.3,7,13,28,48,F
S15501,Aiswarya Naidu,Female,CE,7,Structural Analysis,66.2,6,28,60,94,S
S15502,Anjali Kurup,Female,CSE,5,Data Structures,74.8,8,11,38,57,D
S15503,Anjali Manoharan,Female,CSE,3,DBMS,75.7,10,19,36,65,C+
S15504,Jyothsna Thampuran,Female,CE,8,Transportation Engineering,93.9,5,24,50,79,B+
S15505,Rahul Bhaskaran,Male,ME,1,Fluid Mechanics,83.7,9,16,51,76,B+
S15506,Madhu Das,Male,ECE,2,Signals & Systems,48.3,7,24,40,71,B
S15507,Anu Verma,Female,CE,7,Structural Analysis,73.4,6,17,44,67,C+
S15508,Athira Shukla,Female,ME,5,Machine Design,72.3,7,14,42,63,C
S15509,Rahul Kohli,Male,ME,1,Strength of Materials,66.8,6,18,29,53,P
S15510,Ajay Vijayan,Male,ME,7,Machine Design,84.1,8,17,25,50,P
S15511,Gokul Bhardwaj,Male,CE,8,Geotechnical Engineering,55.0,8,19,53,80,A
S15512,Madhu Mohan,Male,ECE,6,Signals & Systems,94.5,6,15,54,75,B+
S15513,Deepak Panicker,Male,ECE,8,Digital Electronics,69.1,7,23,45,75,B+
S15514,Sreejith Manoharan,Male,ECE,3,Digital Electronics,82.5,8,30,41,79,B+
S15515,Naushad Basheer,Male,ECE,2,Communication Systems,57.2,6,25,60,91,S
S15516,Deepthi Manoharan,Female,CE,7,Structural Analysis,74.4,10,17,23,50,P
S15517,Vijay Vasu,Male,CE,7,Geotechnical Engineering,68.2,4,22,50,76,B+
S15518,Vijay Vijayan,Male,CSE,3,DBMS,63.4,5,21,39,65,C+
S15519,Sameera Zubair,Female,ECE,6,VLSI Design,80.1,6,22,39,67,C+
S15520,Parvathy Sasidharan,Female,ECE,4,Microprocessors,94.2,8,28,58,94,S
S15521,Sanjay Madhavan,Male,CE,2,Geotechnical Engineering,79.8,8,22,27,57,D
S15522,Sreekumar Chandrasekharan,Male,ME,4,Fluid Mechanics,65.2,10,17,49,76,B+
S15523,Nazar Marakkar,Male,CSE,3,Big Data Processing,66.1,10,14,42,66,C+
S15524,Manoj Balan,Male,ME,6,Thermodynamics,94.3,7,9,36,52,P
S15525,Sowmya Khurana,Female,CSE,2,DBMS,77.5,6,21,54,81,A
S15526,Nimisha Chandrasekharan,Female,ME,8,Manufacturing Technology,69.1,7,21,43,71,B
S15527,Nazar Karim,Male,ME,1,Strength of Materials,80.7,6,25,35,66,C+
S15528,Remya Panicker,Female,CE,2,Concrete Technology,71.6,7,14,46,67,C+
S15529,Radhika Rajan,Female,ME,5,Manufacturing Technology,67.1,4,24,58,86,A+
S15530,Haritha Narayanan,Female,CE,2,Geotechnical Engineering,100.0,7,18,45,70,B
S15531,Rincy Puthussery,Female,ECE,4,VLSI Design,66.7,6,16,58,80,A
S15532,Greeshma Govindan,Female,ECE,8,Digital Electronics,87.2,8,12,41,61,C
S15533,Reshma Balakrishnan,Female,CSE,1,Data Structures,60.3,7,23,51,81,A
S15534,Vineetha Bhardwaj,Female,CSE,1,Software Engineering,62.5,6,30,30,66,C+
S15535,Remya Suresh,Female,CSE,3,DBMS,78.0,6,28,47,81,A
S15536,Anas Rafeeq,Male,CSE,7,Operating Systems,65.9,5,26,38,69,C+
S15537,Sreejith Raghavan,Male,ME,7,Machine Design,80.3,9,26,40,75,B+
S15538,Vignesh Unni,Male,CE,3,Structural Analysis,87.8,7,25,29,61,C
S15539,Sanjay Vallikkat,Male,CE,8,Structural Analysis,90.2,7,30,47,84,A
S15540,Ajay Vasu,Male,CE,4,Transportation Engineering,97.4,5,27,49,81,A
S15541,Arjun Ashokan,Male,CE,2,Transportation Engineering,80.9,10,22,30,62,C
S15542,Sindhu Malhotra,Female,ECE,8,VLSI Design,85.9,8,14,31,53,P
S15543,Vinod Srivastava,Male,CE,5,Structural Analysis,72.2,8,17,60,85,A+
S15544,Irfan Sultan,Male,CE,5,Surveying,96.9,10,25,35,70,B
S15545,Divya Narayanan,Female,ME,3,Fluid Mechanics,86.4,7,26,27,60,C
S15546,Lincy Braganza,Female,ME,4,Strength of Materials,82.4,6,19,38,63,C
S15547,Ramesh Das,Male,CE,1,Transportation Engineering,62.8,7,29,27,63,C
S15548,Rohan Bhatt,Male,ECE,6,Communication Systems,74.2,8,22,30,60,C
S15549,Karthik Sreedharan,Male,CE,8,Geotechnical Engineering,84.4,5,19,41,65,C+
S15550,Elizabeth Chundevalel,Female,ME,5,Thermodynamics,68.2,7,21,32,60,C
S15551,Sujith Solanki,Male,ME,3,Manufacturing Technology,89.8,8,23,53,84,A
S15552,Sneha Sathyan,Female,CSE,2,Operating Systems,83.7,4,21,40,65,C+
S15553,Aswathy Das,Female,ECE,8,Microprocessors,78.8,8,20,39,67,C+
S15554,Anjali Kaimal,Female,ECE,6,Microprocessors,89.4,6,30,29,65,C+
S15555,Reshma Karthikeyan,Female,CE,5,Geotechnical Engineering,73.6,6,16,41,63,C
S15556,Anu Rao,Female,ECE,4,Microprocessors,84.9,8,17,39,64,C
S15557,Anoop Sharma,Male,ME,8,Machine Design,75.3,5,18,53,76,B+
S15558,Sreejith Sudhakaran,Male,ME,3,Fluid Mechanics,88.2,8,24,24,56,D
S15559,Parvathy Dinesh,Female,ME,2,Thermodynamics,80.3,8,21,52,81,A
S15560,Manu Warrier,Male,ME,7,Fluid Mechanics,63.8,10,19,37,66,C+
S15561,Remya Ashokan,Female,ECE,2,Signals & Systems,88.1,8,25,39,72,B
S15562,Ajay Choudhary,Male,ME,4,Thermodynamics,93.7,7,15,29,51,P
S15563,Madhu Vasu,Male,CE,7,Structural Analysis,80.2,8,30,53,91,S
S15564,Amrutha Joshi,Female,ECE,1,Communication Systems,91.4,7,17,38,62,C
S15565,Sowmya Krishnan,Female,CE,4,Concrete Technology,80.3,5,27,42,74,B
S15566,Aravind Madhavan,Male,CE,5,Surveying,83.5,7,14,20,41,F
S15567,Manu Namputhiri,Male,CE,2,Transportation Engineering,83.6,7,23,45,75,B+
S15568,Amrutha Goel,Female,CE,3,Concrete Technology,85.6,10,25,40,75,B+
S15569,Anas Sheikh,Male,ME,3,Machine Design,76.5,6,22,60,88,A+
S15570,Vivek Mishra,Male,ME,6,Manufacturing Technology,83.1,8,20,46,74,B
S15571,Athulya Bhalla,Female,CSE,8,DBMS,85.6,5,17,28,50,P
S15572,Kevin Panjikaran,Male,CSE,3,Computer Networks,76.6,8,23,49,80,A
S15573,Sreelakshmi Rao,Female,CSE,2,Software Engineering,62.3,10,30,21,61,C
S15574,Anand Prasad,Male,CE,8,Concrete Technology,61.7,5,28,24,57,D
S15575,Sneha Suresh,Female,CE,8,Transportation Engineering,87.3,6,21,36,63,C
S15576,Nithya Govindan,Female,CE,1,Transportation Engineering,83.3,7,28,37,72,B
S15577,Nandana Vasudevan,Female,CE,1,Geotechnical Engineering,80.5,8,16,34,58,D
S15578,Vivek Unnithan,Male,CSE,7,Operating Systems,60.1,8,21,45,74,B
S15579,Adithya Reddy,Male,ECE,3,Signals & Systems,75.4,6,17,45,68,C+
S15580,Shefeek Bava,Male,CE,7,Structural Analysis,74.7,6,19,29,54,P
S15581,Aiswarya Anandan,Female,CSE,2,Big Data Processing,90.4,9,26,34,69,C+
S15582,Karthik Gopalan,Male,CSE,2,Operating Systems,95.2,9,25,52,86,A+
S15583,Sudheesh Bhatt,Male,CE,6,Structural Analysis,82.2,7,26,36,69,C+
S15584,Ajay Sudhakaran,Male,CSE,6,DBMS,88.8,8,18,45,71,B
S15585,Manoj Gopinathan,Male,ECE,2,Digital Electronics,67.5,6,19,37,62,C
S15586,Deepak Gopalan,Male,ME,8,Machine Design,75.4,7,20,37,64,C
S15587,Manu Chauhan,Male,ECE,8,VLSI Design,75.7,10,24,20,54,P
S15588,Aswathy Rathore,Female,ECE,6,Signals & Systems,73.9,6,30,39,75,B+
S15589,Haritha Iyer,Female,ECE,3,Signals & Systems,73.8,8,23,49,80,A
S15590,Meera Krishnan,Female,ME,8,Fluid Mechanics,80.5,6,30,24,60,C
S15591,Anas Thangal,Male,CSE,1,Data Structures,86.2,10,28,30,68,C+
S15592,Athira Agrawal,Female,CE,7,Structural Analysis,82.6,10,17,48,75,B+
S15593,Anand Raj,Male,ME,6,Machine Design,75.4,5,28,44,77,B+
S15594,Rajesh Balakrishnan,Male,ME,2,Machine Design,97.4,8,19,46,73,B
S15595,Rafeeqa Rafique,Female,ECE,1,Microprocessors,95.5,8,14,26,48,F
S15596,Anjali Sankar,Female,ECE,8,Signals & Systems,73.9,10,15,42,67,C+
S15597,Rahul Nambiar,Male,ME,6,Manufacturing Technology,82.8,7,29,54,90,S
S15598,Divya Gopalan,Female,ME,1,Manufacturing Technology,70.6,6,21,42,69,C+
S15599,Unnikrishnan Vinod,Male,ME,5,Thermodynamics,72.7,9,30,52,91,S
S15600,Vijay Kumar,Male,CSE,8,Data Structures,76.9,7,24,57,88,A+
S15601,Nimisha Shukla,Female,ME,3,Manufacturing Technology,82.7,8,25,38,71,B
S15602,Arjun Malhotra,Male,ME,4,Thermodynamics,92.6,5,27,30,62,C
S15603,Sreekumar Pandey,Male,CE,8,Surveying,77.9,8,14,42,64,C
S15604,Sruthi Namputhiri,Female,ECE,6,VLSI Design,92.4,8,29,40,77,B+
S15605,Soumya Bhattathiri,Female,CE,6,Concrete Technology,74.6,8,15,45,68,C+
S15606,Anoop Das,Male,CSE,6,Data Structures,79.2,7,19,42,68,C+
S15607,Sujith Kurup,Male,CSE,6,Software Engineering,90.5,5,22,40,67,C+
S15608,Vijay Iyer,Male,CE,2,Geotechnical Engineering,95.6,6,21,52,79,B+
S15609,Swathi Gopalan,Female,ME,1,Manufacturing Technology,95.1,4,15,39,58,D
S15610,Greeshma Namputhiri,Female,CE,2,Structural Analysis,73.9,5,29,41,75,B+
S15611,Sruthi Dinesh,Female,ECE,1,Digital Electronics,57.6,4,22,39,65,C+
S15612,Anagha Patel,Female,CE,5,Transportation Engineering,97.4,7,25,39,71,B
S15613,Shilpa Krishnan,Female,ECE,6,VLSI Design,75.0,6,25,47,78,B+
S15614,Unnikrishnan Thampuran,Male,CSE,1,Data Structures,93.7,6,19,34,59,D
S15615,Pradeep Arora,Male,CSE,3,Computer Networks,77.4,6,7,40,53,P
S15616,Swathi Unnithan,Female,CSE,1,Data Structures,76.1,7,21,32,60,C
S15617,Nazar Malik,Male,CE,5,Geotechnical Engineering,91.0,8,14,35,57,D
S15618,Nikhil Gupta,Male,CE,2,Surveying,81.5,6,30,55,91,S
S15619,Aravind Sankar,Male,ME,3,Fluid Mechanics,74.4,7,28,32,67,C+
S15620,Haritha Kaimal,Female,CE,7,Surveying,87.1,8,16,45,69,C+
S15621,Binoy Samuel,Male,ME,4,Machine Design,78.9,8,21,58,87,A+
S15622,Remya Mohan,Female,ME,8,Machine Design,100.0,10,26,60,96,S
S15623,Radhika Poduval,Female,ECE,5,VLSI Design,60.2,8,30,35,73,B
S15624,Arjun Kapoor,Male,ME,3,Thermodynamics,100.0,8,14,60,82,A
S15625,Bijesh Dsouza,Male,ME,2,Machine Design,83.4,6,19,60,85,A+
S15626,Sudheesh Kumar,Male,CE,7,Transportation Engineering,75.3,8,29,56,93,S
S15627,Remya Raghavan,Female,CSE,2,Operating Systems,90.3,6,29,30,65,C+
S15628,Naila Pathan,Female,CSE,1,DBMS,74.0,7,24,41,72,B
S15629,Balachandran Verma,Male,ECE,4,VLSI Design,97.7,7,23,53,83,A
S15630,Nasreen Karim,Female,ME,5,Machine Design,80.1,8,25,45,78,B+
S15631,Justin Idiculla,Male,CSE,5,Big Data Processing,81.5,7,29,39,75,B+
S15632,Ramesh Raman,Male,CSE,5,Software Engineering,92.1,10,19,55,84,A
S15633,Manu Ramesh,Male,CSE,6,Data Structures,58.0,7,29,60,96,S
S15634,Meera Rajan,Female,ME,2,Fluid Mechanics,68.3,10,22,30,62,C
S15635,Soumya Dinesh,Female,ME,8,Strength of Materials,85.4,8,12,49,69,C+
S15636,Rohan Dinesh,Male,CE,1,Geotechnical Engineering,61.0,7,16,60,83,A
S15637,Nikhil Chandra,Male,ME,4,Thermodynamics,91.9,8,19,51,78,B+
S15638,Deepthi Kurup,Female,ME,5,Machine Design,49.4,4,30,40,74,B
S15639,Anjali Tiwari,Female,ECE,8,Communication Systems,94.1,5,19,55,79,B+
S15640,Jyothsna Sethi,Female,ME,2,Machine Design,79.8,3,20,39,62,C
S15641,Nizam Kabir,Male,ME,5,Fluid Mechanics,77.1,8,15,42,65,C+
S15642,Vinod Rajagopal,Male,CSE,5,Computer Networks,78.6,9,29,36,74,B
S15643,Nandakumar Bhardwaj,Male,ME,1,Machine Design,93.1,7,13,31,51,P
S15644,Swathi Srivastava,Female,CSE,4,Data Structures,48.0,6,14,24,44,F
S15645,Sindhu Chandrasekharan,Female,ECE,6,Communication Systems,67.8,6,27,44,77,B+
S15646,Biju Agrawal,Male,ME,1,Machine Design,62.7,10,21,60,91,S
S15647,Nimisha Kaimal,Female,CE,7,Surveying,89.7,9,22,45,76,B+
S15648,Bindu Sharma,Female,CSE,7,Software Engineering,83.6,7,24,58,89,A+
S15649,Vineetha Menon,Female,CE,6,Concrete Technology,71.1,9,27,46,82,A
S15650,Anand Sharma,Male,CSE,3,Computer Networks,82.3,6,16,58,80,A
S15651,Neethu Solanki,Female,CSE,5,Computer Networks,78.6,7,25,42,74,B
S15652,Aswathy Balakrishnan,Female,ME,2,Fluid Mechanics,64.3,5,13,40,58,D
S15653,Adithya Sreekumar,Male,CSE,4,DBMS,89.4,7,19,54,80,A
S15654,Deepak Thampuran,Male,ME,6,Manufacturing Technology,88.5,8,16,60,84,A
S15655,Rohan Prasad,Male,CE,5,Geotechnical Engineering,75.0,7,30,40,77,B+
S15656,Naveen Marar,Male,ECE,2,VLSI Design,85.6,8,22,60,90,S
S15657,Sinan Thangal,Male,ECE,1,Signals & Systems,72.8,6,24,51,81,A
S15658,Sujith Bhalla,Male,CSE,2,Data Structures,75.5,6,20,55,81,A
S15659,Pradeep Sivan,Male,CSE,4,Computer Networks,58.6,4,23,23,50,P
S15660,Divya Kapoor,Female,ME,3,Thermodynamics,59.7,9,28,46,83,A
S15661,Anjali Kunjunni,Female,ECE,1,Communication Systems,70.5,6,29,49,84,A
S15662,Suresh Dinesh,Male,CSE,7,Software Engineering,54.1,5,24,36,65,C+
S15663,Deepthi Sethi,Female,CE,8,Geotechnical Engineering,96.6,8,24,29,61,C
S15664,Elizabeth Thomas,Female,CSE,8,Operating Systems,52.5,8,26,34,68,C+
S15665,Swathi Rathore,Female,CE,5,Concrete Technology,79.0,10,30,38,78,B+
S15666,Naushad Malik,Male,ECE,5,Communication Systems,65.0,10,26,31,67,C+
S15667,Pradeep Vijayan,Male,CSE,4,Data Structures,92.2,6,23,59,88,A+
S15668,Dinesh Bhardwaj,Male,ECE,2,Communication Systems,92.7,9,18,32,59,D
S15669,Prasanth Achari,Male,ME,7,Manufacturing Technology,96.8,4,24,49,77,B+
S15670,Shilpa Raman,Female,CE,4,Surveying,76.9,6,16,56,78,B+
S15671,Deepak Kunjunni,Male,CSE,5,Data Structures,72.1,10,23,60,93,S
S15672,Gayathri Rajan,Female,ECE,2,Digital Electronics,85.4,5,17,31,53,P
S15673,Ashraf Wahab,Male,ME,3,Thermodynamics,90.2,6,22,42,70,B
S15674,Sneha Namboothiri,Female,CE,7,Geotechnical Engineering,72.5,10,23,49,82,A
S15675,Biju Kohli,Male,ECE,2,Digital Electronics,58.5,7,27,51,85,A+
S15676,Aparna Patel,Female,CE,8,Structural Analysis,78.1,6,25,52,83,A
S15677,Gayathri Unnithan,Female,CE,7,Structural Analysis,97.7,7,22,60,89,A+
S15678,Rahul Gupta,Male,CSE,5,Data Structures,81.9,6,24,36,66,C+
S15679,Resmi Bansal,Female,CE,6,Transportation Engineering,71.8,7,13,38,58,D
S15680,Sreekumar Kapoor,Male,CE,3,Transportation Engineering,75.0,10,18,56,84,A
S15681,Deepthi Kutty,Female,CE,4,Transportation Engineering,83.9,7,27,20,54,P
S15682,Athira Karthikeyan,Female,CE,1,Structural Analysis,86.1,8,30,48,86,A+
S15683,Akhil Bakshi,Male,CSE,7,Software Engineering,86.5,6,22,55,83,A
S15684,Nikhil Bhalla,Male,CE,4,Geotechnical Engineering,79.8,5,26,45,76,B+
S15685,Anumol Almeida,Female,ME,3,Strength of Materials,78.3,9,22,42,73,B
S15686,Reshma Padmanabhan,Female,CE,5,Structural Analysis,84.8,8,29,27,64,C
S15687,Vivek Varma,Male,ECE,6,VLSI Design,61.8,6,18,51,75,B+
S15688,Dinesh Rajendran,Male,ECE,2,Microprocessors,75.2,4,17,38,59,D
S15689,Vineetha Chandran,Female,CSE,5,Software Engineering,100.0,5,10,49,64,C
S15690,Sarath Narayanan,Male,ECE,2,Communication Systems,79.9,6,20,51,77,B+
S15691,Jithin Suresh,Male,CE,4,Structural Analysis,61.1,7,19,18,44,F
S15692,Sowmya Vinod,Female,CSE,7,DBMS,82.6,7,18,51,76,B+
S15693,Rajesh Kutty,Male,ECE,7,VLSI Design,79.2,7,22,56,85,A+
S15694,Rajesh Bhattathiri,Male,ECE,6,VLSI Design,59.5,7,27,52,86,A+
S15695,Parvathy Kumar,Female,CE,3,Surveying,59.6,7,17,56,80,A
S15696,Arjun Marar,Male,CSE,3,Computer Networks,97.8,7,11,38,56,D
S15697,Divya Marar,Female,ECE,1,Signals & Systems,74.8,10,22,46,78,B+
S15698,Ramesh Bakshi,Male,CSE,8,Data Structures,68.3,9,23,48,80,A
S15699,Nandana Agarwal,Female,CSE,3,DBMS,87.9,4,17,44,65,C+
S15700,Prasanth Chandra,Male,ME,3,Machine Design,89.7,5,26,53,84,A
S15701,Shilpa Suresh,Female,CE,4,Structural Analysis,86.6,6,18,31,55,D
S15702,Soumya Trivedi,Female,ME,1,Thermodynamics,75.4,5,15,45,65,C+
S15703,Sreekumar Thampi,Male,ME,5,Thermodynamics,100.0,9,19,41,69,C+
S15704,Sujith Bhardwaj,Male,ECE,2,Communication Systems,79.9,6,16,34,56,D
S15705,Madhu Agrawal,Male,ME,3,Strength of Materials,90.6,9,18,38,65,C+
S15706,Faisal Sheikh,Male,CE,1,Surveying,96.1,7,11,48,66,C+
S15707,Anoop Unnithan,Male,CSE,5,Big Data Processing,73.6,7,19,59,85,A+
S15708,Devika Kurup,Female,CSE,8,Computer Networks,98.9,3,15,51,69,C+
S15709,Sanjay Pillai,Male,CE,7,Concrete Technology,71.7,7,15,30,52,P
S15710,Akhil Vinod,Male,ECE,8,Signals & Systems,75.6,5,23,60,88,A+
S15711,Remya Nambiar,Female,ME,4,Strength of Materials,61.4,10,18,42,70,B
S15712,Aravind Vasu,Male,CE,6,Structural Analysis,86.6,7,21,41,69,C+
S15713,Resmi Patel,Female,CE,2,Structural Analysis,68.4,10,23,41,74,B
S15714,Athira Achari,Female,ME,2,Manufacturing Technology,89.3,3,24,56,83,A
S15715,Sruthi Kumar,Female,CE,5,Concrete Technology,73.9,6,18,60,84,A
S15716,Vidya Krishnan,Female,CE,3,Structural Analysis,85.5,7,21,51,79,B+
S15717,Anjali Solanki,Female,ECE,8,Digital Electronics,74.8,7,27,49,83,A
S15718,Shamna Sultan,Female,CSE,7,Operating Systems,86.2,4,17,48,69,C+
S15719,Vivek Trivedi,Male,CSE,6,Data Structures,97.2,8,19,37,64,C
S15720,Amrutha Yadav,Female,CE,3,Structural Analysis,86.3,7,16,60,83,A
S15721,Sneha Sudhakaran,Female,ME,7,Machine Design,78.5,6,15,57,78,B+
S15722,Balachandran Pillai,Male,ECE,2,VLSI Design,85.0,9,22,48,79,B+
S15723,Ajay Thampuran,Male,ME,3,Thermodynamics,69.5,7,23,36,66,C+
S15724,Nandakumar Kutty,Male,ME,6,Manufacturing Technology,97.7,7,30,40,77,B+
S15725,Nikhil Sethi,Male,CSE,5,Software Engineering,89.7,5,21,60,86,A+
S15726,Nazia Anwar,Female,ME,7,Strength of Materials,85.4,9,24,55,88,A+
S15727,Anagha Kutty,Female,CE,7,Concrete Technology,91.6,7,21,54,82,A
S15728,Lincy Ninan,Female,ECE,5,VLSI Design,90.2,6,16,52,74,B
S15729,Rahul Thampi,Male,CE,7,Structural Analysis,77.7,7,30,41,78,B+
S15730,Deepak Ashokan,Male,CE,5,Transportation Engineering,71.9,6,29,51,86,A+
S15731,Anjali Pisharody,Female,ECE,7,Signals & Systems,81.7,8,21,29,58,D
S15732,Anand Pisharody,Male,CE,1,Concrete Technology,69.7,8,22,42,72,B
S15733,Sreejith Desai,Male,CE,4,Structural Analysis,64.6,7,20,45,72,B
S15734,Vijay Venugopal,Male,CSE,7,Operating Systems,47.7,3,22,47,72,B
S15735,Divya Rathore,Female,ME,7,Machine Design,81.0,7,14,60,81,A
S15736,Nasreen Ismail,Female,CSE,8,Software Engineering,66.8,6,21,38,65,C+
S15737,Aravind Neelakandan,Male,CE,8,Transportation Engineering,56.2,7,17,60,84,A
S15738,Gokul Pandey,Male,CE,2,Structural Analysis,77.0,6,20,47,73,B
S15739,Adithya Bhaskaran,Male,ECE,4,Communication Systems,79.6,10,26,60,96,S
S15740,Manu Krishnan,Male,ME,3,Thermodynamics,84.7,9,23,56,88,A+
S15741,Bindu Chauhan,Female,ECE,2,Communication Systems,63.8,7,16,45,68,C+
S15742,Nimisha Ramakrishnan,Female,CE,1,Surveying,66.1,7,21,44,72,B
S15743,Radhika Bhardwaj,Female,ME,5,Manufacturing Technology,86.2,9,15,39,63,C
S15744,Lakshmi Gupta,Female,ME,8,Manufacturing Technology,82.0,5,26,54,85,A+
S15745,Athira Naidu,Female,ME,8,Fluid Mechanics,88.8,6,21,37,64,C
S15746,Anoop Radhakrishnan,Male,ME,4,Fluid Mechanics,65.8,7,22,44,73,B
S15747,Sindhu Manoharan,Female,ME,3,Fluid Mechanics,68.8,10,25,33,68,C+
S15748,Biju Iyer,Male,ME,8,Manufacturing Technology,80.6,7,24,30,61,C
S15749,Pradeep Kaimal,Male,CE,6,Geotechnical Engineering,82.7,5,12,46,63,C
S15750,Lakshmi Kartha,Female,CE,2,Surveying,77.3,7,30,30,67,C+
S15751,Shamna Sheikh,Female,CSE,4,Data Structures,88.3,9,24,46,79,B+
S15752,Rukhsar Hakkim,Female,CSE,8,Operating Systems,62.0,9,22,39,70,B
S15753,Vishnu Choudhary,Male,ECE,4,Communication Systems,88.1,8,19,46,73,B
S15754,Vineetha Vasu,Female,ECE,4,Communication Systems,86.5,10,13,58,81,A
S15755,Aiswarya Solanki,Female,CE,5,Surveying,69.0,3,21,57,81,A
S15756,Adithya Thampi,Male,CE,5,Transportation Engineering,80.6,6,20,52,78,B+
S15757,Biju Kumar,Male,CSE,6,Computer Networks,68.8,9,20,35,64,C
S15758,Parvathy Thampi,Female,CE,2,Transportation Engineering,74.6,9,30,58,97,S
S15759,Aparna Menon,Female,ME,8,Fluid Mechanics,69.6,7,20,51,78,B+
S15760,Unnikrishnan Ashokan,Male,ME,5,Manufacturing Technology,70.8,6,9,42,57,D
S15761,Shilpa Balan,Female,ME,7,Thermodynamics,73.4,7,24,51,82,A
S15762,Aravind Dubey,Male,ECE,7,Microprocessors,86.1,10,23,32,65,C+
S15763,Manoj Rao,Male,CSE,8,Software Engineering,83.2,7,23,55,85,A+
S15764,Madhu Neelakandan,Male,CE,4,Surveying,52.8,8,27,54,89,A+
S15765,Neethu Madhavan,Female,CSE,2,Computer Networks,72.5,9,18,42,69,C+
S15766,Athulya Bhaskaran,Female,ME,2,Thermodynamics,70.5,8,22,56,86,A+
S15767,Gayathri Achari,Female,ME,1,Thermodynamics,60.7,7,27,58,92,S
S15768,Prasanth Kutty,Male,ECE,3,Microprocessors,69.3,10,15,45,70,B
S15769,Resmi Verma,Female,ME,4,Thermodynamics,77.4,9,4,45,58,D
S15770,Rafeeqa Sultan,Female,CSE,6,Computer Networks,79.5,6,20,46,72,B
S15771,Devika Karthikeyan,Female,CE,7,Concrete Technology,93.6,10,20,37,67,C+
S15772,Anitha Chandrasekharan,Female,ECE,1,VLSI Design,86.3,7,12,57,76,B+
S15773,Sreejith Sasidharan,Male,ME,3,Manufacturing Technology,87.5,8,17,37,62,C
S15774,Manoj Rajan,Male,CE,6,Concrete Technology,85.6,5,17,55,77,B+
S15775,Gokul Varma,Male,CSE,8,Computer Networks,55.7,4,28,47,79,B+
S15776,Reshma Gopinathan,Female,CSE,1,Operating Systems,84.2,9,22,49,80,A
S15777,Sujith Neelakandan,Male,ECE,2,Digital Electronics,81.6,6,24,42,72,B
S15778,Haritha Bakshi,Female,ECE,5,Communication Systems,75.7,9,30,31,70,B
S15779,Radhika Narayanan,Female,ECE,1,Microprocessors,70.8,9,13,48,70,B
S15780,Sindhu Mishra,Female,ECE,8,Signals & Systems,62.4,6,20,46,72,B
S15781,Adithya Bakshi,Male,CE,7,Surveying,100.0,8,24,30,62,C
S15782,Rohan Choudhary,Male,ME,6,Fluid Mechanics,68.9,7,24,51,82,A
S15783,Deepak Sethi,Male,CE,3,Geotechnical Engineering,82.7,10,14,44,68,C+
S15784,Prasanth Namboothiri,Male,CE,2,Surveying,74.1,7,19,60,86,A+
S15785,Karthik Bhaskaran,Male,CE,3,Concrete Technology,75.7,8,25,53,86,A+
S15786,Sreekumar Balakrishnan,Male,ME,6,Fluid Mechanics,71.6,6,18,60,84,A
S15787,Arjun Chandra,Male,CSE,8,Software Engineering,62.8,8,16,51,75,B+
S15788,Swathi Chowdhury,Female,ECE,6,Microprocessors,87.5,4,25,53,82,A
S15789,Vidya Sharma,Female,ME,5,Fluid Mechanics,60.2,10,23,45,78,B+
S15790,Sujith Unni,Male,CSE,2,Big Data Processing,73.6,8,14,48,70,B
S15791,Dinesh Rao,Male,CE,1,Structural Analysis,96.7,8,22,44,74,B
S15792,Soumya Naidu,Female,ME,8,Machine Design,68.1,8,26,37,71,B
S15793,Sindhu Joshi,Female,CSE,6,DBMS,92.4,7,19,40,66,C+
S15794,Sindhu Menon,Female,ME,7,Fluid Mechanics,80.0,6,18,56,80,A
S15795,Sruthi Vasu,Female,ECE,2,Signals & Systems,95.4,10,30,32,72,B
S15796,Balachandran Rajagopal,Male,ME,6,Thermodynamics,69.4,7,26,40,73,B
S15797,Reshma Naidu,Female,ECE,5,Communication Systems,60.0,8,30,23,61,C
S15798,Vidya Venugopal,Female,ECE,6,Signals & Systems,92.4,8,17,26,51,P
S15799,Neethu Agarwal,Female,CE,6,Geotechnical Engineering,88.6,10,20,30,60,C
S15800,Dinesh Iyer,Male,ME,1,Thermodynamics,57.9,7,18,48,73,B
S15801,Nasreen Basheer,Female,ECE,3,Microprocessors,67.7,5,23,46,74,B
S15802,Nithya Rajagopal,Female,ECE,8,Microprocessors,85.0,9,25,60,94,S
S15803,Arjun Krishnan,Male,ECE,8,Microprocessors,94.7,8,24,44,76,B+
S15804,Prasanth Manoharan,Male,ECE,5,Signals & Systems,87.2,7,17,48,72,B
S15805,Vinod Bhatt,Male,ME,6,Machine Design,95.4,10,22,59,91,S
S15806,Sreejith Kurup,Male,ECE,7,Communication Systems,57.4,6,25,46,77,B+
S15807,Anu Chauhan,Female,ECE,2,Signals & Systems,67.7,8,30,39,77,B+
S15808,Athulya Rajendran,Female,CSE,5,Software Engineering,85.7,6,30,60,96,S
S15809,Haritha Chowdhury,Female,CSE,7,Big Data Processing,90.0,10,30,43,83,A
S15810,Biju Rajendran,Male,CSE,8,Data Structures,70.0,7,24,53,84,A
S15811,Ashraf Rahman,Male,CSE,2,DBMS,74.8,7,17,44,68,C+
S15812,Soumya Venugopal,Female,ME,1,Machine Design,77.3,7,20,34,61,C
S15813,Akhil Kaimal,Male,CSE,8,Data Structures,88.9,9,13,49,71,B
S15814,Sreekumar Arora,Male,CE,4,Concrete Technology,80.6,10,30,46,86,A+
S15815,Vinod Naidu,Male,ECE,3,VLSI Design,64.3,7,30,34,71,B
S15816,Athira Sethi,Female,CE,4,Structural Analysis,59.9,9,19,26,54,P
S15817,Manoj Chandrasekharan,Male,ME,3,Fluid Mechanics,88.7,7,25,32,64,C
S15818,Reshma Poduval,Female,ECE,1,Communication Systems,80.9,7,25,29,61,C
S15819,Jyothsna Bakshi,Female,CSE,8,Computer Networks,82.8,7,19,46,72,B
S15820,Anagha Bhaskaran,Female,ECE,2,Signals & Systems,66.9,6,24,38,68,C+
S15821,Devika Chandrasekharan,Female,CE,7,Surveying,89.7,7,17,57,81,A
S15822,Gayathri Rajagopal,Female,ME,4,Thermodynamics,83.3,5,24,41,70,B
S15823,Devika Joshi,Female,ME,2,Fluid Mechanics,87.2,7,24,60,91,S
S15824,Renjith Sinha,Male,ECE,1,Signals & Systems,71.0,6,18,46,70,B
S15825,Priya Kaimal,Female,ECE,7,Digital Electronics,81.2,5,16,20,41,F
S15826,Shamna Jabbar,Female,CSE,5,DBMS,92.4,5,27,53,85,A+
S15827,Rahul Verma,Male,CSE,2,Big Data Processing,71.4,8,25,48,81,A
S15828,Unnikrishnan Kapoor,Male,ME,1,Machine Design,77.1,7,23,42,72,B
S15829,Parvathy Madhavan,Female,ME,4,Thermodynamics,76.3,4,24,53,81,A
S15830,Sarath Sinha,Male,CSE,6,Software Engineering,94.5,7,23,38,68,C+
S15831,Jibin Karippacheril,Male,ME,6,Fluid Mechanics,63.4,9,25,42,76,B+
S15832,Rajesh Sathyan,Male,CSE,5,Computer Networks,72.2,9,25,55,89,A+
S15833,Suhail Ali,Male,CSE,4,DBMS,85.7,7,27,34,68,C+
S15834,Unnikrishnan Kumar,Male,ECE,8,Communication Systems,79.9,3,18,48,69,C+
S15835,Nimisha Poduval,Female,ECE,1,Digital Electronics,71.7,7,23,46,76,B+
S15836,Adithya Prasad,Male,CSE,1,Data Structures,85.4,6,14,33,53,P
S15837,Vishnu Rajendran,Male,CSE,4,Operating Systems,63.6,7,16,37,60,C
S15838,Nimisha Ramesh,Female,CSE,3,Operating Systems,72.5,8,30,40,78,B+
S15839,Manoj Iyer,Male,ME,3,Thermodynamics,67.4,8,26,42,76,B+
S15840,Prasanth Venugopal,Male,CSE,6,DBMS,61.6,6,25,60,91,S
S15841,Dinesh Venugopal,Male,CE,6,Transportation Engineering,71.2,8,30,26,64,C
S15842,Sarath Mahesh,Male,CSE,3,Software Engineering,71.7,6,13,54,73,B
S15843,Nandana Vinod,Female,CSE,8,Operating Systems,84.2,8,22,50,80,A
S15844,Soumya Varma,Female,CE,1,Transportation Engineering,53.3,9,24,34,67,C+
S15845,Athira Radhakrishnan,Female,CSE,5,Computer Networks,65.8,6,22,41,69,C+
S15846,Deepak Vasudevan,Male,CSE,3,Software Engineering,52.3,8,14,25,47,F
S15847,Aparna Nair,Female,CE,4,Transportation Engineering,82.2,7,18,41,66,C+
S15848,Rohan Prakash,Male,ME,5,Strength of Materials,59.5,9,12,58,79,B+
S15849,Rohan Kutty,Male,ME,1,Fluid Mechanics,64.9,6,16,54,76,B+
S15850,Reeba Maliyakal,Female,ECE,7,VLSI Design,80.1,6,23,58,87,A+
S15851,Resmi Chandrasekharan,Female,CSE,3,Data Structures,92.5,6,19,42,67,C+
S15852,Lakshmi Raman,Female,CE,1,Geotechnical Engineering,72.6,6,15,44,65,C+
S15853,Sneha Sasidharan,Female,CE,3,Surveying,70.4,10,11,40,61,C
S15854,Nithya Ramakrishnan,Female,CSE,8,Computer Networks,80.0,7,22,53,82,A
S15855,Anjali Vallikkat,Female,CSE,4,Operating Systems,93.2,9,18,60,87,A+
S15856,Aswathy Bhardwaj,Female,ECE,2,Microprocessors,84.9,8,18,46,72,B
S15857,Athulya Rao,Female,CSE,7,Big Data Processing,81.9,10,22,44,76,B+
S15858,Sudheesh Kartha,Male,CE,7,Transportation Engineering,47.1,7,19,42,68,C+
S15859,Priya Vallikkat,Female,CSE,5,Computer Networks,77.2,8,21,32,61,C
S15860,Divya Goel,Female,ME,1,Thermodynamics,100.0,10,30,53,93,S
S15861,Neethu Bhatt,Female,CE,7,Surveying,80.9,7,18,25,50,P
S15862,Vishnu Thampi,Male,ME,6,Fluid Mechanics,73.8,6,24,48,78,B+
S15863,Lakshmi Sathyan,Female,ME,2,Strength of Materials,80.4,7,24,55,86,A+
S15864,Madhu Bhatt,Male,CE,5,Surveying,79.8,8,16,57,81,A
S15865,Greeshma Dubey,Female,ME,1,Manufacturing Technology,71.8,8,11,56,75,B+
S15866,Vidya Chandran,Female,ECE,5,Signals & Systems,76.4,7,30,31,68,C+
S15867,Nikhil Kapoor,Male,CSE,5,Big Data Processing,73.6,7,15,46,68,C+
S15868,Ramesh Padmanabhan,Male,CSE,1,Software Engineering,62.3,8,16,33,57,D
S15869,Swathi Neelakandan,Female,CSE,2,Software Engineering,100.0,10,29,60,99,S
S15870,Biju Sethi,Male,ME,3,Manufacturing Technology,94.5,8,25,60,93,S
S15871,Sreelakshmi Rajagopal,Female,ME,6,Machine Design,61.6,8,24,33,65,C+
S15872,Manu Sinha,Male,ECE,3,Signals & Systems,73.2,4,26,45,75,B+
S15873,Divya Sudhakaran,Female,CE,1,Surveying,89.9,7,22,34,63,C
S15874,Rajesh Shukla,Male,CE,4,Surveying,72.7,9,16,40,65,C+
S15875,Anish Chacko,Male,CE,6,Concrete Technology,63.8,5,26,29,60,C
S15876,Anas Basha,Male,CE,2,Structural Analysis,96.0,8,21,60,89,A+
S15877,Adithya Saxena,Male,ME,7,Manufacturing Technology,50.7,8,17,42,67,C+
S15878,Rafeeqa Mansoor,Female,ECE,8,Signals & Systems,80.6,5,18,43,66,C+
S15879,Gayathri Kumar,Female,ECE,2,Microprocessors,79.2,6,20,53,79,B+
S15880,Shilpa Sasidharan,Female,CE,5,Transportation Engineering,77.5,5,25,28,58,D
S15881,Tom Puthenpurackal,Male,ME,2,Manufacturing Technology,85.8,8,21,42,71,B
S15882,Nikhil Anandan,Male,ECE,6,Signals & Systems,68.4,9,27,52,88,A+
S15883,Ramesh Rajagopal,Male,CE,4,Geotechnical Engineering,64.8,7,24,57,88,A+
S15884,Vignesh Sreekumar,Male,ECE,3,Communication Systems,62.5,8,6,48,62,C
S15885,Nandana Thampuran,Female,ME,5,Thermodynamics,74.1,5,15,42,62,C
S15886,Biju Das,Male,CE,3,Transportation Engineering,77.5,3,29,43,75,B+
S15887,Anjali Anandan,Female,ECE,8,Communication Systems,77.2,10,30,31,71,B
S15888,Ajay Mahesh,Male,CE,1,Concrete Technology,82.2,5,22,60,87,A+
S15889,Vivek Prakash,Male,CSE,7,Operating Systems,79.1,7,13,60,80,A
S15890,Gokul Thampuran,Male,ME,7,Thermodynamics,86.5,9,25,46,80,A
S15891,Devika Suresh,Female,CE,3,Structural Analysis,86.9,7,12,41,60,C
S15892,Sreekumar Bhattathiri,Male,CE,1,Transportation Engineering,69.3,7,24,39,70,B
S15893,Ajay Sinha,Male,ME,1,Manufacturing Technology,74.9,10,21,41,72,B
S15894,Shilpa Sreedharan,Female,CE,7,Geotechnical Engineering,100.0,3,17,60,80,A
S15895,Adithya Solanki,Male,CE,3,Structural Analysis,82.1,7,29,50,86,A+
S15896,Lakshmi Sharma,Female,CSE,6,Computer Networks,81.0,9,24,57,90,S
S15897,Nandakumar Desai,Male,ECE,5,Digital Electronics,80.1,8,30,42,80,A
S15898,Vijay Jayan,Male,ME,1,Strength of Materials,74.8,5,30,25,60,C
S15899,Neethu Vasudevan,Female,ME,4,Fluid Mechanics,90.2,8,24,55,87,A+
S15900,Biju Pandey,Male,CE,8,Geotechnical Engineering,72.0,8,30,46,84,A
S15901,Imran Sha,Male,CE,1,Transportation Engineering,58.4,7,27,22,56,D
S15902,Rafeeqa Rafeeq,Female,ME,1,Strength of Materials,92.3,8,21,57,86,A+
S15903,Nisha Pereira,Female,ECE,3,Signals & Systems,90.2,5,14,27,46,F
S15904,Anu Goel,Female,ECE,8,Digital Electronics,94.1,9,11,48,68,C+
S15905,Gokul Gopinathan,Male,ME,8,Strength of Materials,81.4,8,21,39,68,C+
S15906,Swathi Malhotra,Female,CE,2,Transportation Engineering,59.5,6,30,21,57,D
S15907,Sreelakshmi Namputhiri,Female,ME,5,Strength of Materials,87.5,9,24,29,62,C
S15908,Parvathy Prasad,Female,ME,2,Thermodynamics,77.9,8,23,59,90,S
S15909,Sarath Chandra,Male,CSE,1,Big Data Processing,75.6,5,24,26,55,D
S15910,Bindu Varma,Female,ME,7,Thermodynamics,71.0,6,30,58,94,S
S15911,Renjith Balan,Male,ECE,3,VLSI Design,88.0,9,22,42,73,B
S15912,Devika Namputhiri,Female,CSE,7,Software Engineering,82.9,9,23,29,61,C
S15913,Athulya Chauhan,Female,CSE,6,Big Data Processing,58.6,4,15,60,79,B+
S15914,Anitha Neelakandan,Female,CSE,4,DBMS,63.0,6,20,47,73,B
S15915,Rahul Dubey,Male,CSE,2,DBMS,65.1,7,24,53,84,A
S15916,Swathi Anilkumar,Female,ME,2,Strength of Materials,74.8,5,27,39,71,B
S15917,Athulya Govindan,Female,ME,5,Manufacturing Technology,71.2,4,26,55,85,A+
S15918,Sreejith Joshi,Male,CE,4,Geotechnical Engineering,70.6,7,24,47,78,B+
S15919,Vishnu Goel,Male,ME,4,Manufacturing Technology,100.0,6,26,56,88,A+
S15920,Suresh Panicker,Male,CE,3,Structural Analysis,84.8,9,15,55,79,B+
S15921,Gayathri Gopalan,Female,CE,2,Geotechnical Engineering,92.0,8,18,35,61,C
S15922,Biju Panicker,Male,CE,8,Geotechnical Engineering,59.3,8,25,60,93,S
S15923,Anjali Saxena,Female,CSE,3,Data Structures,80.1,7,30,50,87,A+
S15924,Sreelakshmi Chandrasekharan,Female,CE,2,Geotechnical Engineering,87.8,9,22,19,50,P
S15925,Deepthi Sudhakaran,Female,CE,8,Surveying,91.6,9,30,48,87,A+
S15926,Sreejith Mishra,Male,ECE,7,Communication Systems,78.4,7,21,36,64,C
S15927,Renjith Reddy,Male,ME,7,Fluid Mechanics,94.0,8,20,39,67,C+
S15928,Jyothsna Unnithan,Female,ECE,3,Microprocessors,83.5,10,16,36,62,C
S15929,Naseer Sayyed,Male,CSE,2,Computer Networks,82.0,9,20,43,72,B
S15930,Sanjay Bhalla,Male,ECE,8,Communication Systems,73.4,9,12,53,74,B
S15931,Farha Khan,Female,ME,6,Thermodynamics,83.7,7,23,32,62,C
S15932,Vivek Srivastava,Male,ME,2,Manufacturing Technology,79.9,6,21,48,75,B+
S15933,Akhil Raj,Male,CE,6,Transportation Engineering,61.3,6,17,42,65,C+
S15934,Neethu Mishra,Female,ECE,2,Microprocessors,88.5,6,30,39,75,B+
S15935,Parvathy Arora,Female,ECE,6,Microprocessors,78.0,7,19,34,60,C
S15936,Riyas Shabeer,Male,CSE,1,Operating Systems,65.4,6,18,49,73,B
S15937,Rajesh Sudhakaran,Male,ECE,8,VLSI Design,80.7,4,27,49,80,A
S15938,Divya Vasu,Female,CSE,8,Data Structures,82.7,9,12,28,49,F
S15939,Nandana Chowdhury,Female,ECE,6,VLSI Design,63.8,8,30,46,84,A
S15940,Anand Gopalan,Male,CE,3,Geotechnical Engineering,82.6,6,20,53,79,B+
S15941,Anagha Ramesh,Female,CE,5,Transportation Engineering,73.4,5,16,38,59,D
S15942,Greeshma Chandran,Female,ECE,4,Digital Electronics,94.8,7,17,37,61,C
S15943,Sanjay Agrawal,Male,CE,8,Concrete Technology,75.6,7,20,44,71,B
S15944,Arjun Kartha,Male,CSE,4,Data Structures,60.9,5,19,60,84,A
S15945,Nithya Raghavan,Female,CSE,1,Operating Systems,65.3,5,27,43,75,B+
S15946,Neenu Rodrigues,Female,CE,1,Surveying,78.6,6,14,58,78,B+
S15947,Adithya Dinesh,Male,ECE,6,VLSI Design,63.9,8,22,15,45,F
S15948,Vivek Kunjunni,Male,ME,2,Thermodynamics,79.8,8,19,52,79,B+
S15949,Gokul Srivastava,Male,ECE,6,VLSI Design,86.1,7,28,46,81,A
S15950,Prasanth Marar,Male,CSE,8,Computer Networks,50.4,6,16,46,68,C+
S15951,Jerry Kalathil,Male,ECE,7,Digital Electronics,73.6,9,25,45,79,B+
S15952,Nandana Solanki,Female,ECE,7,Microprocessors,74.2,6,14,32,52,P
S15953,Naseer Pookoya,Male,CE,4,Surveying,65.3,6,21,14,41,F
S15954,Nandana Pandey,Female,ME,5,Fluid Mechanics,92.3,6,30,47,83,A
S15955,Swathi Ashokan,Female,ECE,6,Microprocessors,71.2,9,30,38,77,B+
S15956,Anoop Sasidharan,Male,CE,8,Geotechnical Engineering,100.0,7,30,48,85,A+
S15957,Nithya Das,Female,ME,2,Fluid Mechanics,68.8,8,22,43,73,B
S15958,Balachandran Pisharody,Male,ECE,8,Microprocessors,75.1,8,20,26,54,P
S15959,Karthik Yadav,Male,ECE,6,Communication Systems,72.5,8,23,35,66,C+
S15960,Sarath Kapoor,Male,CSE,8,Data Structures,84.9,6,14,50,70,B
S15961,Neethu Kaimal,Female,CSE,6,Big Data Processing,59.6,6,20,60,86,A+
S15962,Jithin Kaimal,Male,ME,6,Strength of Materials,82.9,10,20,27,57,D
S15963,Nazar Qureshi,Male,ECE,7,VLSI Design,97.0,3,16,60,79,B+
S15964,Biju Gopalan,Male,CE,2,Geotechnical Engineering,87.2,8,16,44,68,C+
S15965,Suresh Radhakrishnan,Male,ECE,1,Digital Electronics,67.5,9,28,41,78,B+
S15966,Suresh Patel,Male,ME,7,Machine Design,90.4,6,26,37,69,C+
S15967,Vignesh Yadav,Male,CSE,6,Operating Systems,82.1,8,25,17,50,P
S15968,Nizam Moulavi,Male,CSE,7,Software Engineering,64.0,8,18,41,67,C+
S15969,Anoop Rathore,Male,CE,8,Concrete Technology,88.5,8,19,37,64,C
S15970,Naseer Anwar,Male,ME,6,Strength of Materials,87.1,10,22,39,71,B
S15971,Vineetha Rajendran,Female,CE,7,Geotechnical Engineering,86.2,9,24,25,58,D
S15972,Deepak Rao,Male,CSE,1,Big Data Processing,81.4,6,28,38,72,B
S15973,Athira Sinha,Female,ME,5,Manufacturing Technology,81.8,8,27,16,51,P
S15974,Sreejith Kartha,Male,ECE,5,Microprocessors,95.5,7,20,44,71,B
S15975,Biju Neelakandan,Male,ECE,3,Signals & Systems,60.1,8,26,35,69,C+
S15976,Sruthi Desai,Female,CE,2,Structural Analysis,84.6,9,24,52,85,A+
S15977,Divya Vinod,Female,ME,6,Manufacturing Technology,100.0,5,18,60,83,A
S15978,Nikhil Das,Male,CE,7,Transportation Engineering,69.1,9,27,35,71,B
S15979,Swathi Kapoor,Female,CSE,3,DBMS,69.3,6,27,39,72,B
S15980,Deepak Gopinathan,Male,CE,1,Structural Analysis,74.3,9,30,46,85,A+
S15981,Sindhu Madhavan,Female,ME,7,Manufacturing Technology,84.5,6,21,49,76,B+
S15982,Sneha Bakshi,Female,CSE,2,Data Structures,77.3,9,30,37,76,B+
S15983,Manoj Kunjunni,Male,CE,7,Transportation Engineering,67.0,9,21,37,67,C+
S15984,Lakshmi Bhalla,Female,CE,1,Geotechnical Engineering,69.5,5,23,43,71,B
S15985,Ashraf Latif,Male,ME,7,Manufacturing Technology,92.3,7,17,32,56,D
S15986,Nizam Jaleel,Male,CSE,2,Software Engineering,98.3,5,28,38,71,B
S15987,Adithya Balakrishnan,Male,CSE,5,Data Structures,92.1,7,16,37,60,C
S15988,Gayathri Nambiar,Female,ME,3,Fluid Mechanics,89.7,6,20,41,67,C+
S15989,Sujith Radhakrishnan,Male,CE,5,Surveying,83.7,8,30,32,70,B
S15990,Vivek Ramakrishnan,Male,ME,2,Fluid Mechanics,63.7,6,15,60,81,A
S15991,Sreelakshmi Sivan,Female,CSE,5,DBMS,55.6,10,21,25,56,D
S15992,Amrutha Nambiar,Female,CE,6,Concrete Technology,79.2,5,22,41,68,C+
S15993,Sreelakshmi Shukla,Female,CSE,5,Computer Networks,72.6,9,22,29,60,C
S15994,Amrutha Gopalan,Female,ECE,4,Communication Systems,74.1,8,29,41,78,B+
S15995,Athira Nambiar,Female,CE,2,Concrete Technology,60.4,9,14,37,60,C
S15996,Anagha Vasu,Female,ECE,1,Microprocessors,78.5,4,17,30,51,P
S15997,Dinesh Gopinathan,Male,CSE,6,Big Data Processing,87.7,7,22,56,85,A+
S15998,Fazil Khan,Male,ME,8,Thermodynamics,89.7,4,25,52,81,A
S15999,Nazia Wahab,Female,CSE,1,Data Structures,78.9,9,28,35,72,B
S16000,Reshma Rajagopal,Female,ECE,6,Signals & Systems,71.9,6,30,60,96,S
S16001,Sreelakshmi Krishnan,Female,ECE,2,VLSI Design,92.1,8,18,50,76,B+
S16002,Vignesh Jayan,Male,ECE,7,Signals & Systems,80.0,7,19,35,61,C
S16003,Karthik Chandra,Male,CE,5,Surveying,92.3,7,18,27,52,P
S16004,Swathi Sreedharan,Female,CSE,2,Computer Networks,72.6,8,22,40,70,B
S16005,Anitha Agarwal,Female,CE,3,Geotechnical Engineering,82.3,6,23,50,79,B+
S16006,Anu Karthikeyan,Female,ME,7,Thermodynamics,87.9,5,24,52,81,A
S16007,Sreejith Sinha,Male,ME,8,Thermodynamics,86.0,6,21,42,69,C+
S16008,Sabira Zubair,Female,ME,4,Machine Design,82.8,7,17,45,69,C+
S16009,Adithya Sinha,Male,ME,7,Thermodynamics,79.0,6,29,48,83,A
S16010,Prasanth Srivastava,Male,ME,1,Fluid Mechanics,75.0,9,29,36,74,B
S16011,Dinesh Yadav,Male,CSE,7,Data Structures,74.7,5,20,36,61,C
S16012,Nazia Shah,Female,ECE,7,Signals & Systems,80.8,10,26,53,89,A+
S16013,Pradeep Rajagopal,Male,CSE,4,Data Structures,67.1,8,18,20,46,F
S16014,Renjith Bhalla,Male,CSE,3,Computer Networks,79.7,9,20,47,76,B+
S16015,Nandakumar Namboothiri,Male,ECE,6,VLSI Design,65.2,10,15,51,76,B+
S16016,Anu Suresh,Female,CSE,2,Data Structures,100.0,7,27,55,89,A+
S16017,Rohan Chandran,Male,ECE,7,VLSI Design,91.7,9,7,43,59,D
S16018,Remya Tiwari,Female,CSE,4,Operating Systems,64.9,8,17,39,64,C
S16019,Sreekumar Thampuran,Male,CE,3,Geotechnical Engineering,80.9,7,19,35,61,C
S16020,Sanjay Anandan,Male,CE,5,Surveying,81.6,5,20,50,75,B+
S16021,Rahul Mahesh,Male,ECE,7,Communication Systems,78.5,9,27,49,85,A+
S16022,Akhil Anilkumar,Male,CSE,7,Data Structures,87.1,8,22,28,58,D
S16023,Shahana Mansoor,Female,ECE,2,Microprocessors,79.5,9,30,40,79,B+
S16024,Nandakumar Karthikeyan,Male,CSE,1,Software Engineering,67.8,6,24,32,62,C
S16025,Naveen Desai,Male,ME,4,Machine Design,77.2,6,14,48,68,C+
S16026,Ramesh Menon,Male,CE,4,Transportation Engineering,84.5,8,16,39,63,C
S16027,Sameera Ahmed,Female,ME,6,Fluid Mechanics,83.0,7,17,60,84,A
S16028,Reshma Vijayan,Female,CSE,4,Data Structures,88.6,6,10,47,63,C
S16029,Balachandran Kaimal,Male,ME,2,Machine Design,89.3,6,25,24,55,D
S16030,Sruthi Vasudevan,Female,CSE,4,Big Data Processing,90.5,6,20,33,59,D
S16031,Anoop Kapoor,Male,ECE,3,Communication Systems,94.2,8,21,51,80,A
S16032,Sabira Aslam,Female,ME,4,Strength of Materials,76.0,3,19,29,51,P
S16033,Sanjay Kunjunni,Male,ME,3,Manufacturing Technology,65.7,6,15,60,81,A
S16034,Aparna Anilkumar,Female,ME,2,Strength of Materials,64.5,6,18,40,64,C
S16035,Jyothsna Tiwari,Female,ME,6,Thermodynamics,78.3,7,25,29,61,C
S16036,Renjith Naidu,Male,CE,5,Transportation Engineering,90.5,8,24,49,81,A
S16037,Nikhil Sivan,Male,ME,8,Strength of Materials,91.0,7,14,44,65,C+
S16038,Anagha Sathyan,Female,CSE,4,Big Data Processing,88.5,4,18,33,55,D
S16039,Madhu Pandey,Male,ECE,2,VLSI Design,83.3,4,27,60,91,S
S16040,Sudheesh Nair,Male,ME,1,Fluid Mechanics,65.6,6,24,40,70,B
S16041,Nimisha Chauhan,Female,ECE,7,Microprocessors,88.3,8,23,47,78,B+
S16042,Nimisha Karthikeyan,Female,ECE,1,Signals & Systems,92.2,9,18,56,83,A
S16043,Riyas Habeeb,Male,CE,2,Transportation Engineering,65.5,7,20,53,80,A
S16044,Divya Thampuran,Female,CE,3,Transportation Engineering,78.3,6,12,41,59,D
S16045,Vignesh Bansal,Male,CSE,4,Big Data Processing,91.9,7,16,47,70,B
S16046,Deepthi Vasudevan,Female,ME,6,Strength of Materials,81.3,8,22,47,77,B+
S16047,Lakshmi Sankar,Female,ME,7,Thermodynamics,100.0,8,30,49,87,A+
S16048,Renjith Kutty,Male,ECE,3,Signals & Systems,73.9,7,15,48,70,B
S16049,Manoj Namputhiri,Male,ECE,1,VLSI Design,73.3,5,23,60,88,A+
S16050,Lakshmi Yadav,Female,ME,1,Fluid Mechanics,64.7,5,24,60,89,A+
S16051,Nandakumar Chandrasekharan,Male,CE,8,Geotechnical Engineering,83.1,8,13,53,74,B
S16052,Sruthi Tiwari,Female,CSE,8,Operating Systems,63.6,6,20,42,68,C+
S16053,Divya Sreekumar,Female,CSE,3,Big Data Processing,71.2,10,22,56,88,A+
S16054,Sindhu Achari,Female,CE,7,Geotechnical Engineering,75.1,9,26,48,83,A
S16055,Sujith Namboodiripad,Male,CE,2,Surveying,91.5,6,24,60,90,S
S16056,Divya Thampi,Female,CE,4,Surveying,93.0,8,20,56,84,A
S16057,Amrutha Sivan,Female,CE,4,Structural Analysis,75.2,3,27,59,89,A+
S16058,Anas Sultan,Male,ME,3,Fluid Mechanics,52.8,6,12,30,48,F
S16059,Pradeep Namboothiri,Male,ECE,5,Communication Systems,93.1,9,23,48,80,A
S16060,Sameer Shabeer,Male,ME,3,Strength of Materials,94.8,6,22,42,70,B
S16061,Suresh Pradeep,Male,CE,1,Surveying,83.9,7,23,39,69,C+
S16062,Sowmya Kurup,Female,CSE,3,Data Structures,79.9,7,20,60,87,A+
S16063,Dinesh Verma,Male,CSE,2,Big Data Processing,92.2,6,30,58,94,S
S16064,Vidya Mahesh,Female,ME,8,Thermodynamics,86.3,5,22,34,61,C
S16065,Sujith Sinha,Male,ECE,5,Communication Systems,100.0,8,26,60,94,S
S16066,Remya Namputhiri,Female,CSE,3,Big Data Processing,72.2,9,29,52,90,S
S16067,Reshma Nambiar,Female,ME,4,Thermodynamics,75.9,6,18,43,67,C+
S16068,Sudheesh Kutty,Male,ME,1,Fluid Mechanics,81.7,8,30,51,89,A+
S16069,Biju Radhakrishnan,Male,ME,3,Manufacturing Technology,61.8,9,19,45,73,B
S16070,Amrutha Poduval,Female,CE,3,Concrete Technology,70.5,7,20,37,64,C
S16071,Prasanth Das,Male,CSE,6,Operating Systems,84.1,7,30,34,71,B
S16072,Nandakumar Verma,Male,CSE,2,Computer Networks,80.1,7,22,60,89,A+
S16073,Athulya Neelakandan,Female,CE,7,Transportation Engineering,82.3,7,14,37,58,D
S16074,Swathi Krishnan,Female,ME,7,Manufacturing Technology,69.0,6,21,40,67,C+
S16075,Bindu Rajan,Female,ECE,5,Communication Systems,78.8,5,20,39,64,C
S16076,Karthik Sathyan,Male,ECE,1,Digital Electronics,84.4,6,13,57,76,B+
S16077,Amrutha Iyer,Female,CE,5,Surveying,74.2,5,23,60,88,A+
S16078,Aiswarya Menon,Female,CE,8,Surveying,91.1,8,22,39,69,C+
S16079,Athulya Vallikkat,Female,ECE,6,Digital Electronics,78.4,7,21,43,71,B
S16080,Aiswarya Balakrishnan,Female,ME,8,Thermodynamics,64.4,7,19,37,63,C
S16081,Aravind Sudhakaran,Male,CSE,5,Computer Networks,79.7,10,19,46,75,B+
S16082,Shameer Ashraf,Male,CE,6,Surveying,89.4,3,24,52,79,B+
S16083,Aiswarya Saxena,Female,ECE,5,Digital Electronics,47.7,7,21,43,71,B
S16084,Aswathy Solanki,Female,CE,4,Geotechnical Engineering,70.7,8,21,29,58,D
S16085,Vivek Anilkumar,Male,CSE,8,DBMS,76.8,7,30,60,97,S
S16086,Nandakumar Sasidharan,Male,ECE,8,Communication Systems,53.8,6,15,33,54,P
S16087,Vineetha Sasidharan,Female,CSE,3,Software Engineering,67.4,9,21,54,84,A
S16088,Nimisha Gopinathan,Female,CSE,4,Operating Systems,61.9,9,30,18,57,D
S16089,Naseer Muneer,Male,CSE,2,Big Data Processing,90.1,7,14,48,69,C+
S16090,Resmi Suresh,Female,ECE,3,VLSI Design,84.0,7,22,59,88,A+
S16091,Rizwana Basha,Female,CE,2,Structural Analysis,87.9,7,24,50,81,A
S16092,Adithya Warrier,Male,CE,7,Geotechnical Engineering,70.8,7,30,48,85,A+
S16093,Vishnu Rajan,Male,CSE,1,Computer Networks,80.0,7,14,43,64,C
S16094,Binoy Puthussery,Male,CE,8,Concrete Technology,65.2,6,30,27,63,C
S16095,Parvathy Reddy,Female,CE,8,Structural Analysis,78.9,8,30,41,79,B+
S16096,Anjali Bakshi,Female,ME,3,Machine Design,61.8,5,21,53,79,B+
S16097,Divya Dubey,Female,ECE,6,VLSI Design,70.8,9,20,54,83,A
S16098,Amrutha Menon,Female,ECE,5,VLSI Design,92.7,8,28,41,77,B+
S16099,Divya Chandran,Female,CE,5,Structural Analysis,82.1,8,16,27,51,P
S16100,Neethu Kutty,Female,CSE,2,Data Structures,84.1,8,27,42,77,B+
S16101,Nandakumar Reddy,Male,CE,8,Concrete Technology,77.8,6,16,39,61,C
S16102,Vineetha Padmanabhan,Female,ME,8,Machine Design,89.8,6,15,50,71,B
S16103,Aswathy Vallikkat,Female,CSE,8,Computer Networks,77.0,9,9,33,51,P
S16104,Nikhil Raj,Male,ME,8,Manufacturing Technology,97.5,7,19,49,75,B+
S16105,Gokul Rathore,Male,ME,4,Strength of Materials,71.6,9,24,36,69,C+
S16106,Ajay Padmanabhan,Male,CE,2,Transportation Engineering,76.1,6,30,36,72,B
S16107,Naila Sheikh,Female,CE,7,Geotechnical Engineering,85.8,6,17,58,81,A
S16108,Nikhil Marar,Male,ME,7,Strength of Materials,77.9,5,20,30,55,D
S16109,Akhil Naidu,Male,CE,1,Structural Analysis,54.5,7,21,41,69,C+
S16110,Ajay Trivedi,Male,ECE,7,Digital Electronics,72.4,9,24,60,93,S
S16111,Jyothsna Chauhan,Female,CSE,2,Computer Networks,89.8,6,20,42,68,C+
S16112,Nithya Rao,Female,ME,8,Manufacturing Technology,97.4,7,27,60,94,S
S16113,Ajay Nair,Male,ECE,8,Signals & Systems,89.2,2,26,22,50,P
S16114,Jyothsna Kapoor,Female,CSE,2,Computer Networks,62.0,6,15,35,56,D
S16115,Manoj Mohan,Male,ECE,3,Microprocessors,100.0,5,25,31,61,C
S16116,Reshma Balan,Female,ME,6,Fluid Mechanics,99.6,5,22,21,48,F
S16117,Unnikrishnan Balan,Male,CSE,6,Operating Systems,85.9,9,14,36,59,D
S16118,Pradeep Saxena,Male,CSE,6,Big Data Processing,84.5,9,26,40,75,B+
S16119,Neethu Rathore,Female,CE,4,Surveying,92.4,6,16,35,57,D
S16120,Anu Krishnan,Female,ECE,6,VLSI Design,78.7,6,30,48,84,A
S16121,Rahul Venugopal,Male,CE,3,Transportation Engineering,68.9,5,20,45,70,B
S16122,Rajesh Krishnan,Male,CSE,3,Software Engineering,69.7,6,17,38,61,C
S16123,Sreelakshmi Vijayan,Female,CE,7,Concrete Technology,70.2,9,25,48,82,A
S16124,Resmi Jayan,Female,ECE,4,VLSI Design,85.3,6,21,38,65,C+
S16125,Jasira Haneef,Female,ECE,5,Digital Electronics,85.5,7,21,32,60,C
S16126,Gokul Venugopal,Male,CSE,7,Computer Networks,77.0,10,24,35,69,C+
S16127,Jerin Vellappally,Male,ME,2,Manufacturing Technology,75.1,10,28,57,95,S
S16128,Sabira Yusuf,Female,ECE,6,Microprocessors,58.6,8,23,47,78,B+
S16129,Vishnu Govindan,Male,ME,4,Strength of Materials,51.7,6,13,42,61,C
S16130,Sinan Kunju,Male,ME,6,Thermodynamics,62.7,8,27,29,64,C
S16131,Manu Arora,Male,ME,4,Manufacturing Technology,92.6,4,30,31,65,C+
S16132,Nandana Trivedi,Female,ECE,1,Communication Systems,85.7,6,30,29,65,C+
S16133,Devika Sethi,Female,ECE,7,Microprocessors,97.3,7,16,60,83,A
S16134,Biju Trivedi,Male,CSE,2,DBMS,91.8,7,26,47,80,A
S16135,Gayathri Solanki,Female,CSE,6,Computer Networks,71.5,9,24,60,93,S
S16136,Biju Mohan,Male,ECE,2,Communication Systems,87.5,9,25,41,75,B+
S16137,Sreelakshmi Achari,Female,CSE,7,DBMS,84.9,4,23,48,75,B+
S16138,Biju Choudhary,Male,CE,5,Concrete Technology,60.5,10,25,38,73,B
S16139,Jerin Dcosta,Male,ME,2,Manufacturing Technology,100.0,4,24,38,66,C+
S16140,Akhil Sinha,Male,ME,5,Fluid Mechanics,81.9,5,21,29,55,D
S16141,Nikhil Verma,Male,CE,6,Transportation Engineering,65.7,8,21,37,66,C+
S16142,Anjali Desai,Female,ECE,3,Communication Systems,87.3,8,23,34,65,C+
S16143,Vivek Balan,Male,ECE,6,Microprocessors,67.7,8,28,60,96,S
S16144,Amrutha Malhotra,Female,CSE,4,DBMS,76.6,5,25,60,90,S
S16145,Naveen Kumar,Male,CSE,5,Software Engineering,66.6,9,23,42,74,B
S16146,Nithya Anandan,Female,CE,5,Structural Analysis,63.6,4,19,45,68,C+
S16147,Amrutha Agarwal,Female,CE,6,Surveying,81.4,5,18,46,69,C+
S16148,Aparna Bhatt,Female,ECE,8,Communication Systems,77.2,8,20,43,71,B
S16149,Nikhil Vinod,Male,CE,2,Geotechnical Engineering,92.1,4,24,53,81,A
S16150,Sujith Yadav,Male,CSE,1,DBMS,71.8,6,21,56,83,A
S16151,Devika Saxena,Female,ECE,3,Communication Systems,65.1,8,7,30,45,F
S16152,Sudheesh Namboodiripad,Male,ME,2,Thermodynamics,83.6,7,16,35,58,D
S16153,Rahul Radhakrishnan,Male,CSE,5,Operating Systems,69.7,6,11,41,58,D
S16154,Radhika Solanki,Female,CSE,4,DBMS,61.0,8,30,48,86,A+
S16155,Anagha Menon,Female,CE,5,Geotechnical Engineering,77.8,5,30,31,66,C+
S16156,Vidya Pisharody,Female,CSE,5,DBMS,58.4,7,21,33,61,C
S16157,Devika Thampuran,Female,ECE,1,VLSI Design,58.5,7,22,44,73,B
S16158,Anjali Vasu,Female,CE,5,Structural Analysis,72.8,8,23,50,81,A
S16159,Haritha Poduval,Female,ME,8,Thermodynamics,73.7,7,23,51,81,A
S16160,Anoop Chandra,Male,ME,1,Manufacturing Technology,90.6,7,17,49,73,B
S16161,Sindhu Saxena,Female,CSE,8,Computer Networks,80.9,6,29,44,79,B+
S16162,Anoop Tiwari,Male,ME,4,Strength of Materials,100.0,7,22,41,70,B
S16163,Jithin Shukla,Male,CE,8,Structural Analysis,100.0,7,18,39,64,C
S16164,Soumya Chopra,Female,ME,3,Manufacturing Technology,100.0,7,27,60,94,S
S16165,Naila Mirza,Female,CSE,6,Operating Systems,85.0,8,20,60,88,A+
S16166,Nikhil Pandey,Male,ECE,3,Digital Electronics,68.3,9,30,33,72,B
S16167,Gokul Bhaskaran,Male,ME,7,Machine Design,83.0,6,15,36,57,D
S16168,Sujith Rajendran,Male,CSE,2,Big Data Processing,97.4,6,22,52,80,A
S16169,Naveen Bansal,Male,ME,5,Machine Design,88.0,10,20,49,79,B+
S16170,Karthik Neelakandan,Male,ECE,2,Signals & Systems,70.1,5,28,46,79,B+
S16171,Nikhil Yadav,Male,ME,2,Machine Design,83.2,8,23,60,91,S
S16172,Nithya Chopra,Female,ME,6,Manufacturing Technology,77.7,7,20,43,70,B
S16173,Prasanth Khurana,Male,CSE,5,Operating Systems,74.4,7,22,39,68,C+
S16174,Reshma Warrier,Female,ME,1,Strength of Materials,63.2,8,30,33,71,B
S16175,Aparna Mishra,Female,ECE,7,VLSI Design,81.9,7,23,31,61,C
S16176,Manu Balan,Male,CSE,6,Computer Networks,76.9,9,29,36,74,B
S16177,Unnikrishnan Malhotra,Male,ECE,5,VLSI Design,81.7,6,15,31,52,P
S16178,Deepthi Kohli,Female,ECE,7,VLSI Design,79.9,9,23,28,60,C
S16179,Vivek Manoharan,Male,CE,1,Structural Analysis,68.2,8,17,40,65,C+
S16180,Aparna Varma,Female,CE,5,Concrete Technology,88.1,10,18,37,65,C+
S16181,Rajesh Anandan,Male,CE,3,Structural Analysis,60.4,8,22,48,78,B+
S16182,Sameer Pathan,Male,ME,3,Machine Design,74.1,8,20,50,78,B+
S16183,Sudheesh Venugopal,Male,CSE,2,Data Structures,81.9,8,20,60,88,A+
S16184,Vivek Solanki,Male,CSE,6,Operating Systems,84.7,8,30,53,91,S
S16185,Nandakumar Radhakrishnan,Male,CSE,3,Big Data Processing,61.7,9,24,38,71,B
S16186,Sameera Moideen,Female,CE,1,Surveying,75.8,6,16,30,52,P
S16187,Sarath Sankar,Male,CSE,1,Software Engineering,76.4,7,26,37,70,B
S16188,Aiswarya Namboothiri,Female,CSE,3,DBMS,58.9,4,30,34,68,C+
S16189,Sudheesh Solanki,Male,ECE,3,Microprocessors,67.3,7,21,19,47,F
S16190,Vivek Das,Male,ME,6,Machine Design,75.3,4,13,41,58,D
S16191,Priya Chauhan,Female,CSE,2,Data Structures,92.2,5,15,45,65,C+
S16192,Anagha Marar,Female,CE,2,Transportation Engineering,62.4,6,21,34,61,C
S16193,Anu Sreekumar,Female,CE,3,Geotechnical Engineering,55.4,7,22,41,70,B
S16194,Sudheesh Yadav,Male,ME,5,Machine Design,82.8,7,28,45,80,A
S16195,Sanjay Menon,Male,ME,3,Thermodynamics,67.5,7,20,36,63,C
S16196,Arjun Desai,Male,CE,5,Geotechnical Engineering,56.0,8,19,53,80,A
S16197,Athira Bhaskaran,Female,ECE,8,Microprocessors,78.1,9,15,36,60,C
S16198,Prasanth Bhatt,Male,ECE,5,VLSI Design,92.5,7,28,51,86,A+
S16199,Deepthi Anandan,Female,ECE,1,VLSI Design,95.3,7,21,55,83,A
S16200,Gayathri Vasu,Female,ECE,1,Communication Systems,70.4,6,12,39,57,D
S16201,Gayathri Govindan,Female,ME,7,Thermodynamics,70.4,5,17,29,51,P
S16202,Lakshmi Raj,Female,CE,1,Transportation Engineering,71.7,6,26,29,61,C
S16203,Karthik Bhatt,Male,ECE,2,Digital Electronics,83.3,8,24,49,81,A
S16204,Rohan Anilkumar,Male,ME,8,Machine Design,78.0,8,28,49,85,A+
S16205,Annmary Mathew,Female,ME,7,Machine Design,74.3,5,16,39,60,C
S16206,Sanjay Balakrishnan,Male,CE,4,Transportation Engineering,77.9,7,30,57,94,S
S16207,Shilpa Solanki,Female,CE,3,Transportation Engineering,91.1,8,24,53,85,A+
S16208,Aravind Sasidharan,Male,CSE,3,Software Engineering,70.2,6,27,31,64,C
S16209,Amrutha Sreedharan,Female,CE,7,Geotechnical Engineering,92.7,4,23,53,80,A
S16210,Simna Koya,Female,CSE,5,Software Engineering,87.1,7,30,49,86,A+
S16211,Sreekumar Bansal,Male,ECE,6,Signals & Systems,64.1,7,21,43,71,B
S16212,Divya Chauhan,Female,ME,2,Machine Design,100.0,7,19,46,72,B
S16213,Meera Bhattathiri,Female,ECE,7,Microprocessors,75.7,6,25,45,76,B+
S16214,Resmi Arora,Female,ME,4,Strength of Materials,71.6,10,13,29,52,P
S16215,Athira Chandrasekharan,Female,ME,6,Fluid Mechanics,86.5,4,30,44,78,B+
S16216,Divya Namputhiri,Female,ECE,1,VLSI Design,83.8,6,15,55,76,B+
S16217,Sreelakshmi Mahesh,Female,ECE,6,Signals & Systems,72.1,6,17,39,62,C
S16218,Arjun Chauhan,Male,ECE,7,Signals & Systems,61.4,7,18,48,73,B
S16219,Neethu Nair,Female,CE,2,Transportation Engineering,59.7,10,22,46,78,B+
S16220,Vivek Namboothiri,Male,ECE,6,Microprocessors,72.0,7,18,34,59,D
S16221,Ajay Solanki,Male,ECE,6,VLSI Design,70.7,8,19,52,79,B+
S16222,Akhil Unni,Male,ME,8,Machine Design,82.5,7,25,55,87,A+
S16223,Anitha Anilkumar,Female,ME,6,Machine Design,78.2,7,17,44,68,C+
S16224,Sindhu Gopinathan,Female,CSE,2,DBMS,63.5,7,17,50,74,B
S16225,Resmi Manoharan,Female,ME,4,Strength of Materials,72.0,6,30,30,66,C+
S16226,Sneha Patel,Female,ME,6,Strength of Materials,71.3,6,18,34,58,D
S16227,Vinod Jayan,Male,ECE,4,Signals & Systems,64.0,6,16,47,69,C+
S16228,Neethu Karthikeyan,Female,ME,4,Fluid Mechanics,65.9,5,23,35,63,C
S16229,Vignesh Suresh,Male,CE,5,Surveying,61.8,6,21,52,79,B+
S16230,Unnikrishnan Yadav,Male,ECE,4,Microprocessors,90.3,7,22,49,78,B+
S16231,Unnikrishnan Saxena,Male,CE,1,Concrete Technology,70.3,8,25,24,57,D
S16232,Swathi Sinha,Female,CE,7,Surveying,56.7,6,24,58,88,A+
S16233,Nikhil Unni,Male,ME,3,Thermodynamics,74.7,8,19,60,87,A+
S16234,Reshma Bhardwaj,Female,CE,6,Concrete Technology,84.7,6,20,46,72,B
S16235,Manu Balakrishnan,Male,ECE,6,Digital Electronics,100.0,9,15,39,63,C
S16236,Vinod Krishnankutty,Male,ME,4,Manufacturing Technology,83.4,6,20,45,71,B
S16237,Jithin Anandan,Male,ECE,2,Microprocessors,71.8,6,30,31,67,C+
S16238,Sreelakshmi Pisharody,Female,CSE,7,Software Engineering,79.1,8,30,34,72,B
S16239,Anagha Saxena,Female,CSE,2,Operating Systems,82.8,6,20,36,62,C
S16240,Fazil Rafeeq,Male,ME,6,Strength of Materials,78.5,8,21,39,68,C+
S16241,Aswathy Chauhan,Female,CSE,5,Big Data Processing,67.1,10,14,60,84,A
S16242,Divya Pillai,Female,ECE,1,VLSI Design,83.9,7,30,31,68,C+
S16243,Aswathy Vasudevan,Female,ECE,7,Microprocessors,100.0,10,23,42,75,B+
S16244,Biju Venugopal,Male,ECE,3,Signals & Systems,90.9,6,17,53,76,B+
S16245,Vivek Sivan,Male,CSE,6,Computer Networks,65.6,8,22,37,67,C+
S16246,Radhika Pradeep,Female,ECE,5,Signals & Systems,93.2,8,23,45,76,B+
S16247,Sruthi Shukla,Female,CSE,5,Big Data Processing,70.3,8,26,31,65,C+
S16248,Aravind Sethi,Male,CE,8,Structural Analysis,69.9,10,15,34,59,D
S16249,Greeshma Kapoor,Female,CE,5,Surveying,70.8,7,23,42,72,B
S16250,Rohan Iyer,Male,CE,8,Geotechnical Engineering,79.2,10,19,30,59,D
S16251,Ramesh Mishra,Male,CE,2,Structural Analysis,67.9,7,22,44,73,B
S16252,Biju Achari,Male,ME,6,Manufacturing Technology,63.8,9,30,47,86,A+
S16253,Divya Raj,Female,ECE,1,Digital Electronics,98.8,7,22,56,85,A+
S16254,Ramesh Prakash,Male,ME,1,Strength of Materials,51.9,9,22,55,86,A+
S16255,Ramesh Balakrishnan,Male,ECE,3,Digital Electronics,69.5,8,22,45,75,B+
S16256,Balachandran Vallikkat,Male,ME,5,Machine Design,68.5,6,23,18,47,F
S16257,Aiswarya Neelakandan,Female,CSE,5,DBMS,100.0,8,23,56,87,A+
S16258,Vidya Khurana,Female,CE,1,Transportation Engineering,68.8,6,30,51,87,A+
S16259,Gokul Arora,Male,ECE,3,VLSI Design,82.5,5,24,45,74,B
S16260,Naveen Radhakrishnan,Male,CSE,3,Operating Systems,74.9,7,18,30,55,D
S16261,Sruthi Mahesh,Female,ECE,8,Digital Electronics,100.0,6,19,36,61,C
S16262,Anitha Thampi,Female,ECE,8,Communication Systems,75.8,5,26,45,76,B+
S16263,Jithin Manoharan,Male,ECE,4,Signals & Systems,74.3,6,18,32,56,D
S16264,Sreejith Patel,Male,CE,7,Structural Analysis,92.3,5,23,60,88,A+
S16265,Rahul Vinod,Male,CSE,8,DBMS,68.9,9,19,49,77,B+
S16266,Reshma Kunjunni,Female,CSE,3,Operating Systems,79.4,9,29,48,86,A+
S16267,Biju Yadav,Male,CE,5,Surveying,77.5,9,15,48,72,B
S16268,Gokul Sharma,Male,ME,8,Strength of Materials,74.5,8,22,35,65,C+
S16269,Shamna Marakkar,Female,ME,3,Manufacturing Technology,84.7,10,18,40,68,C+
S16270,Fathima Sheikh,Female,CSE,8,Software Engineering,93.9,9,20,53,82,A
S16271,Meera Dinesh,Female,ECE,3,Communication Systems,75.8,7,18,37,62,C
S16272,Aswathy Unni,Female,ECE,7,Signals & Systems,67.6,10,21,33,64,C
S16273,Aswathy Agrawal,Female,ME,1,Manufacturing Technology,89.1,6,13,39,58,D
S16274,Vignesh Rajagopal,Male,CSE,4,Operating Systems,86.9,4,24,43,71,B
S16275,Unnikrishnan Venugopal,Male,ECE,3,Microprocessors,65.7,5,15,39,59,D
S16276,Athira Madhavan,Female,CE,4,Geotechnical Engineering,85.4,9,13,36,58,D
S16277,Ajay Unni,Male,ME,1,Strength of Materials,76.3,7,26,29,62,C
S16278,Manoj Nambiar,Male,ME,1,Strength of Materials,75.1,5,17,40,62,C
S16279,Nandakumar Gupta,Male,CE,7,Concrete Technology,59.1,7,17,60,84,A
S16280,Deepthi Sreekumar,Female,ECE,8,Communication Systems,78.6,5,21,55,81,A
S16281,Vivek Rajendran,Male,ECE,3,Microprocessors,68.9,7,22,32,61,C
S16282,Neethu Prasad,Female,CSE,3,Computer Networks,57.6,7,24,46,77,B+
S16283,Manu Radhakrishnan,Male,ME,2,Thermodynamics,59.1,6,13,37,56,D
S16284,Jyothsna Anilkumar,Female,CSE,3,Computer Networks,100.0,5,22,55,82,A
S16285,Sujith Madhavan,Male,CE,3,Concrete Technology,79.7,7,15,48,70,B
S16286,Vishnu Warrier,Male,ME,5,Manufacturing Technology,83.9,7,21,34,62,C
S16287,Meera Bakshi,Female,ECE,3,VLSI Design,90.0,8,28,49,85,A+
S16288,Divya Govindan,Female,CSE,1,Data Structures,69.4,7,18,37,62,C
S16289,Sreelakshmi Bhaskaran,Female,CE,4,Structural Analysis,100.0,8,17,22,47,F
S16290,Anagha Sinha,Female,ME,8,Fluid Mechanics,59.5,8,30,39,77,B+
S16291,Bindu Manoharan,Female,ME,3,Machine Design,84.1,9,20,57,86,A+
S16292,Soumya Jayan,Female,CE,4,Surveying,99.0,10,13,57,80,A
S16293,Sowmya Agrawal,Female,CSE,4,Software Engineering,76.5,3,18,47,68,C+
S16294,Gokul Rajendran,Male,ME,8,Thermodynamics,93.5,8,15,23,46,F
S16295,Resmi Chauhan,Female,ECE,1,VLSI Design,69.4,8,26,46,80,A
S16296,Priya Naidu,Female,CSE,2,DBMS,95.4,5,13,29,47,F
S16297,Anand Naidu,Male,CE,7,Transportation Engineering,72.3,6,19,60,85,A+
S16298,Anitha Sharma,Female,CE,2,Geotechnical Engineering,82.0,9,30,34,73,B
S16299,Radhika Joshi,Female,ME,1,Strength of Materials,97.0,8,29,33,70,B
S16300,Deepthi Sinha,Female,ECE,6,Digital Electronics,81.3,6,11,43,60,C
S16301,Bindu Krishnan,Female,ECE,5,Digital Electronics,88.8,9,11,29,49,F
S16302,Devika Sreekumar,Female,CE,5,Structural Analysis,78.4,10,18,49,77,B+
S16303,Radhika Sreedharan,Female,ECE,4,Communication Systems,68.8,10,21,28,59,D
S16304,Athulya Balakrishnan,Female,CSE,4,DBMS,76.2,8,13,29,50,P
S16305,Deepthi Marar,Female,ME,6,Manufacturing Technology,69.4,7,28,43,78,B+
S16306,Athira Kurup,Female,CE,4,Structural Analysis,68.5,6,27,22,55,D
S16307,Greeshma Sreedharan,Female,CE,8,Concrete Technology,91.9,6,20,43,69,C+
S16308,Amrutha Sankar,Female,CSE,1,DBMS,77.3,7,28,53,88,A+
S16309,Ramesh Solanki,Male,ME,7,Thermodynamics,83.4,9,15,44,68,C+
S16310,Resmi Tiwari,Female,ME,2,Thermodynamics,82.7,10,27,52,89,A+
S16311,Nandana Poduval,Female,CE,8,Concrete Technology,77.8,7,17,45,69,C+
S16312,Jasira Shah,Female,CE,6,Concrete Technology,91.2,6,12,56,74,B
S16313,Madhu Goel,Male,ECE,1,Communication Systems,59.6,7,30,33,70,B
S16314,Aswathy Khurana,Female,CSE,1,DBMS,53.4,7,20,40,67,C+
S16315,Naveen Tiwari,Male,CSE,3,Software Engineering,100.0,8,18,50,76,B+
S16316,Naveen Prakash,Male,CE,3,Concrete Technology,83.8,7,20,26,53,P
S16317,Sreejith Nair,Male,ME,3,Manufacturing Technology,72.6,8,23,26,57,D
S16318,Vidya Bhardwaj,Female,CE,6,Structural Analysis,63.4,10,28,50,88,A+
S16319,Vivek Kaimal,Male,CE,8,Surveying,54.3,7,25,29,61,C
S16320,Gayathri Marar,Female,CSE,2,Data Structures,91.7,7,20,29,56,D
S16321,Renji Idiculla,Male,ECE,2,VLSI Design,66.3,9,20,45,74,B
S16322,Ashraf Shah,Male,ME,2,Fluid Mechanics,65.9,8,22,60,90,S
S16323,Rajesh Namputhiri,Male,CE,6,Structural Analysis,98.0,5,24,56,85,A+
S16324,Vignesh Krishnankutty,Male,CE,4,Transportation Engineering,67.6,7,16,26,49,F
S16325,Biju Raman,Male,ECE,5,VLSI Design,93.9,10,17,58,85,A+
S16326,Vijay Srivastava,Male,CSE,8,Data Structures,100.0,6,24,28,58,D
S16327,Rashid Ansari,Male,ECE,8,Communication Systems,68.7,4,22,52,78,B+
S16328,Deepak Srivastava,Male,ME,8,Thermodynamics,64.8,5,24,60,89,A+
S16329,Haritha Mahesh,Female,ME,4,Fluid Mechanics,73.1,10,19,24,53,P
S16330,Akhil Sathyan,Male,CSE,7,Big Data Processing,59.6,7,25,52,84,A
S16331,Nandakumar Panicker,Male,ME,8,Manufacturing Technology,65.1,4,13,34,51,P
S16332,Bindu Vinod,Female,CE,1,Geotechnical Engineering,76.9,9,18,49,76,B+
S16333,Soumya Prasad,Female,ECE,7,Digital Electronics,76.4,9,16,47,72,B
S16334,Remya Namboodiripad,Female,ME,4,Fluid Mechanics,77.4,8,30,40,78,B+
S16335,Naveen Krishnankutty,Male,CE,3,Geotechnical Engineering,64.1,7,26,42,75,B+
S16336,Sreelakshmi Dubey,Female,CSE,7,DBMS,92.2,10,20,35,65,C+
S16337,Sujith Pillai,Male,ME,7,Strength of Materials,40.0,8,20,37,65,C+
S16338,Ramesh Gopalan,Male,CSE,1,DBMS,67.2,7,15,47,69,C+
S16339,Sujith Vasu,Male,CE,1,Geotechnical Engineering,67.4,4,17,31,52,P
S16340,Tina Almeida,Female,CSE,4,Big Data Processing,85.9,7,12,36,55,D
S16341,Ramesh Agarwal,Male,CE,5,Surveying,76.4,6,25,43,74,B
S16342,Sreelakshmi Bansal,Female,ME,1,Fluid Mechanics,61.6,8,17,43,68,C+
S16343,Priya Vasudevan,Female,CSE,6,Operating Systems,70.5,6,21,38,65,C+
S16344,Neenu Cherian,Female,CSE,4,Data Structures,84.1,8,24,41,73,B
S16345,Lakshmi Govindan,Female,ECE,3,Signals & Systems,79.3,8,18,38,64,C
S16346,Swathi Chandrasekharan,Female,ECE,8,Digital Electronics,82.4,7,22,49,78,B+
S16347,Anjali Karthikeyan,Female,ECE,5,Microprocessors,70.5,7,15,27,49,F
S16348,Sarath Gopalan,Male,ME,3,Thermodynamics,100.0,4,29,30,63,C
S16349,Sreekumar Sasidharan,Male,ECE,5,Digital Electronics,79.3,8,22,46,76,B+
S16350,Athulya Krishnankutty,Female,ECE,2,Digital Electronics,83.4,6,20,40,66,C+
S16351,Sruthi Nambiar,Female,ECE,5,VLSI Design,74.5,6,23,22,51,P
S16352,Gokul Bhatt,Male,CE,7,Concrete Technology,51.8,6,18,48,72,B
S16353,Anu Yadav,Female,CE,4,Transportation Engineering,81.2,6,28,38,72,B
S16354,Anu Radhakrishnan,Female,ME,3,Thermodynamics,82.8,9,22,49,80,A
S16355,Anoop Nair,Male,CE,5,Transportation Engineering,81.2,9,17,36,62,C
S16356,Nikhil Menon,Male,ME,5,Thermodynamics,79.8,6,21,50,77,B+
S16357,Greeshma Ashokan,Female,CSE,6,Computer Networks,87.7,6,10,42,58,D
S16358,Athira Dinesh,Female,CSE,8,Operating Systems,61.8,4,16,43,63,C
S16359,Nithya Marar,Female,CSE,3,Operating Systems,84.5,7,24,46,77,B+
S16360,Ajay Sasidharan,Male,CE,4,Surveying,65.6,6,12,60,78,B+
S16361,Gayathri Jayan,Female,ME,4,Machine Design,54.8,9,22,38,69,C+
S16362,Athira Sreedharan,Female,CSE,8,DBMS,57.8,8,20,58,86,A+
S16363,Sreekumar Namputhiri,Male,ECE,7,Microprocessors,77.1,9,11,43,63,C
S16364,Pradeep Nair,Male,CSE,2,DBMS,57.3,7,19,49,75,B+
S16365,Bindu Pandey,Female,ECE,7,Signals & Systems,69.2,8,13,25,46,F
S16366,Soumya Vijayan,Female,ECE,3,Signals & Systems,64.4,9,23,36,68,C+
S16367,Karthik Kartha,Male,ECE,5,Microprocessors,72.4,6,30,60,96,S
S16368,Shilpa Ashokan,Female,CSE,2,Data Structures,88.0,7,30,50,87,A+
S16369,Suhail Ansari,Male,ME,1,Fluid Mechanics,88.1,6,29,46,81,A
S16370,Unnikrishnan Bansal,Male,CSE,4,Data Structures,91.5,10,17,35,62,C
S16371,Sindhu Bansal,Female,CSE,6,Data Structures,85.6,8,20,32,60,C
S16372,Nimisha Kumar,Female,CSE,1,Operating Systems,83.1,8,29,40,77,B+
S16373,Sindhu Chauhan,Female,ECE,2,Signals & Systems,87.0,6,21,31,58,D
S16374,Resmi Sudhakaran,Female,CSE,3,Computer Networks,82.4,6,13,20,39,F
S16375,Aswathy Vasu,Female,ECE,8,Digital Electronics,77.6,10,24,36,70,B
S16376,Jyothsna Chandra,Female,ME,5,Manufacturing Technology,87.3,6,26,27,59,D
S16377,Swathi Agarwal,Female,ECE,4,VLSI Design,77.9,6,7,35,48,F
S16378,Ajay Kapoor,Male,ME,1,Machine Design,74.2,7,28,60,95,S
S16379,Sudheesh Nambiar,Male,CSE,4,Big Data Processing,64.2,5,21,40,66,C+
S16380,Gokul Vinod,Male,ECE,1,VLSI Design,84.1,8,17,42,67,C+
S16381,Vishnu Namboothiri,Male,ECE,3,Signals & Systems,92.8,8,7,43,58,D
S16382,Gokul Chopra,Male,CSE,3,Big Data Processing,98.4,5,22,37,64,C
S16383,Madhu Malhotra,Male,ME,1,Manufacturing Technology,77.0,7,27,38,72,B
S16384,Deepak Kohli,Male,ECE,5,VLSI Design,65.0,8,21,49,78,B+
S16385,Sana Kabeer,Female,ECE,1,Signals & Systems,95.5,9,19,48,76,B+
S16386,Rafi Haneef,Male,ECE,5,VLSI Design,92.3,8,30,34,72,B
S16387,Anitha Vallikkat,Female,ME,3,Fluid Mechanics,63.8,8,26,57,91,S
S16388,Dinesh Chopra,Male,ECE,5,VLSI Design,55.1,10,17,48,75,B+
S16389,Anu Agrawal,Female,ECE,2,Communication Systems,88.1,7,20,51,78,B+
S16390,Suresh Poduval,Male,ME,5,Machine Design,100.0,6,19,30,55,D
S16391,Aravind Unnithan,Male,ME,3,Thermodynamics,76.4,8,22,46,76,B+
S16392,Athira Rajendran,Female,CE,5,Structural Analysis,71.6,6,16,45,67,C+
S16393,Madhu Namboodiripad,Male,ME,7,Thermodynamics,74.6,7,20,47,74,B
S16394,Sindhu Vasudevan,Female,CE,6,Concrete Technology,74.1,8,18,48,74,B
S16395,Anagha Prasad,Female,ME,7,Thermodynamics,80.6,8,28,48,84,A
S16396,Bincy Ittycheria,Female,CE,8,Geotechnical Engineering,74.7,9,23,52,84,A
S16397,Bindu Vallikkat,Female,ECE,6,Communication Systems,80.5,8,30,39,77,B+
S16398,Arjun Sudhakaran,Male,ME,3,Manufacturing Technology,69.6,10,19,43,72,B
S16399,Manu Choudhary,Male,CSE,3,Big Data Processing,94.5,6,18,60,84,A
S16400,Balachandran Kurup,Male,CSE,5,Operating Systems,78.7,7,28,48,83,A
S16401,Bindu Rao,Female,CE,6,Transportation Engineering,73.9,8,15,43,66,C+
S16402,Aby Cherian,Male,ECE,2,Signals & Systems,62.5,10,24,50,84,A
S16403,Gayathri Ramesh,Female,CSE,6,Software Engineering,85.1,7,27,45,79,B+
S16404,Aswathy Manoharan,Female,CE,6,Transportation Engineering,86.3,6,23,32,61,C
S16405,Devika Sasidharan,Female,CSE,1,Operating Systems,100.0,8,27,35,70,B
S16406,Arjun Suresh,Male,ME,3,Thermodynamics,77.2,8,17,29,54,P
S16407,Anoop Kumar,Male,CE,6,Structural Analysis,94.3,5,18,49,72,B
S16408,Sreejith Malhotra,Male,ME,7,Machine Design,61.5,10,14,46,70,B
S16409,Priya Warrier,Female,CSE,4,Big Data Processing,100.0,6,24,23,53,P
S16410,Arjun Pradeep,Male,ME,4,Machine Design,79.9,8,25,47,80,A
S16411,Rahul Srivastava,Male,ECE,3,Communication Systems,78.9,8,24,47,79,B+
S16412,Vivek Bhattathiri,Male,ME,3,Strength of Materials,100.0,7,19,24,50,P
S16413,Meera Varma,Female,ME,5,Thermodynamics,80.3,9,19,60,88,A+
S16414,Sujith Mohan,Male,CE,8,Transportation Engineering,67.6,6,29,56,91,S
S16415,Arjun Trivedi,Male,CSE,1,Computer Networks,72.9,9,22,27,58,D
S16416,Aswathy Sasidharan,Female,CE,7,Transportation Engineering,73.2,6,18,44,68,C+
S16417,Anoop Sathyan,Male,ME,4,Machine Design,82.8,7,20,43,70,B
S16418,Deepak Bhaskaran,Male,CE,1,Surveying,70.2,7,27,40,74,B
S16419,Nimisha Rathore,Female,ECE,7,Digital Electronics,90.6,8,17,55,80,A
S16420,Ajay Anandan,Male,ME,2,Thermodynamics,62.7,7,22,47,76,B+
S16421,Sudheesh Raman,Male,CSE,2,Big Data Processing,92.3,9,18,38,65,C+
S16422,Bindu Bhardwaj,Female,ME,7,Strength of Materials,81.0,7,16,60,83,A
S16423,Aravind Chandrasekharan,Male,ME,3,Manufacturing Technology,90.7,6,29,39,74,B
S16424,Swathi Verma,Female,CSE,1,DBMS,65.1,10,18,36,64,C
S16425,Deepak Dubey,Male,ME,2,Machine Design,78.4,7,27,50,84,A
S16426,Biju Vinod,Male,ECE,7,Digital Electronics,88.6,6,25,55,86,A+
S16427,Deepthi Tiwari,Female,CSE,4,Operating Systems,71.8,8,11,35,54,P
S16428,Sreejith Pandey,Male,CE,4,Geotechnical Engineering,61.4,9,19,46,74,B
S16429,Nandakumar Naidu,Male,ECE,2,Signals & Systems,83.6,8,26,31,65,C+
S16430,Unnikrishnan Vasudevan,Male,CE,5,Concrete Technology,98.6,7,23,57,87,A+
S16431,Madhu Chauhan,Male,CSE,7,Data Structures,69.0,6,16,38,60,C
S16432,Sindhu Bakshi,Female,ECE,3,Signals & Systems,96.7,9,22,46,77,B+
S16433,Karthik Shukla,Male,CSE,1,Computer Networks,85.6,8,23,46,77,B+
S16434,Nithya Bhardwaj,Female,CE,4,Concrete Technology,81.3,9,15,43,67,C+
S16435,Manoj Achari,Male,CE,8,Concrete Technology,88.6,4,14,36,54,P
S16436,Devika Prasad,Female,CE,1,Concrete Technology,79.5,7,25,47,79,B+
S16437,Vishnu Das,Male,ME,2,Strength of Materials,70.2,10,18,45,73,B
S16438,Anas Riyas,Male,ECE,6,Signals & Systems,94.4,6,19,26,51,P
S16439,Nimisha Bhaskaran,Female,CSE,2,Data Structures,63.1,6,18,38,62,C
S16440,Nithya Sreekumar,Female,CSE,3,DBMS,64.2,7,11,39,57,D
S16441,Remya Gupta,Female,ME,2,Fluid Mechanics,85.7,10,15,22,47,F
S16442,Amrutha Rajendran,Female,ME,2,Machine Design,72.4,4,15,33,52,P
S16443,Aparna Srivastava,Female,ECE,3,Digital Electronics,78.9,6,27,39,72,B
S16444,Nandakumar Varma,Male,CSE,2,DBMS,93.9,6,16,51,73,B
S16445,Jasmin Zaheer,Female,CE,1,Surveying,74.6,7,20,60,87,A+
S16446,Swathi Gopinathan,Female,ME,5,Fluid Mechanics,76.2,5,27,51,83,A
S16447,Dinesh Karthikeyan,Male,CE,4,Structural Analysis,79.9,9,30,33,72,B
S16448,Shilpa Narayanan,Female,CE,1,Geotechnical Engineering,98.1,8,20,29,57,D
S16449,Rajesh Sreekumar,Male,CE,8,Structural Analysis,97.7,9,27,33,69,C+
S16450,Sreekumar Bhatt,Male,ME,2,Manufacturing Technology,84.4,6,22,60,88,A+
S16451,Unnikrishnan Unnithan,Male,ECE,8,Digital Electronics,69.8,7,20,53,80,A
S16452,Sreelakshmi Raj,Female,CE,8,Structural Analysis,76.6,9,20,44,73,B
S16453,Swathi Chauhan,Female,ECE,3,Microprocessors,83.0,7,23,36,66,C+
S16454,Vijay Chandran,Male,ME,1,Manufacturing Technology,70.9,7,17,45,69,C+
S16455,Nithya Chandran,Female,CSE,8,Software Engineering,79.0,8,21,49,78,B+
S16456,Remya Sreedharan,Female,CE,1,Transportation Engineering,85.7,9,23,16,48,F
S16457,Aiswarya Gupta,Female,ME,7,Manufacturing Technology,85.2,8,18,51,77,B+
S16458,Neethu Unnithan,Female,CSE,4,Computer Networks,80.4,8,16,45,69,C+
S16459,Vijay Ashokan,Male,ECE,5,Signals & Systems,66.5,6,16,45,67,C+
S16460,Renjith Choudhary,Male,ME,8,Fluid Mechanics,73.9,6,22,30,58,D
S16461,Manu Madhavan,Male,ECE,3,Communication Systems,54.8,10,17,49,76,B+
S16462,Arjun Namboothiri,Male,ECE,5,Microprocessors,76.6,7,28,38,73,B
S16463,Adithya Sreedharan,Male,ME,6,Manufacturing Technology,66.4,9,9,37,55,D
S16464,Ramesh Shukla,Male,CSE,7,DBMS,85.0,5,22,34,61,C
S16465,Biju Marar,Male,ME,3,Fluid Mechanics,76.1,8,21,41,70,B
S16466,Parvathy Warrier,Female,ME,5,Machine Design,100.0,8,19,49,76,B+
S16467,Aleena Gomez,Female,ECE,4,Signals & Systems,68.8,8,10,40,58,D
S16468,Lakshmi Krishnankutty,Female,ME,6,Thermodynamics,97.5,5,25,38,68,C+
S16469,Jasmin Sultan,Female,ME,1,Fluid Mechanics,76.1,9,21,37,67,C+
S16470,Shilpa Anilkumar,Female,CSE,5,Big Data Processing,98.9,8,25,34,67,C+
S16471,Jyothsna Saxena,Female,CSE,2,Computer Networks,60.0,7,25,51,83,A
S16472,Aiswarya Dinesh,Female,CE,4,Concrete Technology,72.5,8,30,41,79,B+
S16473,Jithin Radhakrishnan,Male,ECE,5,Microprocessors,70.9,8,22,58,88,A+
S16474,Balachandran Khurana,Male,CSE,7,Big Data Processing,72.1,8,12,59,79,B+
S16475,Naveen Kutty,Male,ECE,5,Signals & Systems,96.3,6,17,27,50,P
S16476,Sreejith Govindan,Male,CSE,2,Operating Systems,91.7,6,18,60,84,A
S16477,Akhil Mohan,Male,ME,2,Machine Design,82.3,7,8,39,54,P
S16478,Akhil Vijayan,Male,ME,8,Fluid Mechanics,99.3,6,26,47,79,B+
S16479,Akhil Jayan,Male,CE,7,Concrete Technology,81.8,6,18,30,54,P
S16480,Biju Anandan,Male,ECE,2,Communication Systems,88.4,6,20,44,70,B
S16481,Arjun Sasidharan,Male,ME,3,Strength of Materials,82.2,8,24,49,81,A
S16482,Deepak Anilkumar,Male,ME,6,Fluid Mechanics,81.7,6,22,29,57,D
S16483,Anjali Chandrasekharan,Female,CSE,5,Big Data Processing,78.0,9,28,57,94,S
S16484,Pradeep Bakshi,Male,ECE,5,Communication Systems,74.4,7,18,37,62,C
S16485,Unnikrishnan Balakrishnan,Male,CE,8,Transportation Engineering,88.9,9,19,51,79,B+
S16486,Rajesh Kurup,Male,ME,8,Strength of Materials,76.7,8,16,50,74,B
S16487,Vidya Sreekumar,Female,ME,4,Manufacturing Technology,74.3,8,21,39,68,C+
S16488,Lakshmi Balakrishnan,Female,CE,2,Concrete Technology,72.7,8,25,36,69,C+
S16489,Nandakumar Kapoor,Male,CE,3,Concrete Technology,99.5,8,16,36,60,C
S16490,Aiswarya Khurana,Female,ECE,3,VLSI Design,92.5,7,22,27,56,D
S16491,Vishnu Unnithan,Male,CSE,2,Data Structures,74.4,7,23,44,74,B
S16492,Lakshmi Chowdhury,Female,CE,1,Geotechnical Engineering,91.5,7,25,51,83,A
S16493,Soumya Rajan,Female,CE,8,Concrete Technology,89.3,6,28,34,68,C+
S16494,Vidya Tiwari,Female,ME,1,Strength of Materials,86.0,8,23,35,66,C+
S16495,Priya Madhavan,Female,ECE,5,Microprocessors,84.9,6,17,51,74,B
S16496,Rohan Namputhiri,Male,CSE,7,Computer Networks,79.9,8,19,48,75,B+
S16497,Rasheeda Rawther,Female,ME,6,Machine Design,83.5,6,18,40,64,C
S16498,Anumol Mannath,Female,CE,2,Concrete Technology,65.1,8,18,57,83,A
S16499,Aparna Gopalan,Female,ME,8,Fluid Mechanics,68.6,7,15,26,48,F
S16500,Renjith Thampi,Male,ME,5,Thermodynamics,100.0,7,21,40,68,C+
S16501,Manu Sivan,Male,ECE,8,Microprocessors,82.8,7,18,52,77,B+
S16502,Soumya Vasudevan,Female,ECE,8,Digital Electronics,73.0,7,30,59,96,S
S16503,Vineetha Rao,Female,CSE,5,Data Structures,74.9,6,18,18,42,F
S16504,Vinod Narayanan,Male,ECE,2,Microprocessors,86.4,10,27,44,81,A
S16505,Sruthi Kutty,Female,CE,7,Transportation Engineering,89.7,7,27,41,75,B+
S16506,Suhail Ahmed,Male,ECE,6,Digital Electronics,68.2,7,16,60,83,A
S16507,Radhika Anilkumar,Female,ME,8,Manufacturing Technology,88.3,7,30,51,88,A+
S16508,Anjali Krishnankutty,Female,CE,6,Geotechnical Engineering,100.0,5,24,48,77,B+
S16509,Sudheesh Pandey,Male,ECE,4,Microprocessors,68.3,5,18,37,60,C
S16510,Nithya Tiwari,Female,ME,2,Thermodynamics,55.0,7,22,59,88,A+
S16511,Meera Goel,Female,ME,3,Manufacturing Technology,82.7,8,20,49,77,B+
S16512,Suresh Vasu,Male,ECE,1,Communication Systems,66.7,6,20,54,80,A
S16513,Divya Bansal,Female,ECE,6,Microprocessors,76.9,10,13,44,67,C+
S16514,Aswathy Narayanan,Female,ECE,6,Communication Systems,56.1,5,16,30,51,P
S16515,Aparna Prasad,Female,CSE,8,Computer Networks,100.0,7,26,51,84,A
S16516,Greeshma Sharma,Female,ECE,3,Digital Electronics,51.0,8,16,27,51,P
S16517,Nikhil Namputhiri,Male,ECE,2,Digital Electronics,79.2,4,30,53,87,A+
S16518,Devika Narayanan,Female,ME,5,Strength of Materials,75.2,9,9,48,66,C+
S16519,Nandakumar Sreekumar,Male,ECE,6,Signals & Systems,52.6,8,27,28,63,C
S16520,Adithya Sethi,Male,CE,7,Concrete Technology,89.9,8,24,49,81,A
S16521,Soumya Balakrishnan,Female,CSE,3,DBMS,91.1,6,28,34,68,C+
S16522,Rohan Khurana,Male,CE,5,Transportation Engineering,75.0,7,30,36,73,B
S16523,Binoy Rebello,Male,ME,2,Fluid Mechanics,63.6,6,29,60,95,S
S16524,Renjith Vijayan,Male,CSE,8,Software Engineering,83.1,10,13,51,74,B
S16525,Rahul Unnithan,Male,ECE,1,VLSI Design,69.5,7,14,25,46,F
S16526,Deepthi Rajan,Female,CE,8,Concrete Technology,56.4,5,21,40,66,C+
S16527,Naila Fareed,Female,CSE,8,Data Structures,69.9,6,25,48,79,B+
S16528,Radhika Iyer,Female,CE,7,Transportation Engineering,76.2,4,20,44,68,C+
S16529,Resmi Thampi,Female,ME,2,Thermodynamics,85.7,9,23,46,78,B+
S16530,Prasanth Dinesh,Male,CE,8,Geotechnical Engineering,70.9,5,12,43,60,C
S16531,Sreejith Agarwal,Male,CE,2,Geotechnical Engineering,91.9,6,23,36,65,C+
S16532,Soumya Raghavan,Female,ME,6,Manufacturing Technology,60.7,6,24,47,77,B+
S16533,Sabira Kabir,Female,CE,7,Structural Analysis,85.6,9,29,40,78,B+
S16534,Dinesh Sharma,Male,CSE,8,DBMS,89.0,7,13,34,54,P
S16535,Balachandran Balan,Male,ME,2,Machine Design,79.3,8,20,39,67,C+
S16536,Dinesh Radhakrishnan,Male,ECE,4,Digital Electronics,74.2,8,19,54,81,A
S16537,Vivek Jayan,Male,ECE,7,Signals & Systems,59.1,8,23,39,70,B
S16538,Deepak Vallikkat,Male,CSE,5,DBMS,80.5,8,14,38,60,C
S16539,Rizwan Haji,Male,CSE,2,Big Data Processing,63.5,10,16,57,83,A
S16540,Adithya Chandra,Male,ECE,8,Microprocessors,82.6,8,7,28,43,F
S16541,Rohan Pandey,Male,CSE,6,Computer Networks,53.7,8,17,50,75,B+
S16542,Rahul Nair,Male,ECE,7,Microprocessors,81.8,8,19,43,70,B
S16543,Bijoy Pereira,Male,ECE,6,Signals & Systems,74.0,8,10,52,70,B
S16544,Devika Venugopal,Female,ECE,8,Microprocessors,68.8,7,26,36,69,C+
S16545,Rizwan Farooqui,Male,ECE,5,Digital Electronics,56.9,7,24,40,71,B
S16546,Sarath Saxena,Male,CSE,5,Computer Networks,67.0,5,28,60,93,S
S16547,Karthik Chandran,Male,ME,1,Thermodynamics,80.0,10,30,41,81,A
S16548,Naveen Sankar,Male,CSE,8,Software Engineering,81.8,5,18,35,58,D
S16549,Athira Bhalla,Female,CE,6,Transportation Engineering,80.6,9,29,35,73,B
S16550,Anjali Goel,Female,CSE,8,DBMS,73.6,10,20,22,52,P
S16551,Pradeep Pandey,Male,ECE,3,Digital Electronics,79.5,7,19,51,77,B+
S16552,Vinod Prakash,Male,ME,3,Strength of Materials,76.7,8,18,39,65,C+
S16553,Anoop Chandran,Male,ME,3,Thermodynamics,96.1,6,20,44,70,B
S16554,Ajay Chandran,Male,ECE,2,Digital Electronics,75.9,7,19,44,70,B
S16555,Meera Mohan,Female,ME,8,Manufacturing Technology,83.4,8,30,43,81,A
S16556,Naila Junaid,Female,CSE,3,DBMS,52.5,6,23,39,68,C+
S16557,Rahul Narayanan,Male,ECE,8,Communication Systems,53.3,8,19,53,80,A
S16558,Nimisha Panicker,Female,ME,1,Fluid Mechanics,75.4,7,17,54,78,B+
S16559,Ramesh Varma,Male,ECE,5,VLSI Design,83.9,5,20,50,75,B+
S16560,Deepak Krishnan,Male,ECE,5,Communication Systems,86.7,5,24,15,44,F
S16561,Vignesh Namboothiri,Male,CSE,7,Data Structures,74.5,6,16,48,70,B
S16562,Nizam Sirajudheen,Male,CE,4,Transportation Engineering,100.0,8,25,59,92,S
S16563,Biju Agarwal,Male,ECE,8,Communication Systems,87.6,8,20,29,57,D
S16564,Naushad Pookoya,Male,ME,2,Fluid Mechanics,81.1,8,30,51,89,A+
S16565,Aiswarya Govindan,Female,CE,3,Structural Analysis,71.9,6,25,49,80,A
S16566,Neethu Kartha,Female,ME,8,Thermodynamics,64.9,7,30,35,72,B
S16567,Aparna Vasu,Female,CE,2,Surveying,69.9,6,16,45,67,C+
S16568,Dinesh Dinesh,Male,ECE,4,Communication Systems,82.1,8,18,52,78,B+
S16569,Ashraf Sadiq,Male,ME,5,Strength of Materials,69.5,5,21,22,48,F
S16570,Devika Khurana,Female,CE,7,Surveying,69.1,5,22,45,72,B
S16571,Bijoy Verghese,Male,ME,7,Fluid Mechanics,75.5,8,25,54,87,A+
S16572,Sudheesh Bhardwaj,Male,CE,3,Transportation Engineering,72.7,7,13,44,64,C
S16573,Athira Marar,Female,ECE,7,VLSI Design,72.0,7,30,47,84,A
S16574,Sowmya Chandrasekharan,Female,ME,6,Thermodynamics,63.7,6,29,59,94,S
S16575,Sinan Musaliar,Male,CSE,6,Computer Networks,67.4,4,30,38,72,B
S16576,Vivek Nambiar,Male,ME,4,Manufacturing Technology,63.9,7,19,52,78,B+
S16577,Parvathy Bhalla,Female,ME,5,Strength of Materials,73.8,7,18,45,70,B
S16578,Sanjay Bansal,Male,CSE,2,Software Engineering,93.7,7,20,30,57,D
S16579,Sindhu Kutty,Female,CE,5,Structural Analysis,70.5,8,22,34,64,C
S16580,Arjun Pandey,Male,CE,7,Geotechnical Engineering,84.3,8,24,55,87,A+
S16581,Rasheeda Baig,Female,ECE,3,Communication Systems,65.8,4,23,41,68,C+
S16582,Deepak Agrawal,Male,ECE,6,Signals & Systems,77.8,7,6,50,63,C
S16583,Gayathri Poduval,Female,CE,6,Structural Analysis,75.6,7,25,54,86,A+
S16584,Naveen Rathore,Male,ME,1,Manufacturing Technology,81.8,8,20,37,65,C+
S16585,Rahul Rao,Male,CSE,6,Operating Systems,100.0,7,30,58,95,S
S16586,Jaseem Sha,Male,ECE,1,Microprocessors,74.7,8,21,44,73,B
S16587,Vijay Panicker,Male,CE,7,Surveying,81.1,7,17,59,83,A
S16588,Greeshma Bhattathiri,Female,CE,3,Geotechnical Engineering,71.8,7,14,37,58,D
S16589,Balachandran Bhardwaj,Male,ECE,8,Digital Electronics,79.6,9,22,48,79,B+
S16590,Deepak Choudhary,Male,CE,1,Structural Analysis,91.8,8,30,50,88,A+
S16591,Deepthi Krishnankutty,Female,CE,4,Geotechnical Engineering,87.8,6,23,27,56,D
S16592,Arjun Madhavan,Male,ME,2,Machine Design,77.5,7,17,37,61,C
S16593,Naveen Vijayan,Male,ECE,2,Communication Systems,81.9,7,21,50,78,B+
S16594,Sreelakshmi Bhattathiri,Female,CE,4,Concrete Technology,100.0,4,27,38,69,C+
S16595,Ramesh Kunjunni,Male,ECE,5,Communication Systems,91.4,6,22,27,55,D
S16596,Priya Iyer,Female,CSE,6,Data Structures,70.2,7,20,32,59,D
S16597,Sneha Joshi,Female,CSE,6,DBMS,82.7,8,16,44,68,C+
S16598,Swathi Namboothiri,Female,CE,3,Transportation Engineering,62.9,5,12,47,64,C
S16599,Greeshma Achari,Female,ME,7,Thermodynamics,68.7,6,21,60,87,A+
S16600,Remya Prakash,Female,CE,7,Surveying,88.5,9,24,51,84,A
S16601,Deepthi Goel,Female,CE,6,Transportation Engineering,75.0,8,24,23,55,D
S16602,Sruthi Rathore,Female,ECE,4,VLSI Design,68.9,7,25,49,81,A
S16603,Aravind Raman,Male,ECE,2,Microprocessors,58.2,7,21,50,78,B+
S16604,Amrutha Mishra,Female,CSE,6,Software Engineering,94.7,7,30,43,80,A
S16605,Rohan Arora,Male,CSE,8,Data Structures,86.1,8,24,22,54,P
S16606,Vignesh Anandan,Male,ME,8,Machine Design,72.6,7,14,46,67,C+
S16607,Athulya Kurup,Female,CE,1,Structural Analysis,83.1,4,18,60,82,A
S16608,Rohan Pradeep,Male,ECE,6,Signals & Systems,98.2,8,26,56,90,S
S16609,Renjith Gupta,Male,CE,8,Surveying,96.5,5,24,48,77,B+
S16610,Dinesh Anilkumar,Male,CE,5,Surveying,89.9,9,14,41,64,C
S16611,Deepak Reddy,Male,ECE,8,Signals & Systems,77.5,7,23,39,69,C+
S16612,Meera Solanki,Female,CSE,4,Software Engineering,86.7,10,30,55,95,S
S16613,Sanjay Ramakrishnan,Male,ME,4,Fluid Mechanics,78.2,7,18,55,80,A
S16614,Sanjay Sharma,Male,ECE,4,Digital Electronics,72.1,7,30,60,97,S
S16615,Nikhil Kutty,Male,CSE,4,Software Engineering,87.5,9,27,60,96,S
S16616,Manoj Padmanabhan,Male,ME,2,Thermodynamics,85.3,6,15,49,70,B
S16617,Bindu Trivedi,Female,ME,7,Machine Design,64.2,7,25,29,61,C
S16618,Nikhil Varma,Male,ME,8,Manufacturing Technology,92.0,6,8,31,45,F
S16619,Nandana Sudhakaran,Female,CE,3,Geotechnical Engineering,87.7,8,25,42,75,B+
S16620,Lakshmi Pandey,Female,CE,2,Surveying,54.3,10,24,51,85,A+
S16621,Meera Balan,Female,CE,1,Structural Analysis,86.5,7,28,48,83,A
S16622,Sreekumar Raghavan,Male,CSE,8,Computer Networks,61.4,7,24,60,91,S
S16623,Rohan Sudhakaran,Male,CSE,4,Data Structures,79.2,7,18,50,75,B+
S16624,Nithya Gupta,Female,CE,1,Structural Analysis,99.3,7,23,50,80,A
S16625,Arjun Mohan,Male,CSE,1,Data Structures,64.4,7,26,20,53,P
S16626,Naseer Salam,Male,CE,6,Transportation Engineering,84.7,6,22,53,81,A
S16627,Resmi Marar,Female,ME,1,Manufacturing Technology,92.1,8,21,18,47,F
S16628,Nimisha Raj,Female,CSE,8,Data Structures,93.3,9,21,29,59,D
S16629,Devika Krishnankutty,Female,ECE,1,VLSI Design,71.1,8,20,60,88,A+
S16630,Vinod Agrawal,Male,ME,2,Thermodynamics,67.0,6,23,40,69,C+
S16631,Rafeeqa Hussain,Female,ECE,4,Digital Electronics,77.5,8,21,37,66,C+
S16632,Jithin Rajendran,Male,CE,6,Concrete Technology,72.4,7,15,40,62,C
S16633,Athira Pradeep,Female,CSE,2,Operating Systems,91.3,4,12,40,56,D
S16634,Nithya Namboodiripad,Female,CE,8,Geotechnical Engineering,76.4,9,29,36,74,B
S16635,Sneha Pandey,Female,CSE,8,Big Data Processing,73.3,9,11,60,80,A
S16636,Neenu Lobo,Female,CSE,7,Computer Networks,77.2,5,24,37,66,C+
S16637,Gokul Padmanabhan,Male,CE,1,Surveying,90.7,9,11,26,46,F
S16638,Vivek Tiwari,Male,CSE,5,Computer Networks,57.5,9,13,41,63,C
S16639,Sameera Sha,Female,ECE,4,Microprocessors,88.3,4,19,33,56,D
S16640,Meera Vasudevan,Female,ME,7,Thermodynamics,61.2,8,21,54,83,A
S16641,Deepthi Chopra,Female,ECE,4,Microprocessors,82.8,5,20,54,79,B+
S16642,Riyas Farooqui,Male,CE,5,Geotechnical Engineering,59.6,9,21,39,69,C+
S16643,Riyas Kabir,Male,CSE,8,Software Engineering,88.2,4,13,60,77,B+
S16644,Vivek Reddy,Male,CSE,8,DBMS,85.8,10,22,50,82,A
S16645,Nandakumar Das,Male,ME,2,Strength of Materials,46.8,5,25,60,90,S
S16646,Rahul Prakash,Male,ME,1,Machine Design,83.0,7,17,30,54,P
S16647,Priya Mahesh,Female,ME,4,Manufacturing Technology,81.8,3,12,36,51,P
S16648,Vignesh Govindan,Male,ECE,6,Digital Electronics,82.0,8,25,53,86,A+
S16649,Balachandran Solanki,Male,ME,7,Thermodynamics,76.0,7,30,39,76,B+
S16650,Anu Shukla,Female,ME,3,Machine Design,75.9,7,19,36,62,C
S16651,Sowmya Dubey,Female,ECE,6,VLSI Design,79.8,6,24,45,75,B+
S16652,Karthik Vijayan,Male,CSE,1,Computer Networks,74.4,8,20,36,64,C
S16653,Ajay Raman,Male,ME,7,Thermodynamics,73.1,9,20,48,77,B+
S16654,Aswathy Anandan,Female,ECE,3,Communication Systems,66.2,8,23,36,67,C+
S16655,Nandana Srivastava,Female,ME,6,Fluid Mechanics,78.8,7,17,51,75,B+
S16656,Reshma Kumar,Female,ECE,2,VLSI Design,95.3,7,30,40,77,B+
S16657,Jyothsna Sharma,Female,CE,1,Structural Analysis,66.9,5,17,45,67,C+
S16658,Nimisha Jayan,Female,ME,4,Machine Design,86.1,7,9,41,57,D
S16659,Jithin Chandrasekharan,Male,ECE,8,Digital Electronics,67.3,3,17,39,59,D
S16660,Amrutha Raghavan,Female,CE,2,Geotechnical Engineering,85.7,6,19,39,64,C
S16661,Aiswarya Gopalan,Female,ECE,1,Communication Systems,96.2,7,23,44,74,B
S16662,Renjith Namboodiripad,Male,CSE,6,DBMS,58.8,6,14,56,76,B+
S16663,Vishnu Sankar,Male,ME,2,Strength of Materials,77.9,8,17,21,46,F
S16664,Athulya Tiwari,Female,CE,7,Transportation Engineering,93.2,8,25,50,83,A
S16665,Athira Bhattathiri,Female,ME,6,Manufacturing Technology,85.0,10,18,20,48,F
S16666,Balachandran Gopinathan,Male,ECE,7,Communication Systems,86.3,5,30,36,71,B
S16667,Sneha Krishnankutty,Female,ME,5,Machine Design,92.7,8,16,39,63,C
S16668,Neethu Achari,Female,CSE,6,Operating Systems,67.3,6,26,37,69,C+
S16669,Dinesh Choudhary,Male,ECE,2,VLSI Design,69.5,5,13,49,67,C+
S16670,Nandana Namputhiri,Female,CE,6,Transportation Engineering,70.7,9,18,60,87,A+
S16671,Sujith Khurana,Male,CE,4,Structural Analysis,87.4,10,20,60,90,S
S16672,Anna Kurian,Female,CE,1,Surveying,72.8,7,20,45,72,B
S16673,Swathi Suresh,Female,CSE,7,DBMS,70.7,8,24,49,81,A
S16674,Nandana Chandran,Female,ECE,4,VLSI Design,72.5,10,29,34,73,B
S16675,Gokul Sudhakaran,Male,ECE,2,VLSI Design,77.2,9,15,40,64,C
S16676,Prasanth Chopra,Male,ME,2,Thermodynamics,99.4,7,21,49,77,B+
S16677,Sowmya Bhaskaran,Female,ME,5,Thermodynamics,78.1,5,18,37,60,C
S16678,Rahul Marar,Male,CSE,1,Computer Networks,88.6,6,22,54,82,A
S16679,Anoop Unni,Male,CE,1,Concrete Technology,63.9,8,21,31,60,C
S16680,Sreejith Gopinathan,Male,ECE,3,Microprocessors,61.7,10,22,48,80,A
S16681,Bindu Raghavan,Female,ECE,2,Communication Systems,91.5,6,15,41,62,C
S16682,Sreelakshmi Goel,Female,ME,7,Fluid Mechanics,96.0,5,15,42,62,C
S16683,Anand Trivedi,Male,CSE,4,Software Engineering,54.7,7,20,43,70,B
S16684,Shilpa Das,Female,CSE,6,Data Structures,93.3,7,25,37,69,C+
S16685,Nimisha Reddy,Female,CSE,6,Computer Networks,71.9,7,23,39,69,C+
S16686,Nasreen Fareed,Female,CSE,8,Big Data Processing,78.3,6,9,55,70,B
S16687,Renjith Sankar,Male,CE,2,Transportation Engineering,68.3,7,14,43,64,C
S16688,Meera Kunjunni,Female,CSE,6,Software Engineering,86.7,6,22,18,46,F
S16689,Haritha Khurana,Female,ME,8,Fluid Mechanics,83.3,9,25,25,59,D
S16690,Vinod Mahesh,Male,ME,6,Strength of Materials,80.1,7,25,53,85,A+
S16691,Nimisha Vijayan,Female,CE,8,Geotechnical Engineering,90.3,9,24,59,92,S
S16692,Nithya Jayan,Female,ECE,6,VLSI Design,65.8,7,26,28,61,C
S16693,Lakshmi Vasu,Female,CSE,1,Software Engineering,72.0,7,20,60,87,A+
S16694,Parvathy Radhakrishnan,Female,ECE,7,Communication Systems,89.7,10,19,33,62,C
S16695,Rohan Bhalla,Male,CSE,8,Computer Networks,78.6,9,18,42,69,C+
S16696,Vinod Kohli,Male,CSE,8,Big Data Processing,82.4,7,30,49,86,A+
S16697,Nandakumar Unnithan,Male,CSE,7,Big Data Processing,98.6,4,20,52,76,B+
S16698,Aswathy Govindan,Female,CSE,1,Software Engineering,69.1,6,18,29,53,P
S16699,Sruthi Bansal,Female,ME,4,Fluid Mechanics,59.9,6,23,60,89,A+
S16700,Vinod Sinha,Male,CE,7,Surveying,84.0,10,23,41,74,B
S16701,Farha Ilyas,Female,ME,5,Strength of Materials,69.3,8,25,60,93,S
S16702,Ajay Rajagopal,Male,ECE,2,Digital Electronics,64.5,4,25,57,86,A+
S16703,Anjali Patel,Female,ECE,8,Communication Systems,100.0,7,25,60,92,S
S16704,Akhil Kurup,Male,ECE,5,Signals & Systems,68.5,6,28,36,70,B
S16705,Bindu Kohli,Female,ME,7,Strength of Materials,78.4,5,20,48,73,B
S16706,Gokul Rajan,Male,CE,1,Surveying,93.0,8,23,60,91,S
S16707,Meera Gopalan,Female,CE,7,Transportation Engineering,61.5,7,30,60,97,S
S16708,Pradeep Mahesh,Male,CE,1,Structural Analysis,88.2,7,23,60,90,S
S16709,Nazia Hussain,Female,ME,3,Manufacturing Technology,72.1,9,21,34,64,C
S16710,Athulya Balan,Female,ME,6,Manufacturing Technology,89.6,9,30,46,85,A+
S16711,Anand Kurup,Male,CE,5,Structural Analysis,83.1,8,17,49,74,B
S16712,Sneha Venugopal,Female,CSE,7,Big Data Processing,79.5,8,27,29,64,C
S16713,Arjun Bhardwaj,Male,CSE,8,Big Data Processing,77.1,6,24,34,64,C
S16714,Anagha Tiwari,Female,ECE,1,Communication Systems,85.4,6,11,27,44,F
S16715,Nandana Vallikkat,Female,CSE,8,DBMS,97.9,9,28,44,81,A
S16716,Renjith Kapoor,Male,ECE,3,Signals & Systems,83.4,8,28,41,77,B+
S16717,Swathi Pradeep,Female,CSE,3,Operating Systems,76.3,8,19,50,77,B+
S16718,Divya Mohan,Female,CE,4,Transportation Engineering,89.3,5,16,39,60,C
S16719,Remya Manoharan,Female,CE,4,Concrete Technology,73.2,5,26,39,70,B
S16720,Anoop Balan,Male,CSE,6,DBMS,85.0,6,19,32,57,D
S16721,Neethu Marar,Female,CE,5,Surveying,62.9,6,9,27,42,F
S16722,Anand Bhalla,Male,ECE,2,Communication Systems,80.8,6,26,42,74,B
S16723,Gayathri Neelakandan,Female,CSE,4,Data Structures,62.3,8,26,43,77,B+
S16724,Pradeep Pillai,Male,CSE,8,Big Data Processing,59.0,8,28,46,82,A
S16725,Nandakumar Kumar,Male,CE,7,Surveying,87.4,8,22,49,79,B+
S16726,Sreekumar Srivastava,Male,CSE,3,DBMS,84.0,5,21,43,69,C+
S16727,Vijay Reddy,Male,CSE,8,Operating Systems,71.9,8,12,45,65,C+
S16728,Anu Sankar,Female,ECE,3,Signals & Systems,62.7,9,20,40,69,C+
S16729,Vijay Kutty,Male,CSE,7,Operating Systems,80.3,9,26,58,93,S
S16730,Anu Jayan,Female,CE,7,Surveying,75.3,9,30,52,91,S
S16731,Ajay Agarwal,Male,CE,3,Geotechnical Engineering,99.0,6,28,43,77,B+
S16732,Rafi Rasheed,Male,CSE,5,DBMS,73.4,7,17,51,75,B+
S16733,Shameer Sha,Male,ECE,3,Microprocessors,74.4,7,21,35,63,C
S16734,Prasanth Ramakrishnan,Male,CE,2,Structural Analysis,73.2,9,17,46,72,B
S16735,Resmi Padmanabhan,Female,ME,6,Strength of Materials,65.9,9,21,47,77,B+
S16736,Nikhil Bhatt,Male,ME,6,Machine Design,71.6,6,22,44,72,B
S16737,Vineetha Sankar,Female,CSE,8,DBMS,75.9,7,22,54,83,A
S16738,Vignesh Reddy,Male,ECE,6,Microprocessors,77.8,10,22,29,61,C
S16739,Devika Kaimal,Female,ME,6,Machine Design,69.4,6,29,49,84,A
S16740,Jaseem Yasin,Male,CE,4,Structural Analysis,62.6,9,17,53,79,B+
S16741,Renjith Joshi,Male,ECE,6,Microprocessors,96.8,10,28,55,93,S
S16742,Devika Neelakandan,Female,ECE,4,Microprocessors,72.3,5,25,28,58,D
S16743,Anoop Vallikkat,Male,CE,7,Structural Analysis,74.1,4,30,42,76,B+
S16744,Vishnu Anilkumar,Male,ECE,6,Microprocessors,80.4,10,11,60,81,A
S16745,Nikhil Vasudevan,Male,CSE,6,Software Engineering,71.0,9,6,41,56,D
S16746,Vidya Solanki,Female,ECE,4,VLSI Design,80.2,6,24,38,68,C+
S16747,Devika Kunjunni,Female,ME,8,Strength of Materials,66.6,7,12,14,33,F
S16748,Devika Radhakrishnan,Female,CSE,4,Data Structures,80.1,7,21,45,73,B
S16749,Nandakumar Narayanan,Male,ME,4,Strength of Materials,83.9,6,18,35,59,D
S16750,Prasanth Yadav,Male,ME,4,Fluid Mechanics,78.4,7,21,32,60,C
S16751,Suhail Kareem,Male,ECE,5,VLSI Design,79.7,6,24,41,71,B
S16752,Aiswarya Sivan,Female,ECE,5,VLSI Design,83.7,6,21,49,76,B+
S16753,Athira Raj,Female,CE,7,Surveying,86.8,8,25,29,62,C
S16754,Lakshmi Unni,Female,CE,5,Concrete Technology,71.2,5,16,49,70,B
S16755,Sruthi Prasad,Female,ECE,1,Signals & Systems,67.6,8,30,50,88,A+
S16756,Sanjay Varma,Male,ECE,7,Digital Electronics,91.4,7,30,60,97,S
S16757,Sindhu Kunjunni,Female,CSE,2,DBMS,52.7,7,28,60,95,S
S16758,Rajesh Bhatt,Male,ECE,8,Microprocessors,75.3,5,16,50,71,B
S16759,Vignesh Rathore,Male,ECE,7,VLSI Design,91.3,7,16,38,61,C
S16760,Anagha Gopalan,Female,ME,8,Thermodynamics,69.8,7,16,34,57,D
S16761,Anagha Radhakrishnan,Female,ME,7,Machine Design,90.8,6,21,44,71,B
S16762,Anagha Yadav,Female,CE,1,Surveying,68.1,8,19,50,77,B+
S16763,Ramesh Raghavan,Male,ECE,3,Microprocessors,78.9,8,24,47,79,B+
S16764,Dinesh Vasudevan,Male,ME,4,Fluid Mechanics,86.7,6,13,60,79,B+
S16765,Anu Rajan,Female,CE,4,Surveying,67.2,5,19,59,83,A
S16766,Vishnu Achari,Male,CE,1,Structural Analysis,84.2,8,30,35,73,B
S16767,Adithya Goel,Male,ME,7,Strength of Materials,74.7,7,19,56,82,A
S16768,Gokul Kohli,Male,ME,3,Thermodynamics,71.3,7,23,48,78,B+
S16769,Sarath Unni,Male,ME,4,Manufacturing Technology,87.2,8,23,46,77,B+
S16770,Bineesh Pinto,Male,CSE,8,Computer Networks,95.1,6,19,37,62,C
S16771,Radhika Sethi,Female,CE,8,Geotechnical Engineering,60.0,8,22,24,54,P
S16772,Jaseem Nazeer,Male,ECE,2,VLSI Design,95.0,6,22,37,65,C+
S16773,Sindhu Tiwari,Female,CE,1,Geotechnical Engineering,76.0,6,23,36,65,C+
S16774,Vinod Yadav,Male,CE,6,Structural Analysis,94.6,6,30,45,81,A
S16775,Rashid Anwar,Male,ECE,2,Signals & Systems,64.1,7,10,36,53,P
S16776,Suhana Moulavi,Female,ECE,4,Communication Systems,85.5,7,18,31,56,D
S16777,Suresh Agarwal,Male,ME,5,Manufacturing Technology,78.5,6,17,60,83,A
S16778,Anagha Chandrasekharan,Female,ECE,8,Signals & Systems,55.8,8,29,21,58,D
S16779,Manoj Sivan,Male,CSE,8,Data Structures,68.5,6,10,35,51,P
S16780,Reshma Bakshi,Female,CE,3,Transportation Engineering,65.6,7,22,42,71,B
S16781,Divya Suresh,Female,CE,3,Concrete Technology,83.8,7,23,40,70,B
S16782,Sarath Bhalla,Male,ECE,4,Signals & Systems,91.0,6,27,27,60,C
S16783,Sameera Koya,Female,ME,4,Thermodynamics,66.3,8,24,43,75,B+
S16784,Nandana Gopinathan,Female,ECE,8,VLSI Design,90.6,8,24,41,73,B
S16785,Sruthi Govindan,Female,ECE,5,Digital Electronics,80.4,9,22,24,55,D
S16786,Nandana Iyer,Female,ME,2,Manufacturing Technology,58.1,5,19,46,70,B
S16787,Irfan Basha,Male,ME,2,Fluid Mechanics,74.0,5,24,42,71,B
S16788,Swathi Bhattathiri,Female,CSE,3,Data Structures,83.1,7,17,37,61,C
S16789,Shilpa Bansal,Female,CE,7,Geotechnical Engineering,73.5,4,21,49,74,B
S16790,Rahul Saxena,Male,ME,2,Strength of Materials,57.5,6,22,34,62,C
S16791,Suresh Rathore,Male,CE,2,Geotechnical Engineering,73.4,7,26,34,67,C+
S16792,Lakshmi Poduval,Female,ME,5,Thermodynamics,83.2,7,15,37,59,D
S16793,Vinod Manoharan,Male,CSE,3,DBMS,78.4,8,23,19,50,P
S16794,Athulya Gopinathan,Female,CE,2,Transportation Engineering,78.3,6,13,42,61,C
S16795,Greeshma Krishnan,Female,CE,7,Concrete Technology,55.8,7,24,53,84,A
S16796,Prasanth Kaimal,Male,CE,1,Concrete Technology,92.3,8,18,40,66,C+
S16797,Lakshmi Kutty,Female,CE,7,Structural Analysis,80.5,7,14,35,56,D
S16798,Bindu Bhatt,Female,ECE,6,Microprocessors,89.6,7,19,21,47,F
S16799,Aswathy Malhotra,Female,ME,8,Machine Design,89.3,6,19,21,46,F
S16800,Sreejith Menon,Male,CE,6,Transportation Engineering,59.7,9,9,53,71,B
S16801,Jerin Dsouza,Male,ECE,1,Communication Systems,74.8,8,22,57,87,A+
S16802,Unnikrishnan Manoharan,Male,CE,8,Concrete Technology,75.3,6,21,49,76,B+
S16803,Vignesh Srivastava,Male,ECE,2,Microprocessors,71.3,8,27,52,87,A+
S16804,Shefeek Sayyed,Male,ME,8,Thermodynamics,77.6,6,16,56,78,B+
S16805,Amrutha Madhavan,Female,ME,8,Thermodynamics,88.0,9,22,50,81,A
S16806,Rohan Chauhan,Male,CSE,7,Big Data Processing,77.8,7,25,60,92,S
S16807,Soumya Vallikkat,Female,ME,4,Thermodynamics,68.1,10,16,42,68,C+
S16808,Aiswarya Vasudevan,Female,CSE,4,Big Data Processing,67.3,3,12,49,64,C
S16809,Justin Philip,Male,CSE,6,Data Structures,71.4,9,14,21,44,F
S16810,Pradeep Unnithan,Male,ME,3,Fluid Mechanics,84.4,4,30,47,81,A
S16811,Ajay Kunjunni,Male,ECE,7,VLSI Design,65.6,9,17,43,69,C+
S16812,Jithin Yadav,Male,ECE,6,Digital Electronics,85.3,7,24,49,80,A
S16813,Gayathri Kaimal,Female,ME,8,Thermodynamics,84.0,6,26,35,67,C+
S16814,Ramesh Sasidharan,Male,ECE,8,Communication Systems,93.9,8,20,44,72,B
S16815,Vidya Vinod,Female,ECE,6,VLSI Design,92.0,6,19,50,75,B+
S16816,Faisal Bava,Male,CSE,6,Data Structures,95.7,8,29,60,97,S
S16817,Rizwan Shah,Male,ME,1,Strength of Materials,95.3,7,26,42,75,B+
S16818,Anagha Mishra,Female,ECE,1,VLSI Design,79.5,8,20,42,70,B
S16819,Unnikrishnan Panicker,Male,CSE,5,DBMS,75.3,7,26,18,51,P
S16820,Sowmya Sudhakaran,Female,CE,5,Geotechnical Engineering,83.6,6,25,42,73,B
S16821,Karthik Suresh,Male,ME,6,Machine Design,78.2,6,13,33,52,P
S16822,Sinan Shah,Male,ECE,1,VLSI Design,79.7,7,21,60,88,A+
S16823,Anumol Gomez,Female,ME,1,Strength of Materials,73.4,7,15,60,82,A
S16824,Greeshma Mahesh,Female,CE,3,Structural Analysis,79.9,7,18,23,48,F
S16825,Anagha Kumar,Female,CE,6,Structural Analysis,100.0,6,29,53,88,A+
S16826,Pradeep Namboodiripad,Male,ME,1,Manufacturing Technology,82.4,6,22,34,62,C
S16827,Nandana Gupta,Female,ME,5,Manufacturing Technology,69.4,6,22,60,88,A+
S16828,Sindhu Krishnan,Female,ME,1,Thermodynamics,76.0,6,20,52,78,B+
S16829,Sana Sait,Female,CSE,7,Big Data Processing,95.0,9,23,59,91,S
S16830,Vijay Verma,Male,ECE,6,Microprocessors,63.1,9,15,59,83,A
S16831,Soumya Bakshi,Female,ME,3,Fluid Mechanics,73.5,7,20,41,68,C+
S16832,Soumya Agarwal,Female,CSE,3,Data Structures,83.1,7,19,43,69,C+
S16833,Sruthi Sivan,Female,CSE,8,Data Structures,77.5,7,26,23,56,D
S16834,Nandana Thampi,Female,CE,5,Concrete Technology,62.2,8,25,38,71,B
S16835,Shilpa Kaimal,Female,CSE,3,Computer Networks,85.2,9,20,44,73,B
S16836,Naveen Gopalan,Male,ECE,4,Microprocessors,80.1,9,17,47,73,B
S16837,Sanjay Anilkumar,Male,ME,5,Fluid Mechanics,81.5,7,28,39,74,B
S16838,Teena Areeparampil,Female,CE,2,Structural Analysis,83.1,6,27,40,73,B
S16839,Deepak Vijayan,Male,CSE,5,Computer Networks,76.7,8,27,42,77,B+
S16840,Arjun Vallikkat,Male,ECE,3,Communication Systems,88.0,8,27,30,65,C+
S16841,Nandakumar Gopinathan,Male,CE,8,Surveying,68.4,7,15,39,61,C
S16842,Vinod Sreedharan,Male,ECE,2,Microprocessors,89.6,9,24,38,71,B
S16843,Sabira Rawther,Female,CSE,3,Computer Networks,57.4,4,21,46,71,B
S16844,Nithya Gopinathan,Female,CE,2,Structural Analysis,80.5,7,26,46,79,B+
S16845,Reshma Dubey,Female,CSE,1,DBMS,99.0,9,16,26,51,P
S16846,Sindhu Kurup,Female,ECE,2,Digital Electronics,75.9,7,30,38,75,B+
S16847,Vidya Desai,Female,CSE,1,DBMS,68.9,7,15,33,55,D
S16848,Swathi Namboodiripad,Female,CE,7,Surveying,73.0,7,30,40,77,B+
S16849,Radhika Agarwal,Female,CE,5,Transportation Engineering,91.2,8,19,34,61,C
S16850,Reshma Namputhiri,Female,ECE,2,Digital Electronics,94.3,8,21,37,66,C+
S16851,Rizwan Shukoor,Male,CE,4,Transportation Engineering,86.4,6,20,37,63,C
S16852,Justin Chundevalel,Male,ME,6,Fluid Mechanics,71.6,9,19,25,53,P
S16853,Parvathy Vinod,Female,CE,5,Structural Analysis,80.4,6,15,45,66,C+
S16854,Aravind Das,Male,ME,7,Fluid Mechanics,60.9,9,14,33,56,D
S16855,Anagha Rao,Female,CSE,6,DBMS,80.1,8,23,48,79,B+
S16856,Sindhu Suresh,Female,CE,1,Concrete Technology,91.4,7,21,60,88,A+
S16857,Rohan Joshi,Male,ME,4,Machine Design,75.1,6,20,45,71,B
S16858,Amrutha Bhatt,Female,CE,8,Geotechnical Engineering,71.9,2,29,19,50,P
S16859,Sreejith Sankar,Male,ME,2,Thermodynamics,100.0,7,13,32,52,P
S16860,Biju Krishnankutty,Male,ME,8,Strength of Materials,87.9,5,20,38,63,C
S16861,Dinesh Tiwari,Male,CE,7,Surveying,72.1,7,18,33,58,D
S16862,Ramesh Patel,Male,ME,4,Manufacturing Technology,80.3,6,19,47,72,B
S16863,Renjith Mahesh,Male,ECE,6,Microprocessors,75.8,5,21,38,64,C
S16864,Suresh Chandrasekharan,Male,CSE,2,Big Data Processing,86.6,9,15,54,78,B+
S16865,Bindu Rajendran,Female,ME,8,Manufacturing Technology,56.4,7,26,47,80,A
S16866,Deepak Arora,Male,CE,3,Geotechnical Engineering,73.0,4,24,30,58,D
S16867,Bindu Sudhakaran,Female,CE,5,Structural Analysis,87.9,9,21,42,72,B
S16868,Shilpa Ramesh,Female,ECE,4,Digital Electronics,97.2,6,28,46,80,A
S16869,Radhika Ramakrishnan,Female,ME,1,Manufacturing Technology,64.7,9,27,47,83,A
S16870,Vineetha Kartha,Female,CE,8,Geotechnical Engineering,96.7,3,13,39,55,D
S16871,Nithin Cherian,Male,ECE,4,Signals & Systems,82.8,8,21,32,61,C
S16872,Lakshmi Panicker,Female,CSE,4,Big Data Processing,66.8,9,18,57,84,A
S16873,Madhu Madhavan,Male,CSE,7,Data Structures,74.4,6,16,46,68,C+
S16874,Sanjay Reddy,Male,ME,4,Manufacturing Technology,87.0,7,28,43,78,B+
S16875,Rafeeqa Kabir,Female,ME,4,Machine Design,65.0,6,13,42,61,C
S16876,Anumol Ittycheria,Female,CSE,3,DBMS,51.9,6,17,40,63,C
S16877,Rahul Ramesh,Male,CSE,2,Data Structures,92.3,6,9,41,56,D
S16878,Divya Krishnan,Female,ME,8,Strength of Materials,74.5,8,20,46,74,B
S16879,Sujith Nair,Male,ECE,6,VLSI Design,75.0,7,13,60,80,A
S16880,Anagha Narayanan,Female,CSE,1,Computer Networks,93.3,10,17,60,87,A+
S16881,Aravind Reddy,Male,CE,6,Transportation Engineering,77.9,6,27,29,62,C
S16882,Nandana Mahesh,Female,ECE,5,Communication Systems,82.4,9,21,25,55,D
S16883,Rasheeda Qureshi,Female,CE,1,Structural Analysis,76.9,6,26,52,84,A
S16884,Priya Namboothiri,Female,ME,2,Thermodynamics,68.0,9,22,60,91,S
S16885,Sreejith Yadav,Male,CE,5,Surveying,65.2,10,24,45,79,B+
S16886,Greeshma Iyer,Female,CSE,1,Data Structures,70.7,7,16,18,41,F
S16887,Sreekumar Narayanan,Male,CE,4,Structural Analysis,98.6,6,22,40,68,C+
S16888,Anna Kutty,Female,CSE,4,Operating Systems,72.9,9,18,42,69,C+
S16889,Vinod Sharma,Male,ECE,5,Signals & Systems,77.7,6,22,21,49,F
S16890,Sneha Tiwari,Female,CSE,6,Computer Networks,61.3,6,16,38,60,C
S16891,Aravind Panicker,Male,ECE,6,Microprocessors,68.1,6,17,36,59,D
S16892,Ajay Thampi,Male,CE,6,Geotechnical Engineering,83.0,8,24,45,77,B+
S16893,Haritha Chauhan,Female,CSE,3,Data Structures,71.6,4,21,60,85,A+
S16894,Sinan Shukoor,Male,CE,2,Geotechnical Engineering,84.0,2,22,43,67,C+
S16895,Bincy Samuel,Female,ME,4,Fluid Mechanics,56.7,10,26,23,59,D
S16896,Sruthi Marar,Female,CE,3,Concrete Technology,75.2,7,17,41,65,C+
S16897,Nikhil Mishra,Male,CE,2,Surveying,100.0,7,11,49,67,C+
S16898,Nithya Naidu,Female,CSE,3,Operating Systems,59.9,10,23,43,76,B+
S16899,Sanjay Narayanan,Male,CSE,7,Computer Networks,81.7,9,24,54,87,A+
S16900,Vishnu Radhakrishnan,Male,ME,8,Strength of Materials,98.3,5,24,42,71,B
S16901,Anoop Solanki,Male,CSE,7,Big Data Processing,90.4,7,26,51,84,A
S16902,Sowmya Manoharan,Female,CSE,2,Operating Systems,74.6,6,24,50,80,A
S16903,Sreekumar Gopinathan,Male,ECE,5,Digital Electronics,69.2,10,22,47,79,B+
S16904,Unnikrishnan Chandra,Male,ME,7,Fluid Mechanics,72.2,6,13,50,69,C+
S16905,Lakshmi Neelakandan,Female,CE,7,Surveying,92.0,9,27,31,67,C+
S16906,Jaseem Ahmed,Male,ME,2,Machine Design,78.7,8,15,37,60,C
S16907,Manoj Vijayan,Male,CSE,7,Big Data Processing,76.6,6,22,40,68,C+
S16908,Dinesh Sreekumar,Male,CE,2,Concrete Technology,65.2,10,24,54,88,A+
S16909,Divya Pisharody,Female,ECE,8,Communication Systems,82.8,10,13,50,73,B
S16910,Greeshma Rajagopal,Female,CSE,5,Software Engineering,83.1,7,15,51,73,B
S16911,Shefeek Sheikh,Male,CSE,3,DBMS,80.5,4,27,52,83,A
S16912,Nikhil Warrier,Male,ME,7,Strength of Materials,64.8,7,26,31,64,C
S16913,Gokul Kunjunni,Male,ME,4,Manufacturing Technology,70.9,8,15,40,63,C
S16914,Adithya Bhalla,Male,CSE,6,Software Engineering,86.4,6,16,57,79,B+
S16915,Devika Vallikkat,Female,CSE,1,Big Data Processing,74.6,10,30,38,78,B+
S16916,Swathi Varma,Female,CSE,1,DBMS,68.3,8,23,42,73,B
S16917,Nikhil Ramakrishnan,Male,ME,5,Thermodynamics,73.2,8,20,36,64,C
S16918,Vidya Bhaskaran,Female,CE,6,Concrete Technology,73.2,6,18,42,66,C+
S16919,Jasira Sait,Female,ME,6,Manufacturing Technology,75.3,8,27,47,82,A
S16920,Parvathy Pillai,Female,ME,7,Manufacturing Technology,83.1,8,17,50,75,B+
S16921,Anagha Chowdhury,Female,CSE,3,Big Data Processing,79.5,6,12,49,67,C+
S16922,Karthik Reddy,Male,CSE,3,Big Data Processing,86.4,7,26,50,83,A
S16923,Irfan Iqbal,Male,CE,4,Geotechnical Engineering,71.8,5,18,46,69,C+
S16924,Aswathy Poduval,Female,ME,7,Thermodynamics,94.5,6,22,35,63,C
S16925,Jyothsna Gupta,Female,CSE,3,Computer Networks,82.0,7,24,31,62,C
S16926,Nimisha Pisharody,Female,CSE,3,DBMS,57.0,7,22,21,50,P
S16927,Nimisha Thampuran,Female,ECE,4,Communication Systems,79.6,10,23,58,91,S
S16928,Balachandran Sharma,Male,ME,8,Thermodynamics,69.6,6,25,22,53,P
S16929,Manoj Warrier,Male,CE,5,Geotechnical Engineering,88.1,6,25,45,76,B+
S16930,Neethu Sethi,Female,CE,6,Concrete Technology,62.9,10,23,34,67,C+
S16931,Resmi Agrawal,Female,ME,1,Machine Design,84.5,6,25,30,61,C
S16932,Greeshma Vasu,Female,ME,1,Machine Design,86.4,5,24,49,78,B+
S16933,Aiswarya Bhatt,Female,CE,7,Concrete Technology,90.0,5,28,60,93,S
S16934,Greeshma Prasad,Female,ME,2,Thermodynamics,63.6,7,20,58,85,A+
S16935,Naveen Bhaskaran,Male,CE,1,Concrete Technology,88.8,9,30,53,92,S
S16936,Sarath Pradeep,Male,CSE,8,Big Data Processing,75.6,7,24,42,73,B
S16937,Priya Sinha,Female,ECE,6,Communication Systems,78.8,9,21,47,77,B+
S16938,Balachandran Vinod,Male,CSE,3,Data Structures,79.6,5,6,56,67,C+
S16939,Aravind Suresh,Male,ECE,2,Communication Systems,90.3,7,14,45,66,C+
S16940,Suhana Zubair,Female,CE,2,Geotechnical Engineering,100.0,6,11,42,59,D
S16941,Reshma Vasudevan,Female,ME,5,Machine Design,69.9,6,25,45,76,B+
S16942,Radhika Chandran,Female,ECE,4,Signals & Systems,95.1,8,17,44,69,C+
S16943,Anitha Ramakrishnan,Female,CSE,7,Software Engineering,71.5,10,26,54,90,S
S16944,Adithya Rathore,Male,CSE,7,Operating Systems,100.0,9,12,33,54,P
S16945,Nithya Sudhakaran,Female,ME,2,Fluid Mechanics,77.4,7,19,42,68,C+
S16946,Sreekumar Choudhary,Male,CE,3,Geotechnical Engineering,68.6,10,28,55,93,S
S16947,Manoj Thampi,Male,ME,6,Strength of Materials,82.4,7,23,60,90,S
S16948,Aravind Rajagopal,Male,CSE,7,Software Engineering,81.2,7,30,38,75,B+
S16949,Aparna Agarwal,Female,ME,2,Machine Design,87.3,6,26,41,73,B
S16950,Anoop Sankar,Male,CSE,8,Software Engineering,91.4,7,22,35,64,C
S16951,Nandana Manoharan,Female,CE,1,Structural Analysis,69.2,5,20,29,54,P
S16952,Vijay Gopinathan,Male,ECE,3,Communication Systems,68.7,8,25,45,78,B+
S16953,Vijay Dubey,Male,CE,7,Surveying,87.1,6,13,43,62,C
S16954,Aiswarya Suresh,Female,CSE,1,Computer Networks,76.0,7,8,31,46,F
S16955,Vidya Anilkumar,Female,ECE,8,Microprocessors,92.0,7,29,52,88,A+
S16956,Meera Chopra,Female,CSE,4,Data Structures,68.2,8,26,57,91,S
S16957,Parvathy Mohan,Female,CSE,2,Big Data Processing,90.1,6,14,47,67,C+
S16958,Pradeep Padmanabhan,Male,ME,3,Thermodynamics,82.7,9,22,29,60,C
S16959,Sreejith Bhardwaj,Male,ME,1,Strength of Materials,61.2,9,28,52,89,A+
S16960,Swathi Balan,Female,CE,1,Surveying,69.3,7,15,33,55,D
S16961,Meera Pandey,Female,CSE,4,Big Data Processing,55.7,7,22,22,51,P
S16962,Adithya Arora,Male,ME,7,Thermodynamics,76.7,6,27,60,93,S
S16963,Anjali Trivedi,Female,CE,2,Concrete Technology,77.6,7,18,23,48,F
S16964,Shilpa Vijayan,Female,ME,6,Fluid Mechanics,64.1,7,20,37,64,C
S16965,Sarath Karthikeyan,Male,CE,8,Surveying,58.8,6,17,43,66,C+
S16966,Sameer Ismail,Male,ME,4,Fluid Mechanics,59.9,6,21,48,75,B+
S16967,Sruthi Balan,Female,ECE,4,Microprocessors,87.7,9,15,26,50,P
S16968,Anoop Desai,Male,CSE,4,DBMS,69.8,9,25,31,65,C+
S16969,Manu Gupta,Male,CSE,6,Operating Systems,57.1,7,18,48,73,B
S16970,Sreelakshmi Gopinathan,Female,ECE,5,VLSI Design,69.0,8,13,51,72,B
S16971,Sanjay Mishra,Male,CSE,2,Data Structures,95.0,7,28,23,58,D
S16972,Sreekumar Rajendran,Male,ME,7,Thermodynamics,100.0,7,8,41,56,D
S16973,Jyothsna Chopra,Female,ECE,8,Communication Systems,70.2,7,20,37,64,C
S16974,Nandakumar Shukla,Male,ME,4,Thermodynamics,79.2,7,23,45,75,B+
S16975,Sujith Srivastava,Male,CSE,4,Big Data Processing,73.7,9,20,28,57,D
S16976,Parvathy Mahesh,Female,ME,5,Manufacturing Technology,86.3,6,26,40,72,B
S16977,Lakshmi Rajan,Female,ME,7,Thermodynamics,90.8,7,25,28,60,C
S16978,Suresh Kaimal,Male,ECE,5,Microprocessors,78.9,8,23,42,73,B
S16979,Sudheesh Kapoor,Male,ECE,5,VLSI Design,92.8,8,17,56,81,A
S16980,Vishnu Arora,Male,CE,6,Transportation Engineering,69.5,9,10,55,74,B
S16981,Priya Raman,Female,CSE,1,Data Structures,84.6,8,17,50,75,B+
S16982,Anand Gupta,Male,ECE,7,Communication Systems,85.4,4,25,34,63,C
S16983,Anjali Thampi,Female,ME,7,Fluid Mechanics,82.9,7,26,41,74,B
S16984,Nikhil Srivastava,Male,CSE,4,DBMS,84.8,8,19,34,61,C
S16985,Naveen Nair,Male,CE,8,Geotechnical Engineering,81.6,6,19,39,64,C
S16986,Ramesh Thampi,Male,ECE,4,Communication Systems,97.4,7,13,42,62,C
S16987,Jasmin Habeeb,Female,ME,3,Strength of Materials,64.6,6,29,54,89,A+
S16988,Vinod Dubey,Male,ECE,6,Signals & Systems,73.7,8,26,49,83,A
S16989,Devika Anilkumar,Female,ME,7,Fluid Mechanics,69.7,5,24,48,77,B+
S16990,Nandakumar Agrawal,Male,ME,4,Strength of Materials,88.7,8,12,44,64,C
S16991,Aparna Tiwari,Female,CE,7,Structural Analysis,76.6,7,11,52,70,B
S16992,Resmi Sankar,Female,ME,8,Thermodynamics,88.6,10,12,50,72,B
S16993,Gayathri Sinha,Female,ME,2,Fluid Mechanics,86.2,7,23,47,77,B+
S16994,Vijay Bhatt,Male,ECE,6,Communication Systems,64.8,5,17,29,51,P
S16995,Radhika Sharma,Female,ME,2,Fluid Mechanics,76.2,8,22,60,90,S
S16996,Aiswarya Padmanabhan,Female,ME,2,Manufacturing Technology,78.7,7,26,38,71,B
S16997,Aravind Varma,Male,ECE,7,Digital Electronics,67.1,6,28,60,94,S
S16998,Sudheesh Bhalla,Male,CE,7,Geotechnical Engineering,79.7,8,3,33,44,F
S16999,Sreekumar Jayan,Male,CE,3,Concrete Technology,98.8,7,30,43,80,A
S17000,Rohan Namboothiri,Male,ME,4,Machine Design,53.7,6,29,60,95,S
S17001,Amrutha Neelakandan,Female,ECE,7,VLSI Design,68.8,7,25,35,67,C+
S17002,Nandana Kohli,Female,CSE,8,Data Structures,73.2,7,18,56,81,A
S17003,Rahul Vallikkat,Male,ECE,1,VLSI Design,83.8,7,24,39,70,B
S17004,Rahul Bhardwaj,Male,ECE,4,Microprocessors,84.4,9,26,49,84,A
S17005,Meera Menon,Female,CE,8,Geotechnical Engineering,93.3,9,21,32,62,C
S17006,Meera Pradeep,Female,ME,1,Manufacturing Technology,72.8,8,19,48,75,B+
S17007,Suresh Rajagopal,Male,CSE,1,Big Data Processing,74.4,6,25,49,80,A
S17008,Aparna Thampuran,Female,CSE,8,Big Data Processing,77.6,8,19,26,53,P
S17009,Sreekumar Agrawal,Male,ME,7,Strength of Materials,67.0,8,20,31,59,D
S17010,Vishnu Gupta,Male,ME,1,Machine Design,77.8,10,19,22,51,P
S17011,Vishnu Pradeep,Male,CE,7,Surveying,84.6,7,16,41,64,C
S17012,Bineesh Puthussery,Male,CSE,6,Data Structures,85.2,8,27,49,84,A
S17013,Vignesh Warrier,Male,CE,5,Surveying,60.2,6,21,26,53,P
S17014,Sudheesh Khurana,Male,ECE,6,Communication Systems,81.3,7,21,56,84,A
S17015,Sowmya Sivan,Female,CSE,2,Data Structures,86.5,8,28,30,66,C+
S17016,Anand Radhakrishnan,Male,ECE,4,Microprocessors,97.7,6,28,31,65,C+
S17017,Sarath Rajendran,Male,CSE,3,Computer Networks,70.8,9,21,42,72,B
S17018,Bindu Menon,Female,CE,8,Geotechnical Engineering,68.7,5,12,30,47,F
S17019,Vidya Govindan,Female,ECE,6,Communication Systems,81.1,6,29,23,58,D
S17020,Aswathy Pandey,Female,ME,5,Machine Design,52.5,7,20,40,67,C+
S17021,Arjun Sreekumar,Male,ECE,3,Digital Electronics,90.3,7,18,52,77,B+
S17022,Jithin Krishnankutty,Male,CE,8,Concrete Technology,84.5,9,22,24,55,D
S17023,Priya Marar,Female,CSE,1,DBMS,78.1,8,26,60,94,S
S17024,Nikhil Sasidharan,Male,ECE,4,VLSI Design,81.6,7,21,42,70,B
S17025,Meera Desai,Female,ECE,5,Signals & Systems,76.8,8,19,42,69,C+
S17026,Sanjay Namputhiri,Male,ME,6,Manufacturing Technology,84.4,9,29,60,98,S
S17027,Aswathy Shukla,Female,ME,3,Fluid Mechanics,71.9,4,15,47,66,C+
S17028,Naseer Junaid,Male,ME,8,Strength of Materials,94.6,9,26,36,71,B
S17029,Rafeeqa Junaid,Female,ECE,3,Digital Electronics,88.8,9,9,42,60,C
S17030,Vivek Rajagopal,Male,CE,3,Surveying,73.1,9,25,54,88,A+
S17031,Sanjay Suresh,Male,ME,5,Strength of Materials,75.6,8,20,39,67,C+
S17032,Anjali Raman,Female,ME,8,Manufacturing Technology,81.6,9,27,51,87,A+
S17033,Prasanth Thampuran,Male,CSE,1,Software Engineering,83.4,8,17,49,74,B
S17034,Priya Kutty,Female,ME,6,Fluid Mechanics,62.6,8,15,54,77,B+
S17035,Rafi Moideen,Male,CE,3,Transportation Engineering,78.1,8,17,58,83,A
S17036,Sreejith Varma,Male,ECE,1,VLSI Design,66.7,6,17,60,83,A
S17037,Deepthi Prasad,Female,CE,3,Concrete Technology,64.1,5,24,43,72,B
S17038,Ramesh Naidu,Male,ME,6,Thermodynamics,69.2,5,21,54,80,A
S17039,Sana Yusuf,Female,ME,8,Strength of Materials,84.8,4,19,38,61,C
S17040,Aparna Pisharody,Female,CSE,2,Operating Systems,72.3,8,18,47,73,B
S17041,Dinesh Naidu,Male,CE,5,Structural Analysis,97.4,6,24,43,73,B
S17042,Sarath Anandan,Male,ME,8,Machine Design,100.0,6,23,29,58,D
S17043,Sanjay Bhaskaran,Male,ME,2,Machine Design,92.5,6,21,44,71,B
S17044,Greeshma Shukla,Female,CSE,6,Data Structures,90.4,9,9,55,73,B
S17045,Sreelakshmi Kurup,Female,CE,3,Transportation Engineering,79.4,9,30,41,80,A
S17046,Vidya Prakash,Female,ME,3,Strength of Materials,63.9,6,22,28,56,D
S17047,Jaseem Kunju,Male,CE,6,Transportation Engineering,80.4,6,30,60,96,S
S17048,Vivek Raman,Male,CSE,1,DBMS,63.7,8,14,34,56,D
S17049,Vinod Raj,Male,CSE,1,Operating Systems,88.9,6,23,24,53,P
S17050,Gokul Ramakrishnan,Male,CE,8,Geotechnical Engineering,83.7,9,22,59,90,S
S17051,Sudheesh Namputhiri,Male,CSE,6,DBMS,84.6,8,27,50,85,A+
S17052,Nizam Faisal,Male,CE,7,Structural Analysis,58.4,8,15,28,51,P
S17053,Gokul Sinha,Male,CE,4,Structural Analysis,91.8,10,23,60,93,S
S17054,Akhil Rajagopal,Male,CSE,3,DBMS,80.1,6,18,60,84,A
S17055,Priya Prasad,Female,ECE,3,Microprocessors,64.3,5,28,52,85,A+
S17056,Sanjay Prakash,Male,CSE,6,Big Data Processing,84.6,7,24,60,91,S
S17057,Biju Khurana,Male,CE,7,Geotechnical Engineering,60.5,6,25,28,59,D
S17058,Radhika Bansal,Female,CE,7,Surveying,77.5,6,27,41,74,B
S17059,Gayathri Chandra,Female,ME,5,Machine Design,70.8,5,27,21,53,P
S17060,Sreelakshmi Pandey,Female,ECE,4,Digital Electronics,84.9,9,23,36,68,C+
S17061,Nimisha Patel,Female,ME,3,Thermodynamics,77.3,4,19,39,62,C
S17062,Nandana Prakash,Female,CE,4,Geotechnical Engineering,43.4,5,16,34,55,D
S17063,Deepak Marar,Male,CE,7,Geotechnical Engineering,66.5,7,30,50,87,A+
S17064,Lakshmi Tiwari,Female,CE,4,Geotechnical Engineering,75.7,7,27,49,83,A
S17065,Nandana Balakrishnan,Female,ECE,8,Communication Systems,67.1,9,28,44,81,A
S17066,Farha Koya,Female,ECE,1,Microprocessors,66.1,9,20,44,73,B
S17067,Sudheesh Warrier,Male,CE,6,Concrete Technology,57.4,5,27,45,77,B+
S17068,Anand Chandrasekharan,Male,ME,5,Thermodynamics,80.9,8,30,46,84,A
S17069,Sujith Ramesh,Male,CE,5,Structural Analysis,73.4,4,22,52,78,B+
S17070,Sruthi Thampi,Female,ECE,3,Signals & Systems,92.6,8,22,27,57,D
S17071,Nandakumar Mishra,Male,CE,8,Geotechnical Engineering,73.6,10,17,59,86,A+
S17072,Manoj Khurana,Male,CE,8,Transportation Engineering,75.3,7,19,60,86,A+
S17073,Divya Rajagopal,Female,ECE,3,Digital Electronics,74.6,8,23,48,79,B+
S17074,Fathima Shah,Female,ME,6,Manufacturing Technology,99.2,8,23,42,73,B
S17075,Jyothsna Manoharan,Female,CE,5,Transportation Engineering,81.7,7,16,31,54,P
S17076,Nandakumar Namboodiripad,Male,ME,6,Fluid Mechanics,80.2,8,16,38,62,C
S17077,Biju Srivastava,Male,CSE,5,DBMS,61.8,6,19,46,71,B
S17078,Vinod Sreekumar,Male,CE,5,Transportation Engineering,78.9,8,10,53,71,B
S17079,Deepak Ramakrishnan,Male,ECE,6,Signals & Systems,84.1,10,23,39,72,B
S17080,Greeshma Solanki,Female,ECE,7,Digital Electronics,83.4,5,19,37,61,C
S17081,Sowmya Sinha,Female,ME,3,Fluid Mechanics,80.7,10,10,34,54,P
S17082,Sruthi Pillai,Female,CE,7,Concrete Technology,62.2,7,17,52,76,B+
S17083,Fathima Sha,Female,CSE,5,Operating Systems,83.1,5,29,52,86,A+
S17084,Jithin Varma,Male,CE,8,Geotechnical Engineering,87.8,7,17,59,83,A
S17085,Sowmya Krishnankutty,Female,CSE,1,Big Data Processing,98.0,8,11,42,61,C
S17086,Reshma Krishnankutty,Female,ECE,8,VLSI Design,79.6,7,8,30,45,F
S17087,Jasmin Sha,Female,ME,5,Thermodynamics,93.4,7,25,44,76,B+
S17088,Sarath Bhardwaj,Male,ME,2,Machine Design,77.0,7,29,37,73,B
S17089,Athira Vasu,Female,CE,8,Surveying,81.4,6,19,41,66,C+
S17090,Sreekumar Kunjunni,Male,ECE,6,Signals & Systems,98.0,10,20,52,82,A
S17091,Aiswarya Bhalla,Female,CE,1,Concrete Technology,72.7,9,13,58,80,A
S17092,Arjun Thampuran,Male,CE,4,Geotechnical Engineering,73.6,8,28,36,72,B
S17093,Meera Srivastava,Female,ME,2,Fluid Mechanics,84.8,9,18,43,70,B
S17094,Athira Padmanabhan,Female,CE,1,Concrete Technology,76.0,7,16,48,71,B
S17095,Akhil Madhavan,Male,CE,3,Geotechnical Engineering,90.2,8,29,47,84,A
S17096,Nithin Mathai,Male,CSE,6,Operating Systems,80.9,6,18,49,73,B
S17097,Sindhu Govindan,Female,CSE,3,Data Structures,83.1,9,22,25,56,D
S17098,Jyothsna Ashokan,Female,CSE,2,Computer Networks,76.8,7,29,45,81,A
S17099,Vivek Iyer,Male,ECE,5,Microprocessors,92.8,4,19,50,73,B
S17100,Vineetha Choudhary,Female,ECE,2,Digital Electronics,63.8,8,18,42,68,C+
S17101,Aravind Balan,Male,CSE,3,Operating Systems,73.5,7,27,47,81,A
S17102,Adithya Tiwari,Male,ECE,8,VLSI Design,82.6,9,23,49,81,A
S17103,Neethu Jayan,Female,CE,1,Surveying,96.3,7,24,53,84,A
S17104,Bibinlal Thumpayil,Male,CE,5,Geotechnical Engineering,73.6,4,24,32,60,C
S17105,Rahul Manoharan,Male,CSE,1,Operating Systems,88.1,7,22,43,72,B
S17106,Anagha Rajan,Female,CE,8,Surveying,81.4,8,30,56,94,S
S17107,Adithya Shukla,Male,ME,6,Thermodynamics,62.1,8,29,60,97,S
S17108,Pradeep Verma,Male,CSE,2,Big Data Processing,92.5,9,22,53,84,A
S17109,Vinod Panicker,Male,ECE,1,Signals & Systems,76.5,6,23,51,80,A
S17110,Neethu Ashokan,Female,ME,4,Thermodynamics,88.6,9,13,24,46,F
S17111,Sreekumar Shukla,Male,ECE,3,VLSI Design,87.6,7,16,36,59,D
S17112,Aravind Pillai,Male,CSE,5,Data Structures,74.1,7,20,60,87,A+
S17113,Vidya Suresh,Female,CE,8,Geotechnical Engineering,99.6,6,30,53,89,A+
S17114,Anoop Mishra,Male,CE,8,Concrete Technology,71.2,5,19,55,79,B+
S17115,Deepthi Vinod,Female,ME,8,Machine Design,83.5,9,18,36,63,C
S17116,Gayathri Yadav,Female,ME,2,Manufacturing Technology,87.5,6,17,37,60,C
S17117,Naveen Pillai,Male,ECE,3,Communication Systems,91.5,9,20,51,80,A
S17118,Devika Pradeep,Female,ECE,7,Microprocessors,87.3,6,22,57,85,A+
S17119,Priya Gopinathan,Female,CSE,1,Computer Networks,79.4,6,16,60,82,A
S17120,Jithin Pillai,Male,ME,2,Manufacturing Technology,56.1,7,20,42,69,C+
S17121,Rashid Zaheer,Male,ME,4,Thermodynamics,92.2,10,22,47,79,B+
S17122,Adithya Prakash,Male,ECE,5,Microprocessors,65.3,7,23,43,73,B
S17123,Ramesh Pandey,Male,CSE,4,DBMS,69.6,7,22,38,67,C+
S17124,Bijoy Varghese,Male,CE,2,Geotechnical Engineering,84.7,8,18,55,81,A
S17125,Sabira Shabeer,Female,CSE,4,DBMS,97.0,6,23,55,84,A
S17126,Reshma Suresh,Female,ME,6,Machine Design,83.8,7,21,42,70,B
S17127,Devika Anandan,Female,CSE,5,DBMS,69.5,9,20,33,62,C
S17128,Haritha Kohli,Female,CE,5,Surveying,86.9,9,19,49,77,B+
S17129,Adithya Kutty,Male,CE,2,Surveying,86.0,8,16,32,56,D
S17130,Vishnu Srivastava,Male,CSE,5,Computer Networks,79.5,8,22,35,65,C+
S17131,Manu Padmanabhan,Male,CSE,7,Computer Networks,72.1,7,22,47,76,B+
S17132,Anagha Sasidharan,Female,ECE,5,Microprocessors,88.7,6,27,45,78,B+
S17133,Soumya Verma,Female,ECE,7,Signals & Systems,95.4,8,26,37,71,B
S17134,Shilpa Gopalan,Female,CE,5,Geotechnical Engineering,73.4,8,24,60,92,S
S17135,Vishnu Namboodiripad,Male,CSE,2,Operating Systems,86.2,6,16,60,82,A
S17136,Swathi Mishra,Female,ME,1,Strength of Materials,61.6,9,21,43,73,B
S17137,Greeshma Vallikkat,Female,ECE,1,VLSI Design,87.6,10,17,36,63,C
S17138,Renjith Vasu,Male,ECE,2,Digital Electronics,92.4,6,14,3,23,F
S17139,Sreelakshmi Reddy,Female,CE,8,Transportation Engineering,54.7,8,29,60,97,S
S17140,Pradeep Bhaskaran,Male,CSE,8,Data Structures,69.4,6,28,43,77,B+
S17141,Rajesh Karthikeyan,Male,CE,7,Transportation Engineering,51.3,10,14,23,47,F
S17142,Radhika Gopinathan,Female,ECE,1,Microprocessors,78.0,5,19,48,72,B
S17143,Rafi Salahudheen,Male,ME,1,Thermodynamics,96.9,7,22,51,80,A
S17144,Rajesh Malhotra,Male,CE,2,Surveying,67.7,9,24,54,87,A+
S17145,Neethu Ramakrishnan,Female,CE,5,Structural Analysis,66.8,10,20,35,65,C+
S17146,Sindhu Chandran,Female,CSE,4,Big Data Processing,97.8,6,15,58,79,B+
S17147,Anoop Ramesh,Male,ME,3,Thermodynamics,76.2,8,30,34,72,B
S17148,Aby Rebello,Male,CSE,8,DBMS,93.1,8,21,50,79,B+
S17149,Pradeep Agarwal,Male,ME,2,Machine Design,89.4,9,21,39,69,C+
S17150,Amrutha Chowdhury,Female,ECE,7,Microprocessors,74.5,10,16,42,68,C+
S17151,Vineetha Chowdhury,Female,CE,1,Concrete Technology,67.5,6,21,40,67,C+
S17152,Sruthi Sankar,Female,ECE,3,Signals & Systems,81.4,6,18,40,64,C
S17153,Shilpa Warrier,Female,CSE,6,Computer Networks,65.7,5,18,50,73,B
S17154,Vineetha Bhattathiri,Female,CE,1,Geotechnical Engineering,76.4,8,16,52,76,B+
S17155,Sreekumar Yadav,Male,ECE,7,Microprocessors,63.5,8,16,30,54,P
S17156,Jyothsna Padmanabhan,Female,CSE,5,Software Engineering,85.3,7,23,29,59,D
S17157,Jerry George,Male,CE,5,Structural Analysis,79.3,9,16,44,69,C+
S17158,Resmi Balakrishnan,Female,ME,3,Strength of Materials,83.5,7,10,36,53,P
S17159,Parvathy Sreekumar,Female,CSE,4,Computer Networks,83.1,5,26,42,73,B
S17160,Aiswarya Bhaskaran,Female,CSE,4,Computer Networks,67.4,6,24,54,84,A
S17161,Aravind Bhaskaran,Male,ECE,7,Signals & Systems,80.9,8,23,46,77,B+
S17162,Manu Poduval,Male,ECE,3,Microprocessors,90.3,7,20,46,73,B
S17163,Bindu Arora,Female,CE,4,Geotechnical Engineering,66.6,8,24,40,72,B
S17164,Priya Karthikeyan,Female,ME,5,Machine Design,94.9,7,23,28,58,D
S17165,Suresh Suresh,Male,ECE,4,Communication Systems,69.9,7,22,48,77,B+
S17166,Priya Rajagopal,Female,CSE,4,Operating Systems,100.0,10,22,24,56,D
S17167,Madhu Arora,Male,CE,3,Transportation Engineering,88.6,8,21,39,68,C+
S17168,Amrutha Dinesh,Female,CE,6,Transportation Engineering,71.3,6,30,37,73,B
S17169,Anjali Sasidharan,Female,CSE,3,DBMS,74.1,6,17,42,65,C+
S17170,Jyothsna Vasu,Female,CE,4,Concrete Technology,74.5,9,15,29,53,P
S17171,Pradeep Choudhary,Male,ME,5,Fluid Mechanics,67.9,10,26,60,96,S
S17172,Karthik Gopinathan,Male,ECE,1,Microprocessors,74.9,7,20,44,71,B
S17173,Nandakumar Kurup,Male,CE,8,Structural Analysis,65.1,7,10,48,65,C+
S17174,Sujith Kumar,Male,CE,3,Concrete Technology,74.4,8,16,59,83,A
S17175,Vineetha Suresh,Female,ME,7,Strength of Materials,82.6,9,19,35,63,C
S17176,Deepthi Dinesh,Female,CE,7,Transportation Engineering,67.9,7,28,49,84,A
S17177,Priya Unnithan,Female,CSE,4,Data Structures,66.2,8,12,48,68,C+
S17178,Madhu Naidu,Male,CSE,7,Operating Systems,95.5,7,15,40,62,C
S17179,Sreelakshmi Trivedi,Female,ME,4,Manufacturing Technology,97.3,8,19,50,77,B+
S17180,Fazil Qureshi,Male,CE,5,Concrete Technology,70.8,7,18,45,70,B
S17181,Sreekumar Khurana,Male,CSE,3,Computer Networks,72.5,5,22,38,65,C+
S17182,Devika Varma,Female,ME,1,Strength of Materials,80.6,10,14,45,69,C+
S17183,Jithin Pradeep,Male,ECE,2,Digital Electronics,66.6,9,8,36,53,P
S17184,Nikhil Dinesh,Male,CSE,8,Computer Networks,88.7,9,25,40,74,B
S17185,Aparna Kapoor,Female,CE,6,Structural Analysis,87.0,8,23,42,73,B
S17186,Sudheesh Sathyan,Male,ME,3,Thermodynamics,65.3,7,21,35,63,C
S17187,Rahul Krishnan,Male,ECE,5,Signals & Systems,61.4,9,30,55,94,S
S17188,Karthik Desai,Male,ECE,7,Signals & Systems,88.8,7,25,51,83,A
S17189,Haritha Yadav,Female,CSE,1,Data Structures,88.8,7,26,37,70,B
S17190,Sujith Sreedharan,Male,ECE,6,Communication Systems,100.0,6,11,43,60,C
S17191,Ajay Sathyan,Male,CE,4,Concrete Technology,100.0,6,30,35,71,B
S17192,Shilpa Agrawal,Female,ECE,3,VLSI Design,81.1,7,30,36,73,B
S17193,Sudheesh Rao,Male,ME,2,Thermodynamics,70.0,5,30,49,84,A
S17194,Nandana Rajendran,Female,ME,5,Machine Design,64.6,8,15,51,74,B
S17195,Parvathy Kohli,Female,ME,3,Thermodynamics,79.8,9,16,53,78,B+
S17196,Karthik Arora,Male,ECE,3,Digital Electronics,94.1,7,16,33,56,D
S17197,Soumya Neelakandan,Female,ME,4,Strength of Materials,72.2,8,28,37,73,B
S17198,Greeshma Reddy,Female,CSE,4,Big Data Processing,75.2,7,30,57,94,S
S17199,Vivek Suresh,Male,CSE,7,Operating Systems,87.7,6,30,59,95,S
S17200,Vijay Suresh,Male,CE,2,Concrete Technology,77.9,9,28,21,58,D
S17201,Neethu Trivedi,Female,ME,3,Manufacturing Technology,92.3,9,25,48,82,A
S17202,Athira Desai,Female,ME,5,Machine Design,88.2,6,14,41,61,C
S17203,Anoop Sivan,Male,CE,8,Surveying,75.2,3,23,52,78,B+
S17204,Sreelakshmi Anilkumar,Female,ME,6,Machine Design,79.6,6,28,53,87,A+
S17205,Greeshma Sathyan,Female,CE,1,Structural Analysis,72.9,8,20,29,57,D
S17206,Nikhil Trivedi,Male,CSE,8,Operating Systems,87.6,7,22,30,59,D
S17207,Rahul Agrawal,Male,CE,6,Geotechnical Engineering,94.5,8,17,40,65,C+
S17208,Sowmya Karthikeyan,Female,ECE,2,Signals & Systems,66.7,9,14,45,68,C+
S17209,Anjali Bhatt,Female,ECE,7,Signals & Systems,76.9,8,19,60,87,A+
S17210,Vijay Bhardwaj,Male,ECE,4,VLSI Design,92.6,6,27,46,79,B+
S17211,Suresh Shukla,Male,ME,2,Strength of Materials,46.4,5,18,44,67,C+
S17212,Nandakumar Govindan,Male,ME,6,Machine Design,65.3,9,20,57,86,A+
S17213,Bineesh Dcosta,Male,ME,1,Thermodynamics,64.7,6,24,45,75,B+
S17214,Balachandran Krishnankutty,Male,CSE,4,Big Data Processing,78.2,7,30,42,79,B+
S17215,Athulya Varma,Female,CE,1,Transportation Engineering,62.0,6,27,41,74,B
S17216,Aby Mannath,Male,CE,5,Geotechnical Engineering,79.2,5,21,43,69,C+
S17217,Renjith Marar,Male,CSE,2,Computer Networks,63.0,9,22,45,76,B+
S17218,Anu Solanki,Female,ECE,2,Signals & Systems,89.3,7,20,43,70,B
S17219,Gokul Krishnan,Male,CSE,7,Computer Networks,74.6,6,15,26,47,F
S17220,Unnikrishnan Achari,Male,CE,3,Geotechnical Engineering,79.8,5,27,41,73,B
S17221,Bineesh Mendonca,Male,CE,1,Concrete Technology,83.8,8,22,42,72,B
S17222,Akhil Kumar,Male,CE,1,Transportation Engineering,81.0,3,19,56,78,B+
S17223,Renjith Neelakandan,Male,ME,8,Machine Design,77.6,7,23,27,57,D
S17224,Arjun Solanki,Male,CE,2,Concrete Technology,79.0,6,16,57,79,B+
S17225,Jyothsna Sasidharan,Female,ECE,2,Signals & Systems,71.5,7,26,34,67,C+
S17226,Sujith Prasad,Male,CSE,5,Data Structures,72.6,7,21,30,58,D
S17227,Jithin Desai,Male,ME,6,Thermodynamics,72.3,8,22,34,64,C
S17228,Balachandran Anilkumar,Male,CE,7,Geotechnical Engineering,80.7,6,23,41,70,B
S17229,Nandakumar Malhotra,Male,CSE,8,Software Engineering,51.9,7,16,21,44,F
S17230,Jithin Dubey,Male,CSE,8,Big Data Processing,70.3,5,11,35,51,P
S17231,Nandakumar Yadav,Male,ME,3,Manufacturing Technology,68.2,7,27,55,89,A+
S17232,Vivek Ramesh,Male,CSE,7,Computer Networks,77.2,6,20,39,65,C+
S17233,Swathi Shukla,Female,ECE,3,Communication Systems,80.0,9,30,49,88,A+
S17234,Jyothsna Rajan,Female,CSE,8,Operating Systems,77.0,8,25,34,67,C+
S17235,Adithya Chandrasekharan,Male,ECE,1,Signals & Systems,80.4,7,11,40,58,D
S17236,Akhil Choudhary,Male,CSE,8,Data Structures,65.1,8,19,36,63,C
S17237,Aswathy Nair,Female,ECE,4,Signals & Systems,70.6,9,26,46,81,A
S17238,Greeshma Sreekumar,Female,CSE,8,Software Engineering,64.2,6,20,34,60,C
S17239,Parvathy Rao,Female,ECE,3,Digital Electronics,93.9,8,30,31,69,C+
S17240,Naushad Rahman,Male,ME,1,Manufacturing Technology,61.5,5,28,39,72,B
S17241,Neethu Sinha,Female,CE,4,Transportation Engineering,61.4,9,17,45,71,B
S17242,Ajay Achari,Male,ECE,2,VLSI Design,63.4,9,24,37,70,B
S17243,Anu Warrier,Female,CE,6,Concrete Technology,56.4,5,19,31,55,D
S17244,Anjali Balakrishnan,Female,CE,6,Structural Analysis,91.2,7,22,49,78,B+
S17245,Nandakumar Mohan,Male,ECE,5,Signals & Systems,63.3,9,16,50,75,B+
S17246,Prasanth Chandran,Male,CE,4,Concrete Technology,85.5,6,24,46,76,B+
S17247,Swathi Raghavan,Female,ECE,6,VLSI Design,54.9,8,21,23,52,P
S17248,Swathi Bhatt,Female,ECE,1,Digital Electronics,99.5,9,21,45,75,B+
S17249,Divya Khurana,Female,ME,5,Fluid Mechanics,76.9,6,14,60,80,A
S17250,Jithin Sudhakaran,Male,ECE,1,Signals & Systems,59.2,7,30,44,81,A
S17251,Rajesh Achari,Male,ECE,3,Digital Electronics,72.9,9,19,52,80,A
S17252,Nandakumar Sinha,Male,CSE,3,Software Engineering,80.9,9,30,42,81,A
S17253,Jyothsna Agrawal,Female,ECE,1,Microprocessors,73.8,6,15,43,64,C
S17254,Sreekumar Ashokan,Male,CE,1,Transportation Engineering,87.1,8,25,40,73,B
S17255,Manu Rajagopal,Male,CE,6,Geotechnical Engineering,80.5,4,21,30,55,D
S17256,Rasheeda Sayyed,Female,CSE,6,DBMS,68.4,8,19,60,87,A+
S17257,Balachandran Prakash,Male,CE,6,Structural Analysis,82.2,7,23,54,84,A
S17258,Aparna Karthikeyan,Female,CSE,3,Computer Networks,99.5,8,30,25,63,C
S17259,Jasmin Bava,Female,CE,5,Geotechnical Engineering,68.0,9,13,48,70,B
S17260,Remya Bhatt,Female,CE,1,Surveying,70.4,7,17,41,65,C+
S17261,Sarath Sathyan,Male,ECE,1,Microprocessors,77.3,7,22,50,79,B+
S17262,Anagha Prakash,Female,ECE,8,VLSI Design,86.4,9,26,50,85,A+
S17263,Rafeeqa Malik,Female,CSE,2,Computer Networks,74.2,7,16,32,55,D
S17264,Nandana Yadav,Female,ECE,1,VLSI Design,83.1,6,7,49,62,C
S17265,Irfan Sheikh,Male,CSE,6,Data Structures,84.9,6,17,38,61,C
S17266,Balachandran Marar,Male,ME,5,Manufacturing Technology,88.7,8,20,28,56,D
S17267,Sini Vadakkan,Female,CSE,3,Software Engineering,97.3,6,26,34,66,C+
S17268,Bindu Vasu,Female,CSE,5,Data Structures,87.7,5,20,42,67,C+
S17269,Madhu Vasudevan,Male,ME,3,Thermodynamics,67.1,8,17,46,71,B
S17270,Pradeep Pisharody,Male,CSE,8,Software Engineering,95.0,7,13,56,76,B+
S17271,Vivek Agrawal,Male,ECE,8,VLSI Design,65.3,7,17,38,62,C
S17272,Anu Chandran,Female,ECE,7,Microprocessors,80.8,8,17,47,72,B
S17273,Arjun Anilkumar,Male,ECE,6,Digital Electronics,58.4,7,16,29,52,P
S17274,Sowmya Goel,Female,CE,3,Geotechnical Engineering,77.8,8,23,37,68,C+
S17275,Rajesh Trivedi,Male,ECE,7,VLSI Design,72.5,6,17,31,54,P
S17276,Deepak Bakshi,Male,ME,4,Strength of Materials,81.8,7,19,54,80,A
S17277,Teena Karippacheril,Female,CE,8,Surveying,78.4,7,17,43,67,C+
S17278,Resmi Das,Female,ME,6,Machine Design,82.0,9,26,41,76,B+
S17279,Prasanth Raj,Male,ECE,7,Digital Electronics,83.5,4,30,39,73,B
S17280,Sujith Choudhary,Male,ECE,7,Digital Electronics,74.8,6,17,52,75,B+
S17281,Anoop Namputhiri,Male,ECE,8,Microprocessors,72.8,8,13,57,78,B+
S17282,Pradeep Chandrasekharan,Male,CE,2,Geotechnical Engineering,77.9,9,18,13,40,F
S17283,Manu Bansal,Male,CE,7,Concrete Technology,68.0,6,24,38,68,C+
S17284,Aiswarya Manoharan,Female,ME,6,Strength of Materials,78.8,10,30,31,71,B
S17285,Jithin Vasudevan,Male,ECE,4,Communication Systems,82.8,7,16,49,72,B
S17286,Rohan Reddy,Male,CSE,1,Computer Networks,70.4,7,21,51,79,B+
S17287,Amrutha Gopinathan,Female,CSE,3,Operating Systems,56.3,7,27,31,65,C+
S17288,Amrutha Warrier,Female,ME,4,Thermodynamics,79.4,8,26,40,74,B
S17289,Vishnu Chopra,Male,ECE,5,Signals & Systems,78.4,6,27,46,79,B+
S17290,Reshma Kartha,Female,CSE,6,Computer Networks,79.8,6,19,55,80,A
S17291,Anoop Rajan,Male,ECE,6,Communication Systems,64.8,8,21,46,75,B+
S17292,Sruthi Menon,Female,CE,8,Surveying,57.3,8,15,37,60,C
S17293,Suhana Kunju,Female,ECE,5,Microprocessors,74.7,8,19,35,62,C
S17294,Vidya Namboothiri,Female,CSE,3,Data Structures,82.1,10,16,42,68,C+
S17295,Aiswarya Thampi,Female,ME,5,Manufacturing Technology,100.0,8,26,23,57,D
S17296,Nandana Narayanan,Female,ME,3,Strength of Materials,85.5,7,17,24,48,F
S17297,Renjith Achari,Male,ECE,7,VLSI Design,70.5,6,27,33,66,C+
S17298,Balachandran Chowdhury,Male,ME,5,Manufacturing Technology,91.9,10,30,23,63,C
S17299,Ayesha Farooqui,Female,ECE,6,Communication Systems,82.6,6,20,42,68,C+
S17300,Deepak Bhalla,Male,ME,5,Manufacturing Technology,75.4,8,24,35,67,C+
S17301,Shilpa Kohli,Female,ECE,6,Signals & Systems,74.5,8,16,47,71,B
S17302,Nandakumar Raman,Male,CE,2,Concrete Technology,89.1,10,26,52,88,A+
S17303,Dinesh Sinha,Male,CSE,5,Operating Systems,81.6,5,23,35,63,C
S17304,Radhika Namboodiripad,Female,ECE,4,VLSI Design,72.6,7,4,41,52,P
S17305,Dinesh Nambiar,Male,ECE,3,VLSI Design,72.7,6,19,38,63,C
S17306,Shefeek Jaleel,Male,ECE,3,Digital Electronics,92.0,5,22,58,85,A+
S17307,Anagha Sreedharan,Female,CSE,7,Computer Networks,60.5,4,23,41,68,C+
S17308,Arjun Govindan,Male,CE,3,Structural Analysis,75.2,6,19,28,53,P
S17309,Adithya Ramakrishnan,Male,CSE,8,Software Engineering,45.7,6,23,38,67,C+
S17310,Rajesh Kaimal,Male,CSE,2,Data Structures,70.1,9,27,48,84,A
S17311,Vidya Agrawal,Female,CSE,1,Operating Systems,60.2,6,19,52,77,B+
S17312,Rahul Malhotra,Male,CE,2,Geotechnical Engineering,91.7,4,30,34,68,C+
S17313,Aiswarya Sharma,Female,CSE,3,Software Engineering,80.5,6,18,35,59,D
S17314,Athira Trivedi,Female,CE,8,Concrete Technology,78.3,9,30,31,70,B
S17315,Manu Rathore,Male,CSE,3,DBMS,76.7,7,24,37,68,C+
S17316,Anjali Kapoor,Female,CSE,8,Computer Networks,77.2,8,30,60,98,S
S17317,Parvathy Suresh,Female,CSE,3,Operating Systems,90.9,10,29,56,95,S
S17318,Suresh Jayan,Male,CSE,6,Operating Systems,64.4,9,15,48,72,B
S17319,Fazil Naeem,Male,ECE,6,Communication Systems,86.8,8,17,47,72,B
S17320,Deepak Sreekumar,Male,CSE,2,Operating Systems,100.0,6,14,11,31,F
S17321,Athulya Sharma,Female,CE,5,Concrete Technology,85.6,10,24,45,79,B+
S17322,Anitha Tiwari,Female,ME,4,Strength of Materials,86.4,9,24,42,75,B+
S17323,Amrutha Thampi,Female,CE,7,Geotechnical Engineering,85.4,9,23,31,63,C
S17324,Pradeep Das,Male,CSE,1,Big Data Processing,62.0,7,30,43,80,A
S17325,Suhail Qureshi,Male,ECE,6,Communication Systems,68.0,7,20,47,74,B
S17326,Rohan Sasidharan,Male,CSE,7,Computer Networks,100.0,7,25,44,76,B+
S17327,Sudheesh Bansal,Male,CE,4,Concrete Technology,66.9,8,13,58,79,B+
S17328,Sindhu Unnithan,Female,ECE,6,Microprocessors,88.6,7,25,36,68,C+
S17329,Madhu Vinod,Male,CSE,8,Data Structures,77.0,8,18,37,63,C
S17330,Remya Vallikkat,Female,CE,8,Transportation Engineering,92.3,8,30,46,84,A
S17331,Sruthi Unni,Female,ECE,4,Digital Electronics,54.5,6,23,60,89,A+
S17332,Anitha Bhattathiri,Female,ME,6,Manufacturing Technology,98.1,9,23,14,46,F
S17333,Pradeep Warrier,Male,CSE,7,DBMS,82.3,6,25,45,76,B+
S17334,Jasmin Ahmed,Female,CE,1,Transportation Engineering,65.7,6,22,58,86,A+
S17335,Jerin Kuriakose,Male,CE,3,Structural Analysis,72.5,7,13,60,80,A
S17336,Shilpa Chandrasekharan,Female,ME,1,Machine Design,64.1,5,18,38,61,C
S17337,Naseer Koya,Male,CSE,8,Software Engineering,62.9,3,19,20,42,F
S17338,Soumya Manoharan,Female,CSE,5,Software Engineering,95.0,8,14,41,63,C
S17339,Arjun Srivastava,Male,ME,2,Machine Design,95.3,8,25,47,80,A
S17340,Anagha Bansal,Female,CSE,6,Data Structures,85.2,7,21,60,88,A+
S17341,Madhu Kurup,Male,CSE,4,Computer Networks,65.2,7,19,60,86,A+
S17342,Remya Vijayan,Female,ME,7,Strength of Materials,79.8,9,21,39,69,C+
S17343,Arjun Achari,Male,CSE,5,Operating Systems,72.5,10,15,26,51,P
S17344,Anagha Iyer,Female,ME,1,Machine Design,62.4,8,28,33,69,C+
S17345,Nandakumar Ashokan,Male,ECE,5,Signals & Systems,82.9,9,22,52,83,A
S17346,Suresh Namboothiri,Male,CE,7,Geotechnical Engineering,76.1,7,24,31,62,C
S17347,Rajesh Vinod,Male,CSE,2,Computer Networks,74.5,7,18,39,64,C
S17348,Sreelakshmi Sasidharan,Female,CSE,6,Data Structures,78.0,8,30,41,79,B+
S17349,Gokul Namboodiripad,Male,CSE,4,Data Structures,75.1,9,23,47,79,B+
S17350,Jithin Raj,Male,CE,5,Structural Analysis,63.6,7,23,42,72,B
S17351,Vignesh Nambiar,Male,ME,7,Manufacturing Technology,87.2,6,25,44,75,B+
S17352,Balachandran Pradeep,Male,CSE,1,DBMS,63.5,7,13,54,74,B
S17353,Karthik Balakrishnan,Male,CE,4,Surveying,87.2,6,30,32,68,C+
S17354,Madhu Rathore,Male,CE,8,Transportation Engineering,74.7,7,18,53,78,B+
S17355,Manu Vasu,Male,CE,7,Geotechnical Engineering,79.8,6,16,60,82,A
S17356,Vinod Dinesh,Male,CE,2,Surveying,89.2,7,21,46,74,B
S17357,Renji George,Male,ECE,4,Microprocessors,72.9,6,25,44,75,B+
S17358,Ashraf Karim,Male,CE,4,Structural Analysis,86.2,10,30,38,78,B+
S17359,Rajesh Bhalla,Male,CSE,2,Computer Networks,64.9,7,25,60,92,S
S17360,Sreejith Srivastava,Male,ME,6,Manufacturing Technology,71.5,9,18,44,71,B
S17361,Parvathy Choudhary,Female,ME,5,Manufacturing Technology,94.4,7,26,41,74,B
S17362,Adithya Kumar,Male,ME,3,Manufacturing Technology,75.4,9,29,36,74,B
S17363,Sujith Sudhakaran,Male,CE,7,Transportation Engineering,66.2,7,21,53,81,A
S17364,Neethu Kohli,Female,CE,8,Transportation Engineering,58.5,5,30,33,68,C+
S17365,Biju Bakshi,Male,ECE,2,Communication Systems,67.2,7,17,36,60,C
S17366,Soumya Kunjunni,Female,ME,4,Fluid Mechanics,90.1,6,18,50,74,B
S17367,Soumya Gopinathan,Female,CSE,4,Computer Networks,87.8,10,14,39,63,C
S17368,Amrutha Prasad,Female,ME,5,Strength of Materials,95.5,7,21,37,65,C+
S17369,Madhu Rao,Male,ME,8,Strength of Materials,77.3,7,19,55,81,A
S17370,Manu Mishra,Male,ME,8,Manufacturing Technology,55.0,9,28,51,88,A+
S17371,Sameer Anwar,Male,ME,2,Fluid Mechanics,69.3,6,17,17,40,F
S17372,Ajay Sankar,Male,CE,1,Structural Analysis,70.3,8,25,37,70,B
S17373,Rohan Poduval,Male,CE,4,Concrete Technology,80.5,6,24,47,77,B+
S17374,Aparna Achari,Female,ECE,6,Signals & Systems,85.3,8,23,29,60,C
S17375,Vijay Saxena,Male,ME,7,Strength of Materials,84.1,8,30,29,67,C+
S17376,Nazar Salam,Male,CSE,6,Data Structures,64.3,10,21,60,91,S
S17377,Sneha Kapoor,Female,CSE,1,DBMS,80.7,7,16,49,72,B
S17378,Rajesh Chauhan,Male,CSE,7,Computer Networks,76.5,5,25,42,72,B
S17379,Shilpa Pillai,Female,CE,2,Surveying,63.7,9,25,46,80,A
S17380,Shilpa Malhotra,Female,CSE,5,Software Engineering,83.4,8,11,45,64,C
S17381,Pradeep Tiwari,Male,ECE,4,VLSI Design,80.8,8,27,60,95,S
S17382,Amrutha Suresh,Female,CE,2,Transportation Engineering,45.6,6,22,43,71,B
S17383,Suhail Karim,Male,ME,2,Fluid Mechanics,79.1,6,16,42,64,C
S17384,Lakshmi Patel,Female,ECE,6,Communication Systems,94.5,6,25,56,87,A+
S17385,Arjun Jayan,Male,ECE,7,Digital Electronics,77.1,8,19,44,71,B
S17386,Swathi Vasudevan,Female,CE,1,Structural Analysis,83.2,6,20,39,65,C+
S17387,Radhika Anandan,Female,CE,5,Surveying,71.8,9,21,41,71,B
S17388,Nithya Poduval,Female,ME,4,Machine Design,83.7,8,17,38,63,C
S17389,Meera Verma,Female,CSE,8,DBMS,69.8,10,16,51,77,B+
S17390,Jasmin Salahudheen,Female,CE,6,Geotechnical Engineering,82.5,4,25,42,71,B
S17391,Pradeep Gopalan,Male,ME,1,Manufacturing Technology,66.0,7,21,33,61,C
S17392,Soumya Rajagopal,Female,ME,1,Thermodynamics,74.6,9,20,45,74,B
S17393,Remya Anandan,Female,CSE,5,DBMS,74.1,5,26,21,52,P
S17394,Rasheeda Nazeer,Female,CE,7,Geotechnical Engineering,76.5,8,18,51,77,B+
S17395,Vignesh Sreedharan,Male,CE,2,Structural Analysis,82.4,6,30,41,77,B+
S17396,Vijay Joshi,Male,ME,5,Manufacturing Technology,73.2,5,16,52,73,B
S17397,Reshma Verma,Female,CSE,2,Computer Networks,83.3,6,14,30,50,P
S17398,Aparna Bansal,Female,CSE,1,DBMS,85.1,6,24,34,64,C
S17399,Vivek Poduval,Male,CSE,2,Big Data Processing,82.5,7,29,33,69,C+
S17400,Haritha Vasudevan,Female,ME,7,Manufacturing Technology,94.4,5,28,42,75,B+
S17401,Prasanth Warrier,Male,CE,3,Structural Analysis,79.9,8,10,56,74,B
S17402,Vidya Reddy,Female,CE,7,Transportation Engineering,66.0,8,18,35,61,C
S17403,Neethu Neelakandan,Female,CE,4,Transportation Engineering,88.2,9,26,47,82,A
S17404,Arjun Naidu,Male,ME,7,Machine Design,76.1,7,16,35,58,D
S17405,Arjun Prasad,Male,ECE,2,Digital Electronics,80.9,6,11,60,77,B+
S17406,Manu Venugopal,Male,ME,4,Fluid Mechanics,57.3,7,16,42,65,C+
S17407,Nazia Riyas,Female,ME,8,Machine Design,68.2,9,16,48,73,B
S17408,Karthik Sasidharan,Male,CE,1,Geotechnical Engineering,74.9,7,29,47,83,A
S17409,Meera Warrier,Female,ME,6,Fluid Mechanics,57.6,8,30,17,55,D
S17410,Nandakumar Jayan,Male,ME,8,Machine Design,67.3,4,21,41,66,C+
S17411,Gokul Raman,Male,CSE,7,Big Data Processing,63.9,9,17,46,72,B
S17412,Vijay Nair,Male,CE,4,Geotechnical Engineering,96.4,7,24,29,60,C
S17413,Naveen Trivedi,Male,CE,3,Concrete Technology,87.1,8,15,60,83,A
S17414,Sruthi Sathyan,Female,CSE,2,Big Data Processing,75.2,5,29,21,55,D
S17415,Anagha Solanki,Female,CSE,7,Operating Systems,85.9,7,27,49,83,A
S17416,Athira Gopinathan,Female,CSE,4,Data Structures,80.0,5,27,36,68,C+
S17417,Vishnu Vinod,Male,ECE,5,Communication Systems,71.2,6,26,60,92,S
S17418,Bibin Oommen,Male,ECE,5,Digital Electronics,73.8,6,25,24,55,D
S17419,Renjith Rajan,Male,CSE,1,Big Data Processing,73.8,5,13,45,63,C
S17420,Biju Mishra,Male,ME,5,Machine Design,81.3,9,23,36,68,C+
S17421,Pradeep Chandra,Male,ME,3,Machine Design,71.0,7,28,49,84,A
S17422,Akhil Rathore,Male,CE,3,Concrete Technology,93.4,6,20,45,71,B
S17423,Jithin Pisharody,Male,CSE,7,Computer Networks,72.3,7,21,43,71,B
S17424,Sreejith Marar,Male,CSE,3,Computer Networks,79.5,4,29,53,86,A+
S17425,Prasanth Karthikeyan,Male,CSE,7,Operating Systems,75.3,8,10,43,61,C
S17426,Manu Desai,Male,ME,1,Fluid Mechanics,80.9,8,17,35,60,C
S17427,Biju Prakash,Male,ECE,1,Communication Systems,83.3,10,25,34,69,C+
S17428,Greeshma Agarwal,Female,CSE,1,Big Data Processing,78.4,7,30,60,97,S
S17429,Sindhu Vasu,Female,CSE,8,Computer Networks,67.2,6,21,53,80,A
S17430,Reshma Desai,Female,ECE,5,Digital Electronics,87.2,8,16,41,65,C+
S17431,Aiswarya Marar,Female,CE,2,Concrete Technology,87.8,8,23,46,77,B+
S17432,Sabira Latif,Female,ECE,7,VLSI Design,73.7,10,19,60,89,A+
S17433,Vineetha Solanki,Female,CE,5,Geotechnical Engineering,78.6,5,24,41,70,B
S17434,Priya Ramakrishnan,Female,ME,3,Thermodynamics,63.9,3,18,20,41,F
S17435,Manu Sreedharan,Male,ECE,6,Microprocessors,92.1,4,20,46,70,B
S17436,Unnikrishnan Sreedharan,Male,CE,8,Concrete Technology,82.3,9,21,40,70,B
S17437,Vineetha Rathore,Female,CE,6,Surveying,62.1,7,23,40,70,B
S17438,Vivek Sathyan,Male,CSE,4,Big Data Processing,96.5,9,21,35,65,C+
S17439,Anagha Panicker,Female,ME,2,Machine Design,76.8,7,24,47,78,B+
S17440,Divya Saxena,Female,CE,6,Geotechnical Engineering,100.0,6,20,43,69,C+
S17441,Jyothsna Goel,Female,CSE,4,Computer Networks,88.8,5,20,47,72,B
S17442,Gokul Vijayan,Male,CSE,5,DBMS,80.2,7,22,55,84,A
S17443,Priya Sankar,Female,CE,1,Structural Analysis,54.4,6,29,30,65,C+
S17444,Nithya Trivedi,Female,CSE,5,Operating Systems,74.0,3,26,56,85,A+
S17445,Prasanth Goel,Male,ME,1,Thermodynamics,89.6,10,15,60,85,A+
S17446,Shefeek Hameed,Male,ME,4,Thermodynamics,84.6,7,22,42,71,B
S17447,Unnikrishnan Sudhakaran,Male,ECE,3,VLSI Design,79.5,5,10,52,67,C+
S17448,Sanjay Padmanabhan,Male,CE,4,Transportation Engineering,87.6,9,26,44,79,B+
S17449,Anand Balan,Male,CE,1,Structural Analysis,95.6,7,30,36,73,B
S17450,Anu Tiwari,Female,CSE,1,Computer Networks,73.0,5,14,50,69,C+
S17451,Anagha Nambiar,Female,ECE,8,VLSI Design,87.7,6,28,52,86,A+
S17452,Aparna Sudhakaran,Female,CE,2,Concrete Technology,67.8,9,19,38,66,C+
S17453,Remya Radhakrishnan,Female,CE,7,Surveying,72.9,5,12,38,55,D
S17454,Sneha Kaimal,Female,CE,8,Surveying,58.3,8,28,43,79,B+
S17455,Balachandran Narayanan,Male,CSE,5,Big Data Processing,89.9,7,25,37,69,C+
S17456,Akhil Kapoor,Male,CE,2,Concrete Technology,70.8,7,21,50,78,B+
S17457,Nikhil Solanki,Male,CSE,3,Operating Systems,74.4,6,15,48,69,C+
S17458,Deepthi Trivedi,Female,CE,6,Transportation Engineering,72.9,7,19,31,57,D
S17459,Vijay Thampuran,Male,ME,3,Machine Design,80.1,6,22,36,64,C
S17460,Resmi Pradeep,Female,CE,2,Surveying,72.9,6,30,60,96,S
S17461,Shilpa Chopra,Female,CSE,5,Big Data Processing,84.8,7,23,46,76,B+
S17462,Aiswarya Pillai,Female,ME,4,Fluid Mechanics,74.2,7,21,27,55,D
S17463,Sreejith Solanki,Male,ME,7,Strength of Materials,84.9,10,18,15,43,F
S17464,Anjali Kohli,Female,ECE,1,Microprocessors,55.8,9,25,48,82,A
S17465,Akhil Bhattathiri,Male,ME,1,Thermodynamics,87.7,9,14,42,65,C+
S17466,Dinesh Padmanabhan,Male,ECE,6,Microprocessors,69.5,8,14,31,53,P
S17467,Sarath Bakshi,Male,CE,6,Geotechnical Engineering,70.6,7,22,36,65,C+
S17468,Haritha Raghavan,Female,CE,1,Structural Analysis,66.4,7,19,60,86,A+
S17469,Anu Venugopal,Female,CSE,5,Operating Systems,53.9,4,25,44,73,B
S17470,Vinod Namboodiripad,Male,CE,6,Concrete Technology,60.9,8,20,59,87,A+
S17471,Aparna Iyer,Female,ECE,8,Communication Systems,80.4,10,20,38,68,C+
S17472,Sudheesh Vasu,Male,CSE,5,Computer Networks,90.0,9,19,47,75,B+
S17473,Imran Ashraf,Male,ECE,3,Digital Electronics,71.7,8,25,40,73,B
S17474,Vineetha Vallikkat,Female,CSE,5,Operating Systems,90.2,8,19,37,64,C
S17475,Remya Krishnankutty,Female,ME,8,Strength of Materials,84.5,9,16,59,84,A
S17476,Soumya Kartha,Female,CSE,3,Operating Systems,64.6,5,18,38,61,C
S17477,Divya Nair,Female,ME,1,Fluid Mechanics,83.2,9,24,35,68,C+
S17478,Meera Kaimal,Female,CE,3,Concrete Technology,69.5,7,30,40,77,B+
S17479,Shilpa Sivan,Female,ECE,1,Digital Electronics,75.5,7,25,43,75,B+
S17480,Renjith Patel,Male,CE,1,Surveying,65.9,5,25,37,67,C+
S17481,Adithya Gopinathan,Male,CSE,6,Operating Systems,86.0,5,20,29,54,P
S17482,Jerin Aikara,Male,CE,8,Structural Analysis,100.0,7,25,33,65,C+
S17483,Dinesh Balakrishnan,Male,CSE,8,Operating Systems,92.5,10,27,46,83,A
S17484,Sowmya Jayan,Female,ECE,4,Digital Electronics,87.5,8,10,26,44,F
S17485,Naseer Pathan,Male,ME,8,Machine Design,95.3,9,25,45,79,B+
S17486,Nithin Ittycheria,Male,ME,8,Strength of Materials,79.8,7,25,60,92,S
S17487,Akhil Sankar,Male,ECE,7,Communication Systems,75.1,6,18,59,83,A
S17488,Nimisha Mohan,Female,ME,6,Fluid Mechanics,69.9,6,21,32,59,D
S17489,Manu Chandra,Male,CE,5,Structural Analysis,55.2,6,22,37,65,C+
S17490,Suresh Kurup,Male,CE,7,Surveying,88.1,8,18,46,72,B
S17491,Remya Bhaskaran,Female,ME,8,Machine Design,74.3,6,30,60,96,S
S17492,Athulya Menon,Female,ECE,1,Digital Electronics,60.2,10,22,60,92,S
S17493,Nadhira Kabir,Female,ECE,2,Microprocessors,81.2,9,20,52,81,A
S17494,Jyothsna Anandan,Female,CE,4,Concrete Technology,72.2,6,30,47,83,A
S17495,Nandakumar Chauhan,Male,ECE,6,Digital Electronics,83.8,5,24,42,71,B
S17496,Akhil Dinesh,Male,CSE,2,DBMS,63.1,7,22,42,71,B
S17497,Gokul Kurup,Male,ME,6,Fluid Mechanics,70.0,7,23,60,90,S
S17498,Akhil Pandey,Male,ECE,5,Digital Electronics,71.5,6,18,58,82,A
S17499,Renji Rodrigues,Male,ECE,6,Communication Systems,75.6,8,17,20,45,F
S17500,Sindhu Namputhiri,Female,CSE,2,Computer Networks,85.2,6,24,33,63,C
S17501,Nimisha Sharma,Female,CSE,5,Data Structures,80.6,7,26,47,80,A
S17502,Nandakumar Tiwari,Male,ECE,6,VLSI Design,62.1,9,30,39,78,B+
S17503,Sanjay Ashokan,Male,ME,6,Manufacturing Technology,95.3,8,30,45,83,A
S17504,Rajesh Tiwari,Male,CE,8,Surveying,93.3,7,23,48,78,B+
S17505,Nimisha Suresh,Female,ECE,3,Digital Electronics,66.1,7,30,37,74,B
S17506,Sudheesh Sethi,Male,ME,4,Strength of Materials,61.7,7,27,52,86,A+
S17507,Karthik Pillai,Male,CE,3,Structural Analysis,71.7,8,20,50,78,B+
S17508,Karthik Bhattathiri,Male,CE,6,Concrete Technology,90.1,8,25,40,73,B
S17509,Renjith Varma,Male,CSE,6,Big Data Processing,79.9,9,18,37,64,C
S17510,Swathi Govindan,Female,ECE,5,Digital Electronics,89.6,6,22,51,79,B+
S17511,Madhu Dubey,Male,ECE,4,Communication Systems,85.1,7,23,55,85,A+
S17512,Balachandran Kohli,Male,CSE,8,DBMS,69.2,6,27,60,93,S
S17513,Neethu Poduval,Female,CSE,6,DBMS,87.2,9,17,50,76,B+
S17514,Anoop Trivedi,Male,ME,2,Machine Design,78.7,8,15,18,41,F
S17515,Manoj Prakash,Male,CSE,1,Computer Networks,82.6,7,12,47,66,C+
S17516,Lakshmi Srivastava,Female,ECE,3,Signals & Systems,54.4,8,30,57,95,S
S17517,Athulya Das,Female,ME,6,Machine Design,73.6,8,13,51,72,B
S17518,Nikhil Unnithan,Male,ECE,2,Digital Electronics,80.8,6,23,60,89,A+
S17519,Meera Nambiar,Female,CE,5,Surveying,88.7,6,14,19,39,F
S17520,Resmi Karthikeyan,Female,CSE,7,Data Structures,70.9,6,15,45,66,C+
S17521,Sindhu Pradeep,Female,CSE,7,Computer Networks,63.6,8,25,42,75,B+
S17522,Nandana Achari,Female,CE,7,Transportation Engineering,61.9,7,21,38,66,C+
S17523,Greeshma Mishra,Female,CSE,2,Computer Networks,79.3,10,30,37,77,B+
S17524,Sreekumar Manoharan,Male,ECE,3,Signals & Systems,72.6,8,12,57,77,B+
S17525,Neethu Naidu,Female,CE,6,Geotechnical Engineering,59.4,4,24,41,69,C+
S17526,Bindu Namboothiri,Female,ECE,7,Signals & Systems,96.0,8,24,30,62,C
S17527,Parvathy Krishnan,Female,ECE,5,VLSI Design,71.8,6,18,53,77,B+
S17528,Sruthi Poduval,Female,CSE,3,Operating Systems,91.1,5,21,46,72,B
S17529,Dinesh Varma,Male,CE,1,Concrete Technology,91.7,6,25,32,63,C
S17530,Sudheesh Karthikeyan,Male,ME,1,Fluid Mechanics,84.9,5,7,49,61,C
S17531,Sowmya Patel,Female,CE,6,Concrete Technology,63.7,9,9,56,74,B
S17532,Aravind Gupta,Male,ECE,6,Microprocessors,94.0,8,14,43,65,C+
S17533,Sreejith Kaimal,Male,CSE,6,Data Structures,89.1,8,13,37,58,D
S17534,Aparna Pillai,Female,ECE,2,Signals & Systems,89.4,7,21,60,88,A+
S17535,Unnikrishnan Bakshi,Male,ECE,8,Signals & Systems,95.5,5,27,57,89,A+
S17536,Sudheesh Raghavan,Male,CSE,2,Operating Systems,80.7,6,30,44,80,A
S17537,Sreekumar Sudhakaran,Male,CE,7,Surveying,69.7,8,21,39,68,C+
S17538,Parvathy Gopalan,Female,ME,5,Strength of Materials,88.5,9,22,39,70,B
S17539,Rajesh Anilkumar,Male,CSE,3,DBMS,92.8,7,25,35,67,C+
S17540,Sruthi Das,Female,CSE,1,Computer Networks,66.0,7,18,47,72,B
S17541,Neethu Verma,Female,ECE,4,VLSI Design,61.6,4,18,37,59,D
S17542,Sreekumar Nambiar,Male,ECE,7,Communication Systems,62.2,7,14,54,75,B+
S17543,Resmi Raghavan,Female,CE,7,Geotechnical Engineering,68.1,8,20,37,65,C+
S17544,Rohan Karthikeyan,Male,CE,1,Transportation Engineering,92.4,5,21,43,69,C+
S17545,Remya Malhotra,Female,ME,3,Strength of Materials,76.1,9,25,39,73,B
S17546,Vishnu Gopalan,Male,CE,2,Geotechnical Engineering,83.9,6,27,37,70,B
S17547,Reshma Prasad,Female,ME,7,Strength of Materials,87.4,9,20,38,67,C+
S17548,Sujith Kunjunni,Male,ECE,5,Digital Electronics,75.6,6,27,24,57,D
S17549,Anagha Unnithan,Female,ECE,4,Microprocessors,66.8,7,23,59,89,A+
S17550,Rukhsar Aslam,Female,CSE,8,Software Engineering,90.8,6,20,56,82,A
S17551,Deepthi Ramesh,Female,CE,7,Transportation Engineering,78.0,8,18,48,74,B
S17552,Rohan Kartha,Male,ECE,7,Digital Electronics,90.4,6,30,46,82,A
S17553,Rajesh Sivan,Male,ME,7,Machine Design,100.0,5,16,60,81,A
S17554,Manoj Thampuran,Male,CE,5,Transportation Engineering,90.5,8,20,25,53,P
S17555,Radhika Manoharan,Female,CSE,1,Software Engineering,79.0,7,27,49,83,A
S17556,Meera Unni,Female,ME,2,Fluid Mechanics,71.0,9,21,44,74,B
S17557,Resmi Prasad,Female,ECE,2,Microprocessors,60.5,6,23,50,79,B+
S17558,Vinod Verma,Male,CSE,4,DBMS,88.1,9,19,40,68,C+
S17559,Anjali Dinesh,Female,CE,7,Geotechnical Engineering,80.8,6,25,36,67,C+
S17560,Ramesh Anandan,Male,CSE,8,DBMS,79.6,7,30,44,81,A
S17561,Sujith Pradeep,Male,ECE,3,VLSI Design,82.3,5,18,33,56,D
S17562,Anitha Sreekumar,Female,CE,6,Transportation Engineering,78.1,9,20,39,68,C+
S17563,Biju Vijayan,Male,ECE,1,Digital Electronics,61.4,8,18,56,82,A
S17564,Jyothsna Vijayan,Female,CE,1,Surveying,50.7,7,19,47,73,B
S17565,Dinesh Vinod,Male,ME,4,Fluid Mechanics,90.9,6,17,51,74,B
S17566,Nithya Balan,Female,CE,4,Geotechnical Engineering,77.8,7,22,37,66,C+
S17567,Sreejith Gupta,Male,CE,2,Structural Analysis,80.2,10,17,50,77,B+
S17568,Deepak Kurup,Male,CSE,6,Operating Systems,83.7,5,18,55,78,B+
S17569,Gayathri Gopinathan,Female,CSE,8,Big Data Processing,95.8,8,8,53,69,C+
S17570,Vineetha Chandrasekharan,Female,CSE,3,Big Data Processing,93.0,7,24,60,91,S
S17571,Lakshmi Achari,Female,ECE,4,VLSI Design,72.6,8,23,57,88,A+
S17572,Priya Chandran,Female,ECE,8,Signals & Systems,82.2,8,15,51,74,B
S17573,Sudheesh Mahesh,Male,ECE,1,Communication Systems,81.4,4,29,24,57,D
S17574,Sowmya Desai,Female,ECE,2,VLSI Design,90.4,6,30,48,84,A
S17575,Athulya Raj,Female,CE,3,Transportation Engineering,68.4,7,20,60,87,A+
S17576,Anagha Raghavan,Female,CSE,5,Data Structures,77.1,9,28,51,88,A+
S17577,Adithya Chandran,Male,CE,7,Geotechnical Engineering,100.0,7,19,50,76,B+
S17578,Divya Ramesh,Female,CE,8,Structural Analysis,91.3,7,21,38,66,C+
S17579,Sindhu Panicker,Female,CSE,2,DBMS,71.5,8,30,34,72,B
S17580,Sanjay Vijayan,Male,CE,7,Surveying,72.0,4,20,47,71,B
S17581,Sruthi Raman,Female,ECE,4,Microprocessors,82.1,7,22,41,70,B
S17582,Prasanth Mohan,Male,CSE,6,Software Engineering,70.5,7,25,45,77,B+
S17583,Akhil Chandran,Male,CE,5,Structural Analysis,87.6,6,22,35,63,C
S17584,Aiswarya Rajan,Female,ECE,1,Digital Electronics,70.1,5,17,47,69,C+
S17585,Vineetha Srivastava,Female,CE,7,Geotechnical Engineering,67.1,8,20,28,56,D
S17586,Rohan Anandan,Male,CE,2,Concrete Technology,54.4,10,15,46,71,B
S17587,Soumya Bhalla,Female,CE,1,Concrete Technology,77.7,7,19,36,62,C
S17588,Sreekumar Balan,Male,CSE,5,Software Engineering,67.3,6,21,48,75,B+
S17589,Anu Thampuran,Female,CE,1,Geotechnical Engineering,70.1,8,19,44,71,B
S17590,Vidya Bhatt,Female,CSE,4,Big Data Processing,74.5,6,30,58,94,S
S17591,Balachandran Sankar,Male,ECE,7,Microprocessors,93.8,7,19,57,83,A
S17592,Vivek Vasu,Male,CE,6,Transportation Engineering,94.1,9,30,55,94,S
S17593,Imran Koya,Male,ECE,5,VLSI Design,73.2,9,19,40,68,C+
S17594,Aiswarya Goel,Female,CSE,6,Operating Systems,57.7,9,14,51,74,B
S17595,Sindhu Goel,Female,CSE,1,Operating Systems,73.3,6,18,36,60,C
S17596,Vivek Kapoor,Male,CE,2,Structural Analysis,95.9,8,25,40,73,B
S17597,Remya Rajan,Female,CSE,3,Big Data Processing,76.7,8,15,22,45,F
S17598,Renjith Sreedharan,Male,ME,8,Strength of Materials,83.8,7,28,31,66,C+
S17599,Rohan Nambiar,Male,ECE,5,Communication Systems,50.0,7,17,44,68,C+
S17600,Shilpa Vasudevan,Female,ECE,7,Communication Systems,72.5,5,18,45,68,C+
S17601,Rency Dcosta,Female,CE,7,Surveying,80.7,9,23,39,71,B
S17602,Rohan Tiwari,Male,CSE,2,Computer Networks,85.4,9,24,42,75,B+
S17603,Soumya Yadav,Female,ME,8,Thermodynamics,93.4,5,21,47,73,B
S17604,Rizwana Moulavi,Female,CE,1,Transportation Engineering,62.5,10,18,52,80,A
S17605,Arjun Prakash,Male,CSE,2,DBMS,96.3,4,20,28,52,P
S17606,Nandakumar Padmanabhan,Male,ECE,7,Communication Systems,91.5,9,29,32,70,B
S17607,Sindhu Pandey,Female,CE,5,Surveying,75.8,6,17,28,51,P
S17608,Madhu Rajagopal,Male,CE,6,Transportation Engineering,80.1,6,30,39,75,B+
S17609,Vidya Dinesh,Female,ME,6,Strength of Materials,79.1,8,21,42,71,B
S17610,Lincy Almeida,Female,CE,3,Structural Analysis,79.0,7,30,27,64,C
S17611,Sneha Bhatt,Female,ECE,6,VLSI Design,82.6,8,18,37,63,C
S17612,Nandana Rao,Female,CSE,6,Data Structures,93.9,4,21,60,85,A+
S17613,Manoj Namboodiripad,Male,CSE,5,Computer Networks,65.8,9,21,60,90,S
S17614,Renjith Sasidharan,Male,ECE,6,Communication Systems,85.9,7,22,60,89,A+
S17615,Reshma Sreedharan,Female,CE,6,Surveying,51.8,6,23,38,67,C+
S17616,Nandakumar Rajagopal,Male,ME,1,Manufacturing Technology,78.1,4,26,23,53,P
S17617,Naveen Sreedharan,Male,CSE,8,Operating Systems,77.6,9,28,42,79,B+
S17618,Deepthi Gopalan,Female,CSE,6,Computer Networks,87.7,7,17,45,69,C+
S17619,Anand Desai,Male,ECE,2,VLSI Design,81.0,10,18,44,72,B
S17620,Nithya Solanki,Female,ME,7,Machine Design,59.2,7,26,50,83,A
S17621,Jismy Cherian,Female,CSE,1,DBMS,89.6,8,25,60,93,S
S17622,Manoj Chauhan,Male,CSE,2,Computer Networks,80.1,4,18,57,79,B+
S17623,Dinesh Unnithan,Male,CE,4,Transportation Engineering,78.8,6,30,60,96,S
S17624,Vijay Sreedharan,Male,CSE,1,DBMS,95.8,6,24,43,73,B
S17625,Manu Tiwari,Male,CE,5,Surveying,97.4,10,30,50,90,S
S17626,Deepthi Chowdhury,Female,CE,5,Surveying,87.9,5,26,36,67,C+
S17627,Athulya Chandrasekharan,Female,CE,8,Transportation Engineering,69.6,4,30,35,69,C+
S17628,Renjith Shukla,Male,CSE,7,DBMS,77.0,7,20,38,65,C+
S17629,Neethu Chandra,Female,CSE,2,DBMS,89.0,6,23,37,66,C+
S17630,Nithya Kunjunni,Female,CE,1,Transportation Engineering,79.6,9,25,38,72,B
S17631,Aswathy Bhatt,Female,CSE,3,Operating Systems,85.9,6,30,37,73,B
S17632,Athulya Kaimal,Female,CSE,7,DBMS,83.3,7,30,41,78,B+
S17633,Prasanth Gopinathan,Male,ECE,8,Digital Electronics,72.3,6,29,51,86,A+
S17634,Athulya Unni,Female,ME,6,Fluid Mechanics,89.1,8,24,52,84,A
S17635,Jyothsna Nair,Female,ECE,8,Communication Systems,80.3,6,27,47,80,A
S17636,Anitha Chopra,Female,ECE,6,Signals & Systems,88.2,5,18,37,60,C
S17637,Manu Vijayan,Male,ME,2,Thermodynamics,80.7,4,23,52,79,B+
S17638,Nandana Dinesh,Female,ECE,6,Communication Systems,86.1,7,10,55,72,B
S17639,Dinesh Narayanan,Male,CSE,8,DBMS,63.4,5,20,51,76,B+
S17640,Aswathy Unnithan,Female,CE,4,Transportation Engineering,100.0,6,22,40,68,C+
S17641,Ashraf Aziz,Male,ME,8,Fluid Mechanics,87.4,6,17,60,83,A
S17642,Vinod Ashokan,Male,CE,8,Surveying,79.1,8,23,40,71,B
S17643,Anitha Ashokan,Female,ME,1,Thermodynamics,78.4,6,30,24,60,C
S17644,Renjith Bhattathiri,Male,ME,8,Manufacturing Technology,80.5,9,18,6,33,F
S17645,Parvathy Pandey,Female,ECE,7,VLSI Design,64.2,4,16,42,62,C
S17646,Sarath Vijayan,Male,ECE,8,Digital Electronics,85.6,8,22,46,76,B+
S17647,Greeshma Bansal,Female,ME,2,Fluid Mechanics,55.4,8,21,48,77,B+
S17648,Sarath Joshi,Male,CE,5,Transportation Engineering,78.7,5,22,45,72,B
S17649,Gayathri Unni,Female,CSE,4,DBMS,88.9,7,25,27,59,D
S17650,Parvathy Namboothiri,Female,CSE,5,Software Engineering,60.8,5,15,37,57,D
S17651,Shamna Rafique,Female,CE,6,Structural Analysis,87.7,9,23,50,82,A
S17652,Sreejith Ramesh,Male,CE,4,Geotechnical Engineering,80.6,9,19,44,72,B
S17653,Jithin Chauhan,Male,CSE,3,Data Structures,79.4,7,25,35,67,C+
S17654,Meera Namputhiri,Female,CSE,1,Software Engineering,78.9,6,18,29,53,P
S17655,Nimisha Das,Female,ME,2,Fluid Mechanics,72.7,9,27,43,79,B+
S17656,Vishnu Malhotra,Male,ME,3,Manufacturing Technology,84.6,4,27,34,65,C+
S17657,Dinesh Kapoor,Male,ME,4,Machine Design,86.6,8,27,35,70,B
S17658,Sanjay Kaimal,Male,CSE,7,DBMS,82.0,7,18,44,69,C+
S17659,Jithin Goel,Male,CE,5,Surveying,87.9,6,30,40,76,B+
S17660,Simna Basheer,Female,CE,5,Transportation Engineering,84.5,9,15,33,57,D
S17661,Swathi Vallikkat,Female,CE,8,Geotechnical Engineering,88.8,7,24,44,75,B+
S17662,Rahul Bhattathiri,Male,ECE,2,Signals & Systems,87.5,7,25,39,71,B
S17663,Anitha Kapoor,Female,CSE,2,Computer Networks,76.2,9,22,49,80,A
S17664,Gayathri Karthikeyan,Female,CE,6,Transportation Engineering,73.3,8,21,47,76,B+
S17665,Shilpa Jayan,Female,ECE,6,Signals & Systems,78.0,8,29,29,66,C+
S17666,Nandana Anandan,Female,ME,6,Strength of Materials,90.9,8,14,43,65,C+
S17667,Amrutha Nair,Female,ECE,8,Digital Electronics,80.0,10,22,60,92,S
S17668,Akhil Varma,Male,CSE,3,Big Data Processing,62.2,6,16,42,64,C
S17669,Aswathy Bhalla,Female,CSE,2,Operating Systems,69.9,8,16,48,72,B
S17670,Greeshma Narayanan,Female,CSE,7,Computer Networks,78.6,10,21,36,67,C+
S17671,Soumya Bhardwaj,Female,ME,6,Manufacturing Technology,74.8,9,23,35,67,C+
S17672,Athira Goel,Female,CE,7,Concrete Technology,70.1,6,19,40,65,C+
S17673,Sindhu Bhattathiri,Female,ME,8,Machine Design,88.5,6,22,58,86,A+
S17674,Merin Thomas,Female,ME,8,Thermodynamics,60.3,8,22,33,63,C
S17675,Aparna Kurup,Female,CE,8,Concrete Technology,61.9,6,10,31,47,F
S17676,Vineetha Gopinathan,Female,ECE,1,Communication Systems,55.8,7,18,30,55,D
S17677,Sanjay Kapoor,Male,ME,8,Manufacturing Technology,100.0,7,13,36,56,D
S17678,Sruthi Chopra,Female,ECE,6,Signals & Systems,93.1,7,14,40,61,C
S17679,Justin Njiralath,Male,ECE,4,Digital Electronics,78.0,6,22,42,70,B
S17680,Sreelakshmi Verma,Female,ME,7,Fluid Mechanics,64.0,8,15,36,59,D
S17681,Aswathy Trivedi,Female,ME,7,Thermodynamics,70.6,9,25,31,65,C+
S17682,Parvathy Vasu,Female,ME,3,Machine Design,68.4,6,21,59,86,A+
S17683,Manoj Anilkumar,Male,ECE,6,Communication Systems,88.0,7,22,58,87,A+
S17684,Balachandran Saxena,Male,CSE,6,Big Data Processing,78.8,8,24,50,82,A
S17685,Amrutha Govindan,Female,ME,3,Thermodynamics,84.2,7,20,40,67,C+
S17686,Vinod Sasidharan,Male,ECE,4,VLSI Design,76.5,5,25,31,61,C
S17687,Vivek Ashokan,Male,CSE,6,Data Structures,80.3,8,16,30,54,P
S17688,Priya Solanki,Female,CSE,1,DBMS,58.8,7,23,20,50,P
S17689,Manu Vasudevan,Male,CE,3,Structural Analysis,70.9,5,13,41,59,D
S17690,Sreelakshmi Yadav,Female,CE,2,Structural Analysis,67.2,6,20,35,61,C
S17691,Ramesh Sinha,Male,ME,5,Thermodynamics,87.1,7,26,40,73,B
S17692,Sneha Neelakandan,Female,ME,7,Fluid Mechanics,71.6,5,22,53,80,A
S17693,Rohan Jayan,Male,CSE,1,Big Data Processing,63.7,5,13,50,68,C+
S17694,Nandakumar Joshi,Male,ME,5,Thermodynamics,84.6,6,25,34,65,C+
S17695,Anjali Chandran,Female,ME,3,Machine Design,82.1,6,22,48,76,B+
S17696,Gayathri Chauhan,Female,CE,3,Geotechnical Engineering,79.9,7,17,46,70,B
S17697,Nazia Khan,Female,ECE,2,VLSI Design,88.5,7,29,41,77,B+
S17698,Jithin Saxena,Male,ECE,2,Communication Systems,68.9,6,20,42,68,C+
S17699,Balachandran Bhattathiri,Male,CSE,6,Operating Systems,47.9,5,22,32,59,D
S17700,Gokul Warrier,Male,ME,4,Thermodynamics,92.8,5,20,49,74,B
S17701,Nazar Ali,Male,CSE,7,Big Data Processing,71.7,7,23,34,64,C
S17702,Naila Basheer,Female,ME,4,Machine Design,69.9,8,20,44,72,B
S17703,Sherin Idiculla,Female,CSE,2,Operating Systems,53.6,6,24,34,64,C
S17704,Swathi Radhakrishnan,Female,ME,3,Machine Design,84.3,9,22,60,91,S
S17705,Arjun Vijayan,Male,CE,3,Transportation Engineering,61.7,7,19,50,76,B+
S17706,Sreejith Venugopal,Male,CSE,7,Data Structures,78.9,3,18,40,61,C
S17707,Athira Vijayan,Female,ME,2,Fluid Mechanics,85.6,5,18,54,77,B+
S17708,Farha Muneer,Female,ME,7,Strength of Materials,78.8,9,25,22,56,D
S17709,Vineetha Thampi,Female,ME,8,Machine Design,50.6,6,19,37,62,C
S17710,Nisha Varghese,Female,ECE,8,Microprocessors,68.5,7,22,21,50,P
S17711,Anjali Gopalan,Female,ECE,1,Communication Systems,87.6,6,20,44,70,B
S17712,Sindhu Kartha,Female,ECE,7,VLSI Design,100.0,8,24,60,92,S
S17713,Ajay Kumar,Male,ECE,5,Digital Electronics,90.6,7,23,17,47,F
S17714,Meera Malhotra,Female,ME,3,Manufacturing Technology,72.3,8,15,37,60,C
S17715,Vineetha Chopra,Female,CSE,1,Big Data Processing,70.6,6,21,40,67,C+
S17716,Aiswarya Rajendran,Female,CE,6,Geotechnical Engineering,65.5,9,20,41,70,B
S17717,Shilpa Verma,Female,ME,2,Fluid Mechanics,77.0,7,17,60,84,A
S17718,Remya Shukla,Female,ME,4,Manufacturing Technology,70.9,6,25,38,69,C+
S17719,Anjali Chauhan,Female,CE,6,Structural Analysis,82.0,6,10,46,62,C
S17720,Anjali Sethi,Female,ME,2,Manufacturing Technology,84.4,8,10,42,60,C
S17721,Ajay Poduval,Male,CE,8,Geotechnical Engineering,71.5,6,19,54,79,B+
S17722,Nandana Marar,Female,ECE,1,Communication Systems,72.2,6,20,47,73,B
S17723,Jyothsna Pisharody,Female,CE,3,Structural Analysis,85.1,7,26,43,76,B+
S17724,Suresh Mohan,Male,ME,1,Fluid Mechanics,72.5,8,22,39,69,C+
S17725,Bibinlal Philip,Male,CE,1,Geotechnical Engineering,77.3,6,24,29,59,D
S17726,Suresh Srivastava,Male,CE,7,Structural Analysis,71.9,8,26,46,80,A
S17727,Manu Achari,Male,CSE,2,Operating Systems,100.0,6,25,37,68,C+
S17728,Shefeek Nadeem,Male,ME,6,Fluid Mechanics,50.8,8,21,42,71,B
S17729,Adithya Gupta,Male,ECE,3,Communication Systems,85.9,6,21,20,47,F
S17730,Vineetha Poduval,Female,CE,7,Structural Analysis,64.5,9,19,55,83,A
S17731,Sameera Kareem,Female,ME,1,Manufacturing Technology,69.8,5,16,34,55,D
S17732,Arjun Krishnankutty,Male,ME,2,Fluid Mechanics,71.4,5,22,41,68,C+
S17733,Anoop Rao,Male,ECE,2,Communication Systems,89.4,8,16,54,78,B+
S17734,Priya Govindan,Female,CSE,7,Data Structures,70.1,7,23,33,63,C
S17735,Manu Anilkumar,Male,ME,5,Thermodynamics,93.7,9,20,51,80,A
S17736,Rohan Chandra,Male,CE,5,Concrete Technology,99.7,9,20,42,71,B
S17737,Neethu Dinesh,Female,ECE,2,VLSI Design,79.7,8,20,43,71,B
S17738,Aiswarya Nambiar,Female,CE,4,Structural Analysis,82.6,7,27,49,83,A
S17739,Arjun Bhalla,Male,ME,5,Machine Design,77.8,10,18,52,80,A
S17740,Arjun Rajan,Male,ME,7,Machine Design,69.2,6,18,46,70,B
S17741,Faisal Latif,Male,CE,1,Geotechnical Engineering,73.6,8,20,39,67,C+
S17742,Ramesh Pisharody,Male,CE,7,Transportation Engineering,77.7,3,24,30,57,D
S17743,Sneha Sreedharan,Female,ECE,2,Signals & Systems,76.3,8,17,21,46,F
S17744,Ramesh Kaimal,Male,CSE,2,Software Engineering,58.5,8,27,47,82,A
S17745,Rajesh Sinha,Male,CE,4,Structural Analysis,76.3,5,22,45,72,B
S17746,Athulya Namputhiri,Female,ECE,4,Communication Systems,88.3,7,23,39,69,C+
S17747,Rincy Chacko,Female,ME,3,Strength of Materials,92.5,8,27,52,87,A+
S17748,Sanjay Rao,Male,CE,7,Structural Analysis,56.3,8,29,33,70,B
S17749,Karthik Kutty,Male,CE,5,Surveying,83.4,10,23,38,71,B
S17750,Parvathy Raman,Female,CSE,2,Operating Systems,55.7,7,16,60,83,A
S17751,Shamna Thangal,Female,ECE,8,Communication Systems,64.2,6,25,32,63,C
S17752,Rahul Kapoor,Male,CSE,4,DBMS,91.8,10,18,36,64,C
S17753,Nandakumar Pisharody,Male,ME,2,Manufacturing Technology,78.6,5,22,59,86,A+
S17754,Vinod Chopra,Male,CSE,1,Computer Networks,80.5,8,27,42,77,B+
S17755,Meera Rajagopal,Female,CSE,4,Big Data Processing,74.5,7,17,47,71,B
S17756,Gokul Patel,Male,ECE,3,Signals & Systems,69.9,6,17,35,58,D
S17757,Divya Kunjunni,Female,ECE,3,Signals & Systems,79.2,7,24,26,57,D
S17758,Meera Suresh,Female,CE,7,Surveying,93.6,6,21,48,75,B+
S17759,Sudheesh Sreedharan,Male,CSE,2,Software Engineering,90.4,9,23,44,76,B+
S17760,Swathi Khurana,Female,ECE,4,Microprocessors,72.0,6,14,58,78,B+
S17761,Amrutha Radhakrishnan,Female,ME,4,Machine Design,73.3,4,20,49,73,B
S17762,Gokul Das,Male,CE,6,Structural Analysis,74.8,7,13,50,70,B
S17763,Neethu Iyer,Female,CSE,6,Software Engineering,73.9,4,30,60,94,S
S17764,Manoj Gupta,Male,ECE,7,VLSI Design,87.0,7,14,59,80,A
S17765,Anoop Jayan,Male,CE,2,Concrete Technology,64.3,5,22,58,85,A+
S17766,Vijay Warrier,Male,CE,6,Geotechnical Engineering,89.1,9,26,42,77,B+
S17767,Sowmya Nambiar,Female,CE,8,Surveying,67.0,5,15,39,59,D
S17768,Athira Khurana,Female,ECE,2,VLSI Design,81.4,3,24,37,64,C
S17769,Renjith Govindan,Male,CSE,2,Software Engineering,84.7,9,13,57,79,B+
S17770,Nandakumar Suresh,Male,CSE,6,Computer Networks,47.4,8,28,60,96,S
S17771,Renjith Venugopal,Male,ME,4,Fluid Mechanics,87.6,9,20,53,82,A
S17772,Sneha Chopra,Female,CE,8,Transportation Engineering,78.6,4,29,40,73,B
S17773,Sruthi Madhavan,Female,ECE,6,VLSI Design,70.6,7,28,60,95,S
S17774,Nikhil Sreekumar,Male,ECE,7,Signals & Systems,64.5,4,21,34,59,D
S17775,Sanjay Krishnan,Male,CE,8,Transportation Engineering,73.5,7,25,33,65,C+
S17776,Remya Reddy,Female,CSE,2,Data Structures,60.4,8,24,51,83,A
S17777,Vijay Naidu,Male,CE,4,Geotechnical Engineering,96.4,10,21,49,80,A
S17778,Sujith Dubey,Male,ECE,1,VLSI Design,100.0,6,20,48,74,B
S17779,Bindu Chandrasekharan,Female,CSE,7,Operating Systems,83.0,6,24,33,63,C
S17780,Sneha Anilkumar,Female,ECE,2,Signals & Systems,93.2,6,15,54,75,B+
S17781,Arjun Kumar,Male,CE,7,Surveying,79.1,10,18,43,71,B
S17782,Sanjay Raghavan,Male,ECE,1,VLSI Design,61.5,6,21,52,79,B+
S17783,Radhika Shukla,Female,CSE,8,Data Structures,82.2,7,17,50,74,B
S17784,Gayathri Goel,Female,ME,8,Machine Design,87.3,7,28,33,68,C+
S17785,Sindhu Radhakrishnan,Female,CE,8,Transportation Engineering,51.6,7,23,44,74,B
S17786,Anand Sethi,Male,ME,4,Machine Design,87.9,7,21,47,75,B+
S17787,Aravind Ramesh,Male,CSE,7,Computer Networks,50.3,7,24,60,91,S
S17788,Anitha Shukla,Female,CSE,8,Operating Systems,100.0,7,25,37,69,C+
S17789,Aparna Vallikkat,Female,ECE,3,Signals & Systems,66.7,8,23,29,60,C
S17790,Suresh Balan,Male,ME,7,Thermodynamics,93.8,6,25,34,65,C+
S17791,Vidya Bhattathiri,Female,CSE,3,Big Data Processing,62.6,5,25,58,88,A+
S17792,Ashraf Pathan,Male,CSE,8,DBMS,61.4,7,22,46,75,B+
S17793,Jithin Jayan,Male,CSE,2,DBMS,56.7,9,21,32,62,C
S17794,Vidya Warrier,Female,CE,8,Surveying,67.3,5,19,26,50,P
S17795,Anitha Chauhan,Female,ME,5,Strength of Materials,77.2,7,30,41,78,B+
S17796,Naveen Choudhary,Male,CE,4,Transportation Engineering,84.3,5,28,37,70,B
S17797,Renjith Bhaskaran,Male,ECE,5,Digital Electronics,71.3,4,30,45,79,B+
S17798,Swathi Kartha,Female,CE,2,Transportation Engineering,65.9,5,24,36,65,C+
S17799,Vignesh Kapoor,Male,ME,2,Thermodynamics,73.2,8,24,49,81,A
S17800,Vignesh Sharma,Male,CE,1,Transportation Engineering,77.4,7,20,52,79,B+
S17801,Sanjay Chandrasekharan,Male,ME,4,Fluid Mechanics,90.3,8,28,57,93,S
S17802,Haritha Naidu,Female,CE,7,Structural Analysis,87.1,6,22,34,62,C
S17803,Vidya Verma,Female,ECE,6,Communication Systems,91.7,4,21,37,62,C
S17804,Anagha Kapoor,Female,CE,4,Structural Analysis,90.9,10,22,60,92,S
S17805,Sudheesh Pisharody,Male,ECE,8,VLSI Design,80.2,8,21,18,47,F
S17806,Anitha Karthikeyan,Female,CE,2,Surveying,85.0,6,22,60,88,A+
S17807,Deepthi Rajagopal,Female,CSE,8,DBMS,78.2,7,13,43,63,C
S17808,Vishnu Sreedharan,Male,ME,3,Fluid Mechanics,58.3,4,13,36,53,P
S17809,Remya Sivan,Female,CSE,2,Data Structures,85.2,9,23,30,62,C
S17810,Simna Haneef,Female,CE,1,Transportation Engineering,50.7,8,16,26,50,P
S17811,Resmi Iyer,Female,ME,5,Thermodynamics,75.2,6,17,44,67,C+
S17812,Nimisha Sasidharan,Female,ME,1,Thermodynamics,91.2,7,25,31,63,C
S17813,Remya Saxena,Female,CE,4,Geotechnical Engineering,69.8,8,23,39,70,B
S17814,Vineetha Anandan,Female,ME,8,Manufacturing Technology,79.2,6,24,41,71,B
S17815,Manu Namboothiri,Male,ME,5,Machine Design,79.0,5,24,44,73,B
S17816,Lakshmi Solanki,Female,ECE,4,Digital Electronics,90.8,7,10,49,66,C+
S17817,Arjun Yadav,Male,CE,6,Structural Analysis,94.1,9,19,24,52,P
S17818,Nisha Karippacheril,Female,CSE,3,Data Structures,94.9,8,18,26,52,P
S17819,Biju Vasudevan,Male,CE,4,Geotechnical Engineering,94.3,7,26,46,79,B+
S17820,Dinesh Solanki,Male,CE,8,Concrete Technology,83.2,5,21,45,71,B
S17821,Sreelakshmi Kohli,Female,CSE,1,Computer Networks,82.2,6,12,59,77,B+
S17822,Rafeeqa Riyas,Female,CSE,3,Data Structures,79.3,6,30,47,83,A
S17823,Ashraf Bava,Male,CE,2,Transportation Engineering,93.7,6,30,26,62,C
S17824,Aby Kalathil,Male,CSE,4,Operating Systems,86.0,7,24,45,76,B+
S17825,Suresh Kapoor,Male,CSE,4,Big Data Processing,88.0,8,24,49,81,A
S17826,Akhil Agrawal,Male,CE,7,Transportation Engineering,77.3,10,28,42,80,A
S17827,Sruthi Bhalla,Female,ME,7,Machine Design,56.9,7,20,40,67,C+
S17828,Neethu Chauhan,Female,CSE,6,Computer Networks,72.4,7,28,49,84,A
S17829,Ajay Sreekumar,Male,CE,7,Structural Analysis,73.0,6,22,48,76,B+
S17830,Gayathri Tiwari,Female,ECE,3,Signals & Systems,84.3,6,14,48,68,C+
S17831,Vishnu Yadav,Male,CSE,1,DBMS,75.8,7,21,29,57,D
S17832,Divya Arora,Female,ME,7,Strength of Materials,81.0,9,20,40,69,C+
S17833,Vishnu Raman,Male,CSE,7,DBMS,50.5,6,22,34,62,C
S17834,Anagha Trivedi,Female,CE,4,Surveying,90.2,5,25,48,78,B+
S17835,Madhu Nair,Male,ME,7,Strength of Materials,99.9,6,18,40,64,C
S17836,Rajesh Pillai,Male,CSE,3,Software Engineering,95.5,8,22,27,57,D
S17837,Remya Rathore,Female,ECE,3,Signals & Systems,98.2,5,20,56,81,A
S17838,Vineetha Krishnan,Female,ME,4,Machine Design,91.7,9,10,46,65,C+
S17839,Sreelakshmi Balakrishnan,Female,ECE,3,Microprocessors,85.1,8,30,53,91,S
S17840,Athulya Sreekumar,Female,ECE,3,Digital Electronics,76.2,10,26,37,73,B
S17841,Naila Muneer,Female,ME,7,Strength of Materials,61.4,5,21,31,57,D
S17842,Naveen Goel,Male,ECE,7,Signals & Systems,68.3,10,21,26,57,D
S17843,Prasanth Balakrishnan,Male,CE,2,Structural Analysis,74.4,6,23,60,89,A+
S17844,Vinod Padmanabhan,Male,ECE,4,Communication Systems,79.6,6,26,38,70,B
S17845,Vinod Kapoor,Male,CSE,6,DBMS,79.6,6,30,42,78,B+
S17846,Anand Kutty,Male,CSE,7,Big Data Processing,76.9,5,24,60,89,A+
S17847,Ajay Jayan,Male,ECE,5,Digital Electronics,66.2,10,20,49,79,B+
S17848,Vineetha Thampuran,Female,CSE,8,DBMS,73.1,6,30,15,51,P
S17849,Aswathy Namboodiripad,Female,CSE,4,DBMS,77.4,5,19,33,57,D
S17850,Manu Sankar,Male,ME,4,Strength of Materials,62.4,6,20,26,52,P
S17851,Jasmin Pathan,Female,ME,5,Thermodynamics,84.6,6,22,39,67,C+
S17852,Pradeep Sethi,Male,ECE,1,Digital Electronics,83.9,8,23,50,81,A
S17853,Remya Poduval,Female,ECE,4,Communication Systems,73.4,4,13,57,74,B
S17854,Rohan Goel,Male,ME,4,Thermodynamics,77.7,5,26,30,61,C
S17855,Pradeep Raman,Male,ME,7,Machine Design,58.7,7,16,36,59,D
S17856,Sowmya Rajan,Female,CSE,4,DBMS,67.7,10,16,59,85,A+
S17857,Sanjay Chowdhury,Male,ECE,8,Communication Systems,80.4,6,19,42,67,C+
S17858,Lakshmi Jayan,Female,CSE,2,Data Structures,98.4,7,27,23,57,D
S17859,Vivek Kohli,Male,CE,6,Surveying,56.6,8,22,48,78,B+
S17860,Anagha Agarwal,Female,ME,3,Machine Design,79.1,8,23,25,56,D
S17861,Biju Saxena,Male,CSE,7,Data Structures,74.9,8,14,52,74,B
S17862,Suresh Sathyan,Male,ME,6,Manufacturing Technology,68.4,8,22,35,65,C+
S17863,Vinod Vasu,Male,ME,1,Machine Design,79.8,5,19,43,67,C+
S17864,Aiswarya Rao,Female,ME,2,Fluid Mechanics,100.0,8,17,45,70,B
S17865,Dinesh Das,Male,ME,1,Thermodynamics,79.5,6,28,27,61,C
S17866,Anas Basheer,Male,ME,7,Thermodynamics,84.4,6,13,38,57,D
S17867,Resmi Balan,Female,ECE,6,Communication Systems,90.9,5,20,44,69,C+
S17868,Greeshma Anilkumar,Female,CSE,5,DBMS,89.4,7,24,35,66,C+
S17869,Ajay Unnithan,Male,CSE,1,Data Structures,67.3,7,24,41,72,B
S17870,Divya Karthikeyan,Female,ECE,8,VLSI Design,74.9,10,21,36,67,C+
S17871,Nithya Mahesh,Female,CE,6,Surveying,70.3,7,23,59,89,A+
S17872,Aiswarya Jayan,Female,ME,2,Manufacturing Technology,83.5,9,19,53,81,A
S17873,Sowmya Raman,Female,CSE,5,Big Data Processing,85.5,8,30,50,88,A+
S17874,Amrutha Krishnan,Female,CE,6,Surveying,75.3,8,27,36,71,B
S17875,Athulya Marar,Female,CSE,6,Software Engineering,83.1,6,23,51,80,A
S17876,Gokul Rao,Male,ECE,7,Signals & Systems,86.6,7,17,42,66,C+
S17877,Aravind Sinha,Male,CE,8,Structural Analysis,59.2,5,15,45,65,C+
S17878,Karthik Bhalla,Male,CE,3,Concrete Technology,75.2,9,27,58,94,S
S17879,Anand Govindan,Male,ECE,6,VLSI Design,69.0,10,21,49,80,A
S17880,Neethu Sudhakaran,Female,ME,8,Fluid Mechanics,76.5,6,16,14,36,F
S17881,Karthik Mohan,Male,CE,4,Concrete Technology,71.9,9,20,42,71,B
S17882,Anoop Vijayan,Male,CE,3,Surveying,94.1,6,25,36,67,C+
S17883,Remya Das,Female,ME,4,Strength of Materials,67.9,6,24,25,55,D
S17884,Ashraf Ahmed,Male,ECE,1,Signals & Systems,74.1,5,14,2,21,F
S17885,Vineetha Nambiar,Female,ME,4,Manufacturing Technology,71.8,8,17,48,73,B
S17886,Nimisha Rajan,Female,CE,5,Transportation Engineering,77.0,7,21,55,83,A
S17887,Jyothsna Balakrishnan,Female,ECE,7,Signals & Systems,80.1,5,16,40,61,C
S17888,Arjun Kunjunni,Male,CSE,3,Data Structures,84.9,8,23,45,76,B+
S17889,Anoop Shukla,Male,ME,3,Strength of Materials,99.7,8,19,36,63,C
S17890,Sreekumar Sharma,Male,CE,4,Geotechnical Engineering,77.2,8,12,46,66,C+
S17891,Divya Bhalla,Female,CSE,2,Software Engineering,69.4,8,20,38,66,C+
S17892,Gayathri Bhalla,Female,ME,2,Thermodynamics,67.5,4,11,60,75,B+
S17893,Nikhil Nambiar,Male,ME,4,Fluid Mechanics,84.4,8,26,42,76,B+
S17894,Bindu Naidu,Female,ECE,4,VLSI Design,58.3,6,20,44,70,B
S17895,Karthik Sethi,Male,CSE,6,Operating Systems,65.9,3,19,52,74,B
S17896,Ramesh Jayan,Male,CE,5,Surveying,80.6,7,25,45,77,B+
S17897,Vinod Govindan,Male,ECE,5,Signals & Systems,69.3,7,3,9,19,F
S17898,Sreekumar Rao,Male,ME,1,Manufacturing Technology,87.7,8,17,60,85,A+
S17899,Manu Sharma,Male,ECE,2,Microprocessors,72.8,9,27,40,76,B+
S17900,Lakshmi Mohan,Female,CSE,3,Data Structures,89.5,10,17,42,69,C+
S17901,Greeshma Panicker,Female,CSE,7,Big Data Processing,100.0,10,22,45,77,B+
S17902,Rukhsar Yasin,Female,ECE,1,Communication Systems,91.3,7,29,42,78,B+
S17903,Radhika Madhavan,Female,ECE,3,Microprocessors,73.2,7,28,60,95,S
S17904,Aiswarya Karthikeyan,Female,CE,2,Geotechnical Engineering,82.8,10,25,36,71,B
S17905,Aparna Desai,Female,CSE,5,Data Structures,84.4,9,22,22,53,P
S17906,Prasanth Raghavan,Male,ECE,2,Digital Electronics,88.8,5,18,56,79,B+
S17907,Jithin Das,Male,ECE,8,Communication Systems,59.7,7,21,37,65,C+
S17908,Aswathy Panicker,Female,CE,6,Structural Analysis,71.5,9,28,46,83,A
S17909,Sreelakshmi Patel,Female,ME,2,Thermodynamics,88.4,9,24,41,74,B
S17910,Sreelakshmi Saxena,Female,CSE,5,Computer Networks,71.8,6,22,43,71,B
S17911,Meera Manoharan,Female,CSE,2,Data Structures,79.5,7,30,46,83,A
S17912,Rohan Bhaskaran,Male,CSE,6,Operating Systems,73.7,8,28,43,79,B+
S17913,Ramesh Sankar,Male,ECE,1,Microprocessors,77.8,7,15,20,42,F
S17914,Lakshmi Manoharan,Female,ECE,6,Signals & Systems,62.9,8,27,48,83,A
S17915,Arjun Agrawal,Male,CSE,7,Software Engineering,100.0,8,22,54,84,A
S17916,Manoj Tiwari,Male,CE,2,Geotechnical Engineering,92.9,6,20,27,53,P
S17917,Nandakumar Kaimal,Male,CE,4,Transportation Engineering,89.8,7,23,54,84,A
S17918,Vinod Bhardwaj,Male,ME,7,Fluid Mechanics,96.5,7,15,51,73,B
S17919,Sudheesh Krishnankutty,Male,CE,8,Structural Analysis,75.5,8,18,34,60,C
S17920,Manu Gopinathan,Male,CSE,6,Operating Systems,53.1,5,27,31,63,C
S17921,Haritha Rao,Female,ME,5,Machine Design,91.6,8,16,48,72,B
S17922,Shilpa Khurana,Female,CE,2,Structural Analysis,90.4,4,15,39,58,D
S17923,Neethu Kapoor,Female,CSE,3,Data Structures,71.8,5,27,48,80,A
S17924,Vidya Kunjunni,Female,CE,8,Transportation Engineering,85.1,6,21,47,74,B
S17925,Nimisha Namputhiri,Female,CSE,1,Software Engineering,64.3,8,24,43,75,B+
S17926,Vidya Goel,Female,ECE,3,Communication Systems,80.2,7,21,58,86,A+
S17927,Bibin Varghese,Male,ME,6,Strength of Materials,69.8,6,24,53,83,A
S17928,Balachandran Malhotra,Male,CSE,3,Software Engineering,91.0,9,24,43,76,B+
S17929,Aiswarya Mahesh,Female,CSE,1,Software Engineering,71.9,5,28,40,73,B
S17930,Gayathri Patel,Female,CE,3,Structural Analysis,77.7,6,19,35,60,C
S17931,Rajesh Unnithan,Male,ME,8,Fluid Mechanics,70.6,6,22,40,68,C+
S17932,Sanjay Iyer,Male,CE,3,Structural Analysis,88.9,10,19,47,76,B+
S17933,Suresh Yadav,Male,CE,6,Concrete Technology,82.5,8,19,43,70,B
S17934,Nikhil Agarwal,Male,CSE,2,Software Engineering,67.3,8,22,45,75,B+
S17935,Vishnu Prasad,Male,CE,8,Transportation Engineering,74.0,6,25,47,78,B+
S17936,Manoj Malhotra,Male,CE,5,Transportation Engineering,49.1,7,29,46,82,A
S17937,Athira Saxena,Female,CE,3,Concrete Technology,96.6,5,24,39,68,C+
S17938,Swathi Desai,Female,CSE,6,Operating Systems,75.3,7,17,42,66,C+
S17939,Deepak Raj,Male,ECE,5,VLSI Design,61.2,9,20,46,75,B+
S17940,Parvathy Tiwari,Female,ECE,2,VLSI Design,76.7,6,24,34,64,C
S17941,Anagha Sethi,Female,ECE,8,Signals & Systems,84.1,9,23,51,83,A
S17942,Vivek Rathore,Male,ECE,8,VLSI Design,66.2,9,30,47,86,A+
S17943,Parvathy Srivastava,Female,CE,7,Transportation Engineering,77.0,7,26,51,84,A
S17944,Shilpa Rajagopal,Female,CE,3,Structural Analysis,60.6,8,19,60,87,A+
S17945,Reshma Radhakrishnan,Female,CSE,5,Computer Networks,76.7,7,23,34,64,C
S17946,Deepak Agarwal,Male,ECE,1,Microprocessors,73.5,9,21,37,67,C+
S17947,Jyothsna Kunjunni,Female,ME,3,Strength of Materials,76.8,6,26,30,62,C
S17948,Madhu Saxena,Male,ECE,4,VLSI Design,78.9,6,16,39,61,C
S17949,Nikhil Vasu,Male,CSE,7,Software Engineering,70.7,10,28,38,76,B+
S17950,Vijay Rajan,Male,ME,8,Fluid Mechanics,93.6,8,20,52,80,A
S17951,Shilpa Madhavan,Female,ECE,6,Digital Electronics,100.0,5,19,52,76,B+
S17952,Rajesh Choudhary,Male,CSE,6,DBMS,67.9,5,24,29,58,D
S17953,Greeshma Karthikeyan,Female,ME,6,Machine Design,92.7,9,30,47,86,A+
S17954,Anoop Krishnankutty,Male,CSE,7,Data Structures,66.9,9,18,54,81,A
S17955,Nikhil Karthikeyan,Male,CE,1,Concrete Technology,82.5,10,29,45,84,A
S17956,Jithin Chandran,Male,ME,5,Machine Design,78.9,7,16,36,59,D
S17957,Vinod Sudhakaran,Male,ECE,3,VLSI Design,86.4,8,25,27,60,C
S17958,Rajesh Gopalan,Male,CSE,4,Computer Networks,64.6,10,26,44,80,A
S17959,Manoj Kumar,Male,ME,7,Thermodynamics,78.3,8,13,51,72,B
S17960,Sruthi Iyer,Female,CE,8,Transportation Engineering,87.8,7,22,32,61,C
S17961,Greeshma Das,Female,ME,5,Strength of Materials,94.6,7,18,50,75,B+
S17962,Rajesh Sharma,Male,CE,2,Concrete Technology,94.0,10,12,27,49,F
S17963,Nandana Ramakrishnan,Female,ECE,2,Digital Electronics,79.4,8,15,33,56,D
S17964,Sreejith Radhakrishnan,Male,CE,6,Concrete Technology,87.1,10,27,29,66,C+
S17965,Anjali Rajendran,Female,CE,5,Transportation Engineering,85.3,5,17,34,56,D
S17966,Dinesh Agrawal,Male,ECE,6,Communication Systems,83.5,7,24,45,76,B+
S17967,Neethu Raghavan,Female,CSE,8,Software Engineering,80.1,5,23,37,65,C+
S17968,Neethu Mohan,Female,ECE,7,Communication Systems,84.4,8,19,39,66,C+
S17969,Meera Anilkumar,Female,CE,7,Transportation Engineering,82.3,8,26,24,58,D
S17970,Anitha Mohan,Female,ME,1,Strength of Materials,80.4,7,25,46,78,B+
S17971,Haritha Sasidharan,Female,ECE,5,Microprocessors,78.4,8,22,56,86,A+
S17972,Ashraf Shukoor,Male,ME,6,Strength of Materials,78.0,7,21,32,60,C
S17973,Deepthi Govindan,Female,CSE,2,Data Structures,53.3,7,24,36,67,C+
S17974,Vijay Gopalan,Male,ME,3,Manufacturing Technology,78.5,5,23,44,72,B
S17975,Sujith Mahesh,Male,ME,8,Fluid Mechanics,76.4,4,30,60,94,S
S17976,Divya Neelakandan,Female,CE,8,Structural Analysis,64.4,7,22,39,68,C+
S17977,Renji Gomez,Male,CE,6,Geotechnical Engineering,85.9,7,29,60,96,S
S17978,Greeshma Choudhary,Female,ECE,5,Communication Systems,84.6,8,23,36,67,C+
S17979,Radhika Mahesh,Female,ME,1,Machine Design,83.4,6,8,37,51,P
S17980,Adithya Nambiar,Male,CSE,2,Operating Systems,87.2,5,22,40,67,C+
S17981,Sreejith Thampuran,Male,CE,3,Transportation Engineering,86.1,7,13,44,64,C
S17982,Amrutha Kumar,Female,CE,1,Surveying,78.9,9,21,60,90,S
S17983,Anjali Iyer,Female,CSE,1,Software Engineering,84.3,6,17,36,59,D
S17984,Jyothsna Marar,Female,ECE,4,VLSI Design,80.5,8,25,30,63,C
S17985,Jincy Chacko,Female,ECE,2,Communication Systems,60.9,6,23,46,75,B+
S17986,Renjith Malhotra,Male,CE,1,Structural Analysis,60.3,6,30,59,95,S
S17987,Adithya Marar,Male,ECE,1,VLSI Design,70.0,7,24,42,73,B
S17988,Manu Neelakandan,Male,CE,3,Structural Analysis,83.8,7,19,45,71,B
S17989,Rajesh Vallikkat,Male,ECE,3,VLSI Design,70.5,6,11,41,58,D
S17990,Anoop Ashokan,Male,ECE,3,Microprocessors,70.1,7,20,47,74,B
S17991,Neethu Bhaskaran,Female,ECE,4,Microprocessors,84.9,7,25,50,82,A
S17992,Sneha Sharma,Female,CE,4,Geotechnical Engineering,94.6,9,17,40,66,C+
S17993,Soumya Bhatt,Female,CSE,7,Big Data Processing,60.5,7,19,51,77,B+
S17994,Anand Bhardwaj,Male,CE,4,Concrete Technology,83.2,6,16,51,73,B
S17995,Sarath Gupta,Male,ME,2,Thermodynamics,60.7,7,24,43,74,B
S17996,Anitha Kohli,Female,CE,7,Concrete Technology,74.8,6,23,60,89,A+
S17997,Madhu Bhaskaran,Male,CSE,6,Computer Networks,66.9,10,23,35,68,C+
S17998,Bins Vallikappen,Male,ME,7,Strength of Materials,69.5,9,23,44,76,B+
S17999,Anitha Trivedi,Female,CSE,8,Data Structures,74.8,7,20,35,62,C
S18000,Imran Ismail,Male,ME,3,Thermodynamics,71.1,4,28,45,77,B+
S18001,Anand Chowdhury,Male,ME,2,Strength of Materials,73.0,7,24,58,89,A+
S18002,Parvathy Das,Female,ECE,7,Signals & Systems,65.2,5,17,45,67,C+
S18003,Manoj Verma,Male,CE,5,Transportation Engineering,89.8,6,22,50,78,B+
S18004,Deepak Sreedharan,Male,CSE,4,Big Data Processing,87.9,5,20,28,53,P
S18005,Priya Chandrasekharan,Female,CE,7,Structural Analysis,82.3,8,17,60,85,A+
S18006,Ajo Yohannan,Male,ME,1,Machine Design,66.7,6,27,55,88,A+
S18007,Rajesh Srivastava,Male,ECE,3,Digital Electronics,84.7,5,18,53,76,B+
S18008,Radhika Vallikkat,Female,ME,8,Thermodynamics,77.1,8,19,45,72,B
S18009,Lakshmi Vasudevan,Female,CSE,8,Big Data Processing,77.9,5,29,38,72,B
S18010,Irfan Nadeem,Male,ECE,3,VLSI Design,80.1,5,28,46,79,B+
S18011,Amrutha Balakrishnan,Female,ECE,5,Signals & Systems,67.5,10,13,31,54,P
S18012,Sneha Chandra,Female,ME,4,Fluid Mechanics,100.0,8,29,57,94,S
S18013,Rajesh Thampi,Male,CE,8,Surveying,100.0,9,21,46,76,B+
S18014,Sabira Ansari,Female,CSE,5,Big Data Processing,73.9,10,28,43,81,A
S18015,Adithya Radhakrishnan,Male,CE,8,Geotechnical Engineering,83.8,8,19,45,72,B
S18016,Nimisha Kurup,Female,CSE,3,Computer Networks,68.6,6,16,35,57,D
S18017,Rizwan Sha,Male,CE,1,Surveying,67.4,6,14,40,60,C
S18018,Merin Aikara,Female,CE,5,Surveying,82.1,7,30,50,87,A+
S18019,Remya Unni,Female,ME,8,Fluid Mechanics,63.1,6,20,44,70,B
S18020,Rafeeqa Shukoor,Female,CE,8,Transportation Engineering,87.3,7,29,36,72,B
S18021,Sudheesh Naidu,Male,CE,8,Structural Analysis,95.1,8,23,39,70,B
S18022,Sarath Kumar,Male,ECE,1,Digital Electronics,91.0,8,17,56,81,A
S18023,Nikhil Panicker,Male,ME,3,Manufacturing Technology,90.8,7,22,47,76,B+
S18024,Sanjay Kartha,Male,CE,1,Structural Analysis,64.9,4,30,37,71,B
S18025,Parvathy Poduval,Female,ME,6,Machine Design,98.1,6,17,50,73,B
S18026,Ashraf Yusuf,Male,ECE,8,Digital Electronics,86.9,9,24,36,69,C+
S18027,Rafi Sha,Male,CSE,8,Big Data Processing,100.0,7,25,60,92,S
S18028,Madhu Kumar,Male,ME,5,Thermodynamics,66.6,5,22,25,52,P
S18029,Vidya Sathyan,Female,ECE,4,Communication Systems,65.2,7,21,45,73,B
S18030,Athira Namboodiripad,Female,ME,1,Thermodynamics,75.7,8,11,34,53,P
S18031,Aswathy Pillai,Female,ME,7,Machine Design,92.7,8,23,57,88,A+
S18032,Athulya Kohli,Female,ECE,4,Digital Electronics,77.1,6,14,40,60,C
S18033,Ramesh Srivastava,Male,CSE,4,Data Structures,92.7,7,22,50,79,B+
S18034,Meera Kurup,Female,CE,2,Structural Analysis,82.2,7,14,41,62,C
S18035,Vishnu Balakrishnan,Male,ECE,4,Communication Systems,88.6,7,14,49,70,B
S18036,Devika Mishra,Female,ECE,6,Digital Electronics,86.6,9,23,47,79,B+
S18037,Nazia Sait,Female,CSE,6,Big Data Processing,88.0,8,24,44,76,B+
S18038,Gokul Chandra,Male,ME,3,Strength of Materials,52.9,7,25,51,83,A
S18039,Reshma Anandan,Female,ME,4,Machine Design,69.2,6,20,33,59,D
S18040,Nimisha Chowdhury,Female,CSE,4,Software Engineering,93.7,8,30,23,61,C
S18041,Sarath Rathore,Male,ECE,5,Communication Systems,80.7,6,19,49,74,B
S18042,Aiswarya Madhavan,Female,ME,2,Thermodynamics,77.1,10,18,35,63,C
S18043,Priya Rajan,Female,CE,5,Transportation Engineering,55.8,5,28,41,74,B
S18044,Anu Bhalla,Female,CSE,1,DBMS,69.7,7,30,39,76,B+
S18045,Vineetha Raman,Female,ECE,8,Communication Systems,65.6,6,16,59,81,A
S18046,Anoop Sinha,Male,CSE,6,DBMS,82.4,8,17,46,71,B
S18047,Divya Choudhary,Female,ECE,4,Communication Systems,75.2,9,17,60,86,A+
S18048,Sreelakshmi Nair,Female,ECE,5,Microprocessors,90.4,7,12,36,55,D
S18049,Aswathy Rajendran,Female,ECE,6,Digital Electronics,85.1,6,25,22,53,P
S18050,Sarath Raghavan,Male,CE,6,Transportation Engineering,88.1,9,30,54,93,S
S18051,Biju Balan,Male,ME,6,Fluid Mechanics,55.0,8,26,43,77,B+
S18052,Amrutha Karthikeyan,Female,CE,7,Geotechnical Engineering,74.6,4,27,41,72,B
S18053,Sujith Bhattathiri,Male,CE,4,Surveying,63.4,6,22,14,42,F
S18054,Haritha Sudhakaran,Female,CSE,6,Software Engineering,91.6,8,27,31,66,C+
S18055,Vivek Agarwal,Male,CSE,8,Software Engineering,50.6,5,19,29,53,P
S18056,Meera Saxena,Female,ME,5,Strength of Materials,69.4,9,17,36,62,C
S18057,Arjun Gopinathan,Male,ME,6,Fluid Mechanics,73.3,7,18,39,64,C
S18058,Biju Ramesh,Male,ECE,6,VLSI Design,76.7,5,24,49,78,B+
S18059,Arjun Gopalan,Male,CSE,4,Operating Systems,83.0,7,14,60,81,A
S18060,Gayathri Shukla,Female,ME,2,Manufacturing Technology,83.1,5,22,53,80,A
S18061,Sarath Bhattathiri,Male,CE,5,Surveying,88.8,10,23,35,68,C+
S18062,Sreejith Bansal,Male,CE,7,Concrete Technology,68.6,7,20,22,49,F
S18063,Nithya Padmanabhan,Female,CE,2,Surveying,70.2,5,17,27,49,F
S18064,Vishnu Panicker,Male,ME,4,Thermodynamics,60.2,7,14,41,62,C
S18065,Vinod Tiwari,Male,ME,3,Thermodynamics,66.4,6,21,60,87,A+
S18066,Rohan Desai,Male,ME,6,Machine Design,67.3,7,16,46,69,C+
S18067,Gokul Kapoor,Male,ECE,1,VLSI Design,92.6,3,22,32,57,D
S18068,Shilpa Dinesh,Female,ECE,8,Digital Electronics,77.6,7,18,36,61,C
S18069,Athira Kaimal,Female,ME,4,Machine Design,90.3,8,28,39,75,B+
S18070,Sneha Raj,Female,CE,6,Structural Analysis,89.0,5,21,35,61,C
S18071,Aparna Poduval,Female,ME,6,Manufacturing Technology,64.4,8,18,34,60,C
S18072,Manu Suresh,Male,CE,2,Concrete Technology,80.9,8,30,37,75,B+
S18073,Pradeep Bhatt,Male,CE,6,Surveying,76.6,8,30,41,79,B+
S18074,Bindu Khurana,Female,CSE,4,Data Structures,100.0,5,24,20,49,F
S18075,Reshma Solanki,Female,CE,6,Concrete Technology,79.8,7,26,45,78,B+
S18076,Sanjay Naidu,Male,CE,1,Surveying,82.9,10,20,23,53,P
S18077,Sowmya Raghavan,Female,ME,6,Fluid Mechanics,61.8,5,15,48,68,C+
S18078,Vinod Chauhan,Male,CSE,6,Software Engineering,71.3,5,17,52,74,B
S18079,Bibinlal Oommen,Male,ME,6,Manufacturing Technology,77.8,7,24,38,69,C+
S18080,Sneha Krishnan,Female,ECE,7,Microprocessors,85.6,8,25,50,83,A
S18081,Suhana Hakkim,Female,CSE,7,Big Data Processing,67.2,7,22,60,89,A+
S18082,Divya Malhotra,Female,ECE,3,Microprocessors,74.5,7,25,60,92,S
S18083,Aravind Raghavan,Male,ME,3,Manufacturing Technology,97.1,5,30,41,76,B+
S18084,Naveen Gupta,Male,ME,4,Thermodynamics,62.6,10,26,58,94,S
S18085,Nandakumar Rajendran,Male,CE,2,Structural Analysis,77.4,10,18,41,69,C+
S18086,Divya Kurup,Female,ME,8,Manufacturing Technology,76.1,7,15,51,73,B
S18087,Sanjay Dinesh,Male,ME,3,Manufacturing Technology,83.1,3,22,37,62,C
S18088,Amrutha Solanki,Female,CE,8,Structural Analysis,63.4,8,24,48,80,A
S18089,Anoop Dinesh,Male,ECE,5,VLSI Design,72.4,7,27,45,79,B+
S18090,Nandana Raghavan,Female,CE,6,Surveying,68.1,8,18,49,75,B+
S18091,Arjun Kohli,Male,CE,8,Concrete Technology,71.1,7,19,40,66,C+
S18092,Manoj Bakshi,Male,CSE,3,Software Engineering,54.8,7,17,54,78,B+
S18093,Balachandran Ramesh,Male,ME,2,Thermodynamics,79.8,7,23,45,75,B+
S18094,Adithya Raman,Male,CSE,1,Data Structures,85.6,6,17,50,73,B
S18095,Sreelakshmi Balan,Female,ECE,5,Communication Systems,68.8,4,17,25,46,F
S18096,Jyothsna Rathore,Female,ME,5,Machine Design,84.4,9,24,44,77,B+
S18097,Sowmya Kunjunni,Female,ECE,7,Microprocessors,69.1,10,21,51,82,A
S18098,Anoop Sreedharan,Male,CE,2,Geotechnical Engineering,74.2,8,22,60,90,S
S18099,Rahul Gopinathan,Male,CE,1,Geotechnical Engineering,86.4,7,22,47,76,B+
S18100,Adithya Vinod,Male,ME,8,Machine Design,82.1,6,25,60,91,S
S18101,Anoop Kaimal,Male,ME,4,Fluid Mechanics,74.1,9,10,51,70,B
S18102,Manoj Yadav,Male,CE,1,Concrete Technology,64.3,9,26,32,67,C+
S18103,Dinesh Kurup,Male,CE,8,Surveying,86.3,6,28,39,73,B
S18104,Dinesh Kartha,Male,CSE,4,Big Data Processing,76.1,6,24,56,86,A+
S18105,Anoop Varma,Male,ECE,4,Signals & Systems,84.5,6,21,40,67,C+
S18106,Neethu Bansal,Female,CE,4,Geotechnical Engineering,70.6,3,24,50,77,B+
S18107,Sneha Thampi,Female,CE,7,Concrete Technology,71.5,5,13,60,78,B+
S18108,Anitha Gopinathan,Female,CSE,4,Data Structures,80.4,6,12,14,32,F
S18109,Anjali Kartha,Female,ECE,6,Digital Electronics,76.4,7,30,52,89,A+
S18110,Vishnu Bhaskaran,Male,ME,4,Fluid Mechanics,70.3,7,13,44,64,C
S18111,Shamna Faisal,Female,CSE,8,Big Data Processing,71.3,7,22,31,60,C
S18112,Madhu Sivan,Male,ECE,7,Signals & Systems,87.4,8,28,60,96,S
S18113,Vignesh Malhotra,Male,ECE,6,Signals & Systems,81.5,5,25,35,65,C+
S18114,Karthik Madhavan,Male,CSE,2,Computer Networks,92.1,7,27,38,72,B
S18115,Jasmin Moulavi,Female,CSE,1,Computer Networks,77.5,8,26,44,78,B+
S18116,Remya Marar,Female,ME,5,Strength of Materials,77.7,9,25,46,80,A
S18117,Priya Sreekumar,Female,CSE,6,Software Engineering,76.8,7,10,40,57,D
S18118,Prasanth Naidu,Male,ME,2,Thermodynamics,71.4,7,24,42,73,B
S18119,Divya Kaimal,Female,CSE,3,Operating Systems,83.2,6,16,55,77,B+
S18120,Sreejith Vallikkat,Male,CE,3,Transportation Engineering,66.7,8,24,44,76,B+
S18121,Sneha Trivedi,Female,CSE,6,Computer Networks,87.6,6,27,60,93,S
S18122,Dinesh Ramakrishnan,Male,ME,2,Fluid Mechanics,100.0,7,27,56,90,S
S18123,Swathi Nambiar,Female,ME,3,Fluid Mechanics,67.6,8,26,52,86,A+
S18124,Soumya Radhakrishnan,Female,CE,8,Surveying,85.7,7,17,30,54,P
S18125,Bins Kurian,Male,CSE,3,Software Engineering,61.7,7,20,52,79,B+
S18126,Suresh Rajan,Male,ME,2,Manufacturing Technology,66.5,7,27,52,86,A+
S18127,Shilpa Shukla,Female,CE,6,Transportation Engineering,46.4,9,21,57,87,A+
S18128,Neenu Fonseca,Female,ME,6,Strength of Materials,88.0,8,13,42,63,C
S18129,Resmi Joshi,Female,CE,4,Structural Analysis,93.4,6,29,44,79,B+
S18130,Madhu Shukla,Male,CSE,3,Operating Systems,88.4,7,30,33,70,B
S18131,Sindhu Sudhakaran,Female,ECE,3,Digital Electronics,77.4,7,23,47,77,B+
S18132,Nazar Mirza,Male,CE,6,Surveying,86.2,5,27,18,50,P
S18133,Ramesh Mahesh,Male,ME,4,Fluid Mechanics,87.1,8,24,57,89,A+
S18134,Resmi Vasu,Female,ME,7,Manufacturing Technology,92.5,8,17,54,79,B+
S18135,Vignesh Bhattathiri,Male,CE,5,Geotechnical Engineering,55.4,6,26,34,66,C+
S18136,Vignesh Vasu,Male,CE,5,Surveying,68.1,8,20,55,83,A
S18137,Anand Krishnan,Male,CE,6,Transportation Engineering,74.6,7,21,40,68,C+
S18138,Aravind Krishnan,Male,ME,2,Manufacturing Technology,100.0,7,13,47,67,C+
S18139,Shefeek Khan,Male,ME,4,Strength of Materials,68.0,9,9,40,58,D
S18140,Nikhil Raghavan,Male,CE,4,Geotechnical Engineering,86.3,7,28,49,84,A
S18141,Naveen Mohan,Male,CE,7,Concrete Technology,86.3,9,20,41,70,B
S18142,Jerry Dsouza,Male,ME,6,Manufacturing Technology,70.0,7,24,43,74,B
S18143,Vineetha Anilkumar,Female,ECE,3,VLSI Design,64.7,9,25,60,94,S
S18144,Ajay Iyer,Male,ECE,3,Signals & Systems,80.7,9,29,44,82,A
S18145,Remya Jayan,Female,ME,8,Thermodynamics,74.7,7,21,30,58,D
S18146,Anand Choudhary,Male,ME,6,Strength of Materials,40.9,9,21,55,85,A+
S18147,Jithin Vinod,Male,ECE,5,Digital Electronics,66.7,4,20,48,72,B
S18148,Sujith Menon,Male,ME,5,Machine Design,75.0,6,19,27,52,P
S18149,Nandana Arora,Female,ME,7,Fluid Mechanics,68.9,9,23,46,78,B+
S18150,Vivek Krishnan,Male,CSE,7,DBMS,77.2,6,21,36,63,C
S18151,Jithin Namboothiri,Male,ECE,7,Communication Systems,75.0,8,18,42,68,C+
S18152,Radhika Sreekumar,Female,CSE,6,Big Data Processing,60.5,5,17,55,77,B+
S18153,Sujith Unnithan,Male,CE,2,Transportation Engineering,69.3,6,29,36,71,B
S18154,Anagha Gupta,Female,ECE,4,Signals & Systems,71.5,7,26,45,78,B+
S18155,Vidya Kurup,Female,ECE,3,Signals & Systems,51.3,6,19,33,58,D
S18156,Renjith Iyer,Male,ECE,3,Microprocessors,74.7,6,30,26,62,C
S18157,Dinesh Dubey,Male,CSE,4,Software Engineering,83.1,9,23,60,92,S
S18158,Sujith Varma,Male,ME,1,Strength of Materials,67.1,6,30,51,87,A+
S18159,Haritha Reddy,Female,ECE,5,VLSI Design,100.0,6,28,43,77,B+
S18160,Vinod Krishnan,Male,CE,8,Surveying,74.8,6,17,44,67,C+
S18161,Aravind Kunjunni,Male,CE,8,Structural Analysis,93.9,8,26,31,65,C+
S18162,Neethu Pradeep,Female,CSE,6,Operating Systems,84.1,7,15,48,70,B
S18163,Meera Bhalla,Female,CE,5,Structural Analysis,100.0,8,24,34,66,C+
S18164,Biju Vallikkat,Male,CE,3,Geotechnical Engineering,80.6,7,11,34,52,P
S18165,Suresh Trivedi,Male,ECE,4,Signals & Systems,84.9,7,30,60,97,S
S18166,Ramesh Pillai,Male,ECE,1,Microprocessors,93.7,7,28,46,81,A
S18167,Sreejith Naidu,Male,ME,4,Strength of Materials,71.6,7,20,41,68,C+
S18168,Gokul Gupta,Male,ECE,1,Communication Systems,88.2,7,22,50,79,B+
S18169,Sreekumar Dinesh,Male,ECE,4,Digital Electronics,73.6,8,28,37,73,B
S18170,Rasheeda Sha,Female,CSE,4,Operating Systems,86.6,10,17,54,81,A
S18171,Suresh Mishra,Male,ECE,8,Signals & Systems,85.6,6,12,37,55,D
S18172,Ajo Lobo,Male,ME,2,Fluid Mechanics,82.2,8,17,49,74,B
S18173,Deepak Iyer,Male,ME,3,Machine Design,77.5,7,16,43,66,C+
S18174,Meera Balakrishnan,Female,ECE,3,Signals & Systems,100.0,9,29,27,65,C+
S18175,Aleena Cherian,Female,CE,8,Transportation Engineering,82.2,5,15,30,50,P
S18176,Athulya Jayan,Female,ECE,1,Communication Systems,84.4,6,19,33,58,D
S18177,Pradeep Kohli,Male,ECE,8,VLSI Design,91.6,7,19,54,80,A
S18178,Greeshma Sinha,Female,CSE,1,Operating Systems,77.4,7,28,30,65,C+
S18179,Anu Rathore,Female,ME,4,Machine Design,77.0,5,30,52,87,A+
S18180,Deepak Prakash,Male,CE,1,Concrete Technology,63.0,4,15,31,50,P
S18181,Sujith Ramakrishnan,Male,ME,4,Thermodynamics,71.9,7,15,26,48,F
S18182,Jyothsna Thampi,Female,CSE,5,DBMS,77.6,10,17,34,61,C
S18183,Fazil Moulavi,Male,CE,1,Concrete Technology,78.8,7,30,30,67,C+
S18184,Greeshma Kumar,Female,CE,1,Transportation Engineering,82.6,7,11,47,65,C+
S18185,Shefeek Fareed,Male,CE,4,Geotechnical Engineering,58.5,5,14,54,73,B
S18186,Priya Bhaskaran,Female,ME,3,Thermodynamics,87.3,8,30,60,98,S
S18187,Farha Aslam,Female,CE,4,Geotechnical Engineering,93.6,9,18,27,54,P
S18188,Vijay Balan,Male,ECE,4,Digital Electronics,60.6,7,22,53,82,A
S18189,Neethu Goel,Female,CSE,1,Data Structures,77.7,10,30,60,100,S
S18190,Rukhsar Hussain,Female,ECE,2,VLSI Design,73.1,8,19,32,59,D
S18191,Meera Mahesh,Female,ECE,6,Microprocessors,89.8,5,21,42,68,C+
S18192,Shefeek Karim,Male,CSE,7,DBMS,88.4,8,25,41,74,B
S18193,Renjith Pillai,Male,CSE,8,Data Structures,85.2,7,23,28,58,D
S18194,Sneha Dubey,Female,ECE,7,Signals & Systems,77.6,8,16,38,62,C
S18195,Jerin Cheeran,Male,ME,4,Strength of Materials,75.1,8,30,39,77,B+
S18196,Biju Raj,Male,CE,4,Surveying,83.2,8,22,40,70,B
S18197,Prasanth Nair,Male,ECE,1,Signals & Systems,78.0,7,28,45,80,A
S18198,Sowmya Namputhiri,Female,CE,6,Structural Analysis,88.0,7,6,31,44,F
S18199,Lakshmi Sreekumar,Female,ECE,6,Microprocessors,64.8,8,27,57,92,S
S18200,Anu Mahesh,Female,ECE,8,Microprocessors,71.0,6,30,57,93,S
S18201,Sarath Shukla,Male,CE,2,Geotechnical Engineering,83.5,7,19,60,86,A+
S18202,Reshma Sasidharan,Female,ME,7,Machine Design,85.8,9,30,59,98,S
S18203,Madhu Mahesh,Male,ME,6,Manufacturing Technology,77.6,5,26,53,84,A
S18204,Athulya Madhavan,Female,CSE,8,Computer Networks,66.9,5,18,38,61,C
S18205,Naseer Nazeer,Male,ME,7,Machine Design,68.1,5,22,60,87,A+
S18206,Balachandran Tiwari,Male,CE,3,Surveying,61.2,7,21,33,61,C
S18207,Shamna Riyas,Female,ECE,6,Signals & Systems,81.8,7,14,50,71,B
S18208,Akhil Shukla,Male,ME,3,Strength of Materials,76.0,7,18,56,81,A
S18209,Divya Bhaskaran,Female,CSE,2,Operating Systems,76.4,5,23,49,77,B+
S18210,Amrutha Verma,Female,CE,8,Structural Analysis,71.1,7,27,38,72,B
S18211,Vishnu Padmanabhan,Male,CE,2,Geotechnical Engineering,90.0,10,11,48,69,C+
S18212,Biju Bhatt,Male,ME,5,Thermodynamics,84.6,8,18,51,77,B+
S18213,Swathi Sharma,Female,ECE,1,Communication Systems,63.8,5,21,37,63,C
S18214,Sruthi Pandey,Female,ME,1,Fluid Mechanics,78.8,6,24,39,69,C+
S18215,Sreelakshmi Sethi,Female,ECE,3,VLSI Design,87.1,8,24,55,87,A+
S18216,Naila Shabeer,Female,ECE,1,Signals & Systems,83.4,7,18,39,64,C
S18217,Renjith Gopinathan,Male,CSE,8,Operating Systems,100.0,7,25,35,67,C+
S18218,Rohan Sankar,Male,ECE,4,Signals & Systems,69.0,7,28,31,66,C+
S18219,Resmi Gopinathan,Female,ME,3,Machine Design,81.3,8,19,32,59,D
S18220,Vidya Sreedharan,Female,ECE,3,Microprocessors,72.9,4,20,50,74,B
S18221,Nimisha Menon,Female,CSE,5,Operating Systems,71.2,8,25,60,93,S
S18222,Nandana Choudhary,Female,CE,8,Geotechnical Engineering,66.3,7,24,48,79,B+
S18223,Manu Kohli,Male,CSE,6,Data Structures,65.1,10,19,37,66,C+
S18224,Aravind Patel,Male,ECE,6,Digital Electronics,85.7,6,20,34,60,C
S18225,Soumya Tiwari,Female,ME,7,Strength of Materials,79.4,9,17,30,56,D
S18226,Jerry Kutty,Male,ME,1,Fluid Mechanics,85.6,10,25,22,57,D
S18227,Vijay Narayanan,Male,CSE,2,Operating Systems,58.6,7,28,36,71,B
S18228,Ajay Saxena,Male,CE,4,Geotechnical Engineering,50.2,7,25,51,83,A
S18229,Pradeep Chopra,Male,ME,2,Thermodynamics,64.6,7,21,37,65,C+
S18230,Vineetha Radhakrishnan,Female,CE,2,Surveying,75.3,7,22,41,70,B
S18231,Vishnu Namputhiri,Male,ECE,3,Microprocessors,78.9,10,23,18,51,P
S18232,Bindu Kartha,Female,CE,5,Concrete Technology,83.3,9,19,54,82,A
S18233,Suresh Bansal,Male,ME,2,Fluid Mechanics,100.0,7,18,33,58,D
S18234,Rizwan Haneef,Male,ME,8,Thermodynamics,71.1,6,27,32,65,C+
S18235,Bibinlal Mathew,Male,ECE,6,Digital Electronics,65.9,8,22,45,75,B+
S18236,Haritha Unnithan,Female,CSE,4,Computer Networks,70.7,7,27,34,68,C+
S18237,Sruthi Anilkumar,Female,ME,1,Manufacturing Technology,75.0,6,30,35,71,B
S18238,Deepthi Warrier,Female,ME,6,Strength of Materials,62.7,7,23,55,85,A+
S18239,Aravind Nair,Male,ECE,6,Digital Electronics,92.3,7,19,60,86,A+
S18240,Athira Mahesh,Female,CSE,7,Computer Networks,70.1,6,30,38,74,B
S18241,Nithya Sathyan,Female,CE,2,Structural Analysis,87.1,6,25,57,88,A+
S18242,Parvathy Unni,Female,CSE,5,Operating Systems,58.0,6,14,46,66,C+
S18243,Ajay Joshi,Male,CSE,2,Data Structures,100.0,10,27,36,73,B
S18244,Suresh Madhavan,Male,CSE,3,Operating Systems,99.1,6,30,28,64,C
S18245,Sowmya Vallikkat,Female,ECE,6,Communication Systems,74.4,6,19,13,38,F
S18246,Nithya Shukla,Female,CSE,6,Computer Networks,83.7,9,12,42,63,C
S18247,Lakshmi Choudhary,Female,CSE,7,Operating Systems,63.0,9,25,40,74,B
S18248,Nithya Rathore,Female,CE,4,Geotechnical Engineering,89.0,8,27,46,81,A
S18249,Arjun Chowdhury,Male,CSE,1,Big Data Processing,83.2,5,27,41,73,B
S18250,Adithya Kartha,Male,CSE,5,DBMS,57.2,8,29,39,76,B+
S18251,Haritha Joshi,Female,ME,3,Machine Design,90.4,8,19,37,64,C
S18252,Arjun Sivan,Male,ECE,3,Digital Electronics,58.0,6,24,40,70,B
S18253,Nimisha Dinesh,Female,CE,6,Structural Analysis,100.0,9,15,59,83,A
S18254,Madhu Unni,Male,CE,7,Geotechnical Engineering,62.8,5,28,24,57,D
S18255,Adithya Rajagopal,Male,CSE,8,DBMS,87.2,7,26,50,83,A
S18256,Anand Das,Male,ME,3,Thermodynamics,96.4,6,13,32,51,P
S18257,Rohan Naidu,Male,ECE,4,Microprocessors,71.1,8,27,53,88,A+
S18258,Deepak Dinesh,Male,CSE,3,Computer Networks,56.8,7,25,52,84,A
S18259,Rohan Namboodiripad,Male,CSE,7,Computer Networks,71.5,7,19,14,40,F
S18260,Biju Prasad,Male,CE,2,Concrete Technology,95.2,6,21,56,83,A
S18261,Anitha Unnithan,Female,ME,6,Machine Design,85.3,8,25,34,67,C+
S18262,Shilpa Anandan,Female,ECE,2,Communication Systems,69.9,8,16,49,73,B
S18263,Nimisha Chandra,Female,ME,8,Fluid Mechanics,65.2,10,22,42,74,B
S18264,Gayathri Suresh,Female,CE,4,Geotechnical Engineering,69.8,10,20,33,63,C
S18265,Aparna Ramesh,Female,CSE,1,DBMS,67.7,5,19,48,72,B
S18266,Jithin Reddy,Male,ECE,1,VLSI Design,70.8,8,29,34,71,B
S18267,Balachandran Suresh,Male,ECE,3,Signals & Systems,86.2,7,18,58,83,A
S18268,Shilpa Mishra,Female,ME,5,Fluid Mechanics,69.6,6,30,44,80,A
S18269,Anagha Namputhiri,Female,CE,7,Geotechnical Engineering,82.4,8,19,57,84,A
S18270,Haritha Dubey,Female,CE,6,Geotechnical Engineering,76.4,9,30,52,91,S
S18271,Anoop Anilkumar,Male,CSE,8,Computer Networks,83.9,10,24,47,81,A
S18272,Deepthi Reddy,Female,ECE,3,Communication Systems,96.7,6,30,36,72,B
S18273,Sanjay Vasu,Male,ECE,8,VLSI Design,91.7,7,15,32,54,P
S18274,Balachandran Chandra,Male,CE,8,Structural Analysis,68.0,7,30,41,78,B+
S18275,Sujith Shukla,Male,ECE,1,Digital Electronics,79.9,4,22,53,79,B+
S18276,Rizwan Kabir,Male,CE,7,Concrete Technology,83.0,8,25,41,74,B
S18277,Sarath Namputhiri,Male,CSE,5,DBMS,93.9,6,17,40,63,C
S18278,Shilpa Sreekumar,Female,CSE,1,Computer Networks,62.8,9,19,33,61,C
S18279,Prasanth Bhalla,Male,CE,2,Transportation Engineering,71.8,9,27,34,70,B
S18280,Dinesh Sivan,Male,CE,3,Transportation Engineering,70.2,8,24,52,84,A
S18281,Prasanth Rao,Male,CE,8,Geotechnical Engineering,83.1,6,26,40,72,B
S18282,Soumya Joshi,Female,CE,8,Structural Analysis,50.7,6,26,44,76,B+
S18283,Amrutha Choudhary,Female,ECE,3,Communication Systems,80.3,8,21,49,78,B+
S18284,Adithya Mishra,Male,ME,3,Manufacturing Technology,77.0,9,25,44,78,B+
S18285,Athulya Arora,Female,CE,8,Geotechnical Engineering,83.9,6,15,20,41,F
S18286,Sindhu Chopra,Female,ECE,3,Microprocessors,82.4,6,18,39,63,C
S18287,Gayathri Namputhiri,Female,ECE,6,Signals & Systems,91.9,6,23,58,87,A+
S18288,Akhil Nambiar,Male,CE,6,Surveying,87.2,7,10,49,66,C+
S18289,Sruthi Ramesh,Female,ME,2,Manufacturing Technology,68.7,10,23,45,78,B+
S18290,Sneha Reddy,Female,CSE,5,Data Structures,86.7,8,16,33,57,D
S18291,Jyothsna Yadav,Female,ME,1,Thermodynamics,81.6,9,29,38,76,B+
S18292,Karthik Srivastava,Male,CSE,3,Operating Systems,83.4,8,21,25,54,P
S18293,Adithya Trivedi,Male,ECE,5,Communication Systems,77.9,8,27,47,82,A
S18294,Arjun Sathyan,Male,CSE,8,Operating Systems,81.4,7,23,25,55,D
S18295,Karthik Warrier,Male,CE,5,Transportation Engineering,80.5,6,24,40,70,B
S18296,Sindhu Poduval,Female,ECE,6,Microprocessors,69.3,9,28,39,76,B+
S18297,Priya Sreedharan,Female,ECE,6,Signals & Systems,83.8,10,13,37,60,C
S18298,Deepak Govindan,Male,CSE,8,Big Data Processing,58.8,5,16,21,42,F
S18299,Rajesh Bhardwaj,Male,ME,7,Machine Design,67.3,8,19,50,77,B+
S18300,Athira Sharma,Female,ME,5,Strength of Materials,96.5,10,30,32,72,B
S18301,Biju Namboothiri,Male,CE,2,Surveying,94.4,8,27,51,86,A+
S18302,Deepthi Bakshi,Female,ME,7,Thermodynamics,85.9,8,27,36,71,B
S18303,Suresh Gopinathan,Male,ECE,6,Communication Systems,91.2,6,21,46,73,B
S18304,Sreekumar Ramesh,Male,ME,1,Machine Design,87.7,8,29,60,97,S
S18305,Vidya Pillai,Female,CSE,2,Software Engineering,75.8,9,20,46,75,B+
S18306,Resmi Unnithan,Female,ME,2,Manufacturing Technology,88.8,5,30,49,84,A
S18307,Nizam Haji,Male,CE,7,Structural Analysis,100.0,3,24,33,60,C
S18308,Manu Manoharan,Male,ME,2,Machine Design,84.7,8,20,36,64,C
S18309,Anjali Mahesh,Female,CE,7,Concrete Technology,90.5,8,13,43,64,C
S18310,Remya Rao,Female,CSE,3,Computer Networks,45.7,6,22,32,60,C
S18311,Irfan Farooqui,Male,ECE,1,Digital Electronics,84.1,10,12,54,76,B+
S18312,Remya Bhattathiri,Female,ECE,3,Signals & Systems,82.6,8,19,47,74,B
S18313,Sreejith Dinesh,Male,ECE,2,Digital Electronics,84.5,9,22,35,66,C+
S18314,Nisha Fernandez,Female,CE,5,Concrete Technology,77.5,8,26,51,85,A+
S18315,Ramesh Sreekumar,Male,CSE,1,DBMS,75.1,6,16,58,80,A
S18316,Sneha Chandran,Female,ME,1,Thermodynamics,80.0,8,18,35,61,C
S18317,Reshma Reddy,Female,CE,4,Structural Analysis,74.8,7,24,55,86,A+
S18318,Nimisha Padmanabhan,Female,CSE,2,Software Engineering,68.8,8,24,33,65,C+
S18319,Nandana Chandrasekharan,Female,ME,5,Fluid Mechanics,63.7,10,24,41,75,B+
S18320,Nithya Patel,Female,CSE,4,Software Engineering,75.8,7,28,46,81,A
S18321,Nandana Agrawal,Female,ME,7,Manufacturing Technology,81.6,6,20,31,57,D
S18322,Rohan Malhotra,Male,ME,4,Manufacturing Technology,61.0,8,25,32,65,C+
S18323,Vignesh Poduval,Male,ECE,4,VLSI Design,82.8,8,11,28,47,F
S18324,Anu Ramakrishnan,Female,CSE,2,Big Data Processing,69.9,7,28,51,86,A+
S18325,Biju Sreedharan,Male,ECE,7,Microprocessors,57.4,5,30,43,78,B+
S18326,Sreelakshmi Anandan,Female,CSE,2,Big Data Processing,82.0,6,27,50,83,A
S18327,Aparna Reddy,Female,ME,1,Strength of Materials,100.0,5,21,39,65,C+
S18328,Faisal Shah,Male,CSE,3,Data Structures,63.3,8,23,53,84,A
S18329,Anagha Kurup,Female,ECE,8,VLSI Design,51.3,7,15,41,63,C
S18330,Swathi Madhavan,Female,CE,5,Transportation Engineering,71.6,7,26,49,82,A
S18331,Anjali Prasad,Female,CSE,4,Computer Networks,91.7,8,28,59,95,S
S18332,Fazil Sayyed,Male,CE,1,Structural Analysis,70.9,10,26,38,74,B
S18333,Anjali Bansal,Female,ME,8,Strength of Materials,81.1,2,19,36,57,D
S18334,Karthik Varma,Male,ECE,5,Communication Systems,69.4,9,25,17,51,P
S18335,Nazar Sait,Male,ECE,4,VLSI Design,76.0,6,26,60,92,S
S18336,Haritha Patel,Female,ECE,4,Signals & Systems,80.8,7,16,39,62,C
S18337,Deepthi Shukla,Female,CE,8,Surveying,89.1,7,20,33,60,C
S18338,Anu Govindan,Female,ME,8,Thermodynamics,67.5,7,20,29,56,D
S18339,Biju Mahesh,Male,ME,1,Manufacturing Technology,78.1,8,21,40,69,C+
S18340,Sarath Chandrasekharan,Male,CSE,5,Big Data Processing,51.8,8,19,50,77,B+
S18341,Suresh Raghavan,Male,CSE,6,Operating Systems,98.5,7,18,55,80,A
S18342,Ramesh Marar,Male,CSE,6,DBMS,97.4,7,30,31,68,C+
S18343,Unnikrishnan Sinha,Male,CSE,7,DBMS,70.5,7,16,36,59,D
S18344,Haritha Radhakrishnan,Female,CSE,3,Software Engineering,67.0,7,19,45,71,B
S18345,Vidya Balakrishnan,Female,CSE,4,Operating Systems,75.3,5,20,47,72,B
S18346,Ajay Verma,Male,ME,4,Machine Design,76.8,6,14,43,63,C
S18347,Shilpa Saxena,Female,CE,4,Structural Analysis,88.2,8,30,40,78,B+
S18348,Reshma Chopra,Female,CE,2,Structural Analysis,70.1,9,16,50,75,B+
S18349,Shilpa Sankar,Female,CSE,4,Big Data Processing,89.3,8,22,59,89,A+
S18350,Sneha Prakash,Female,ME,4,Thermodynamics,76.9,8,30,44,82,A
S18351,Haritha Gupta,Female,CE,7,Transportation Engineering,66.4,8,28,14,50,P
S18352,Nandana Krishnankutty,Female,CSE,3,Data Structures,80.8,4,30,52,86,A+
S18353,Sarath Rajan,Male,ECE,5,Digital Electronics,72.0,6,10,39,55,D
S18354,Arjun Nambiar,Male,CE,7,Concrete Technology,67.6,4,24,38,66,C+
S18355,Renjith Madhavan,Male,CSE,4,Operating Systems,83.2,8,25,47,80,A
S18356,Priya Varma,Female,ECE,8,Signals & Systems,90.6,7,20,36,63,C
S18357,Adithya Sasidharan,Male,ME,6,Fluid Mechanics,79.3,7,23,60,90,S
S18358,Deepthi Karthikeyan,Female,ECE,2,Microprocessors,71.8,9,26,32,67,C+
S18359,Lakshmi Kohli,Female,ECE,4,Digital Electronics,59.6,6,28,45,79,B+
S18360,Aparna Dubey,Female,CE,4,Geotechnical Engineering,95.7,5,9,32,46,F
S18361,Anitha Kaimal,Female,ECE,5,Microprocessors,61.9,9,22,37,68,C+
S18362,Jyothsna Ramesh,Female,CSE,3,Operating Systems,73.8,2,24,34,60,C
S18363,Bindu Suresh,Female,ECE,8,Microprocessors,68.7,9,20,43,72,B
S18364,Fathima Moulavi,Female,CE,3,Transportation Engineering,66.5,7,24,43,74,B
S18365,Elizabeth Kollamparambil,Female,CE,7,Structural Analysis,68.1,6,15,51,72,B
S18366,Vinod Arora,Male,ME,1,Strength of Materials,79.9,8,29,40,77,B+
S18367,Sarath Padmanabhan,Male,ME,3,Strength of Materials,54.4,8,19,50,77,B+
S18368,Shamna Rawther,Female,ECE,8,VLSI Design,82.5,5,16,42,63,C
S18369,Parvathy Varma,Female,CE,2,Surveying,64.8,7,25,60,92,S
S18370,Lincy Chacko,Female,ME,6,Machine Design,64.9,6,18,37,61,C
S18371,Anagha Raj,Female,CE,5,Transportation Engineering,98.7,8,20,26,54,P
S18372,Jyothsna Kohli,Female,ECE,7,VLSI Design,78.4,6,23,17,46,F
S18373,Anoop Warrier,Male,CSE,1,Big Data Processing,56.8,7,23,50,80,A
S18374,Sujith Bhaskaran,Male,ECE,7,Microprocessors,84.8,7,10,34,51,P
S18375,Aparna Kohli,Female,CE,1,Concrete Technology,92.5,7,24,45,76,B+
S18376,Aswathy Agarwal,Female,CE,3,Structural Analysis,77.6,7,23,39,69,C+
S18377,Shahana Pathan,Female,ECE,7,Signals & Systems,82.0,7,22,45,74,B
S18378,Nandana Sankar,Female,CE,6,Transportation Engineering,84.2,9,16,35,60,C
S18379,Deepak Achari,Male,ECE,7,Digital Electronics,82.9,6,27,40,73,B
S18380,Akhil Radhakrishnan,Male,CSE,7,Software Engineering,79.7,3,30,50,83,A
S18381,Anjali Mohan,Female,CSE,2,Big Data Processing,52.1,6,24,28,58,D
S18382,Sinan Fareed,Male,CSE,3,DBMS,64.0,9,24,38,71,B
S18383,Neethu Das,Female,ME,6,Manufacturing Technology,80.0,5,27,41,73,B
S18384,Athira Ramesh,Female,ECE,1,Microprocessors,89.2,8,15,40,63,C
S18385,Manoj Unnithan,Male,ECE,1,VLSI Design,72.8,8,21,40,69,C+
S18386,Reshma Achari,Female,ECE,4,Communication Systems,83.8,10,5,22,37,F
S18387,Vinod Bhalla,Male,ME,6,Strength of Materials,51.0,9,16,28,53,P
S18388,Aravind Chowdhury,Male,ECE,1,Digital Electronics,85.6,6,21,38,65,C+
S18389,Athulya Venugopal,Female,ECE,2,Communication Systems,77.1,7,14,28,49,F
S18390,Rahul Khurana,Male,ECE,7,Digital Electronics,61.0,8,16,44,68,C+
S18391,Sana Rafique,Female,ME,4,Manufacturing Technology,63.7,6,13,30,49,F
S18392,Dinesh Bakshi,Male,ME,5,Manufacturing Technology,76.7,5,24,57,86,A+
S18393,Athulya Radhakrishnan,Female,ME,6,Machine Design,61.3,7,28,24,59,D
S18394,Riyas Wahab,Male,CSE,7,Computer Networks,59.4,8,30,48,86,A+
S18395,Swathi Solanki,Female,CE,2,Transportation Engineering,72.2,9,18,48,75,B+
S18396,Vidya Raghavan,Female,CSE,5,Software Engineering,83.7,6,26,42,74,B
S18397,Suresh Kunjunni,Male,CSE,5,Operating Systems,90.0,9,17,45,71,B
S18398,Divya Balan,Female,ECE,3,Communication Systems,99.3,6,25,60,91,S
S18399,Karthik Raman,Male,CE,4,Geotechnical Engineering,86.6,7,8,49,64,C
S18400,Lakshmi Saxena,Female,ECE,4,Digital Electronics,72.9,5,25,37,67,C+
S18401,Sneha Mishra,Female,CE,4,Structural Analysis,71.1,7,21,41,69,C+
S18402,Anagha Manoharan,Female,CSE,5,Operating Systems,69.2,7,20,60,87,A+
S18403,Nazia Kabir,Female,ME,4,Manufacturing Technology,72.8,6,23,27,56,D
S18404,Prasanth Rajan,Male,ECE,1,VLSI Design,67.5,6,20,47,73,B
S18405,Gayathri Kohli,Female,CSE,5,Operating Systems,62.6,7,12,44,63,C
S18406,Ajay Kurup,Male,CE,3,Structural Analysis,71.5,8,24,49,81,A
S18407,Ajay Dinesh,Male,ME,3,Machine Design,89.5,7,22,33,62,C
S18408,Meera Kumar,Female,CE,5,Transportation Engineering,96.5,10,22,29,61,C
S18409,Meera Bhaskaran,Female,CE,2,Surveying,100.0,6,23,46,75,B+
S18410,Sindhu Khurana,Female,CE,5,Geotechnical Engineering,91.6,6,13,37,56,D
S18411,Meera Vinod,Female,CSE,1,Software Engineering,76.9,9,22,31,62,C
S18412,Sreejith Karthikeyan,Male,CE,7,Surveying,76.3,8,15,44,67,C+
S18413,Vishnu Manoharan,Male,ECE,8,Digital Electronics,77.5,5,24,58,87,A+
S18414,Manoj Das,Male,ME,5,Fluid Mechanics,66.0,6,21,46,73,B
S18415,Meera Sinha,Female,ME,5,Thermodynamics,74.0,10,16,45,71,B
S18416,Manu Trivedi,Male,ME,4,Machine Design,81.1,7,21,55,83,A
S18417,Nazar Kareem,Male,ECE,3,VLSI Design,100.0,7,21,40,68,C+
S18418,Devika Iyer,Female,ECE,6,Microprocessors,62.2,6,17,45,68,C+
S18419,Shefeek Riyas,Male,CE,7,Concrete Technology,84.4,10,22,28,60,C
S18420,Ajay Kohli,Male,ECE,6,Communication Systems,57.6,7,17,60,84,A
S18421,Deepak Goel,Male,CSE,8,Computer Networks,75.7,9,30,32,71,B
S18422,Jasmin Anwar,Female,CE,8,Structural Analysis,71.9,8,19,49,76,B+
S18423,Sruthi Gopinathan,Female,ECE,2,Signals & Systems,71.0,6,30,49,85,A+
S18424,Vivek Pillai,Male,CSE,1,Operating Systems,100.0,8,22,47,77,B+
S18425,Rahul Neelakandan,Male,ECE,3,Signals & Systems,63.2,8,17,32,57,D
S18426,Parvathy Sreedharan,Female,CSE,1,Data Structures,94.8,9,20,29,58,D
S18427,Rajesh Narayanan,Male,CE,8,Surveying,58.1,8,28,51,87,A+
S18428,Anas Rahman,Male,CSE,1,Operating Systems,55.4,8,13,45,66,C+
S18429,Anagha Anilkumar,Female,CE,6,Transportation Engineering,88.9,9,19,51,79,B+
S18430,Rashid Muneer,Male,ECE,4,Digital Electronics,88.8,6,28,20,54,P
S18431,Sowmya Das,Female,ECE,4,Microprocessors,67.5,9,20,58,87,A+
S18432,Nandakumar Bhattathiri,Male,CSE,2,Big Data Processing,95.9,10,11,37,58,D
S18433,Sreekumar Nair,Male,CE,6,Geotechnical Engineering,75.4,7,19,36,62,C
S18434,Anas Khan,Male,CE,7,Surveying,77.1,6,10,37,53,P
S18435,Rizwana Junaid,Female,CSE,6,Data Structures,80.7,5,21,55,81,A
S18436,Sudheesh Goel,Male,ME,5,Thermodynamics,84.9,7,15,54,76,B+
S18437,Nandakumar Choudhary,Male,CE,7,Surveying,100.0,5,30,60,95,S
S18438,Balachandran Balakrishnan,Male,ECE,7,Communication Systems,89.6,6,13,35,54,P
S18439,Athulya Pisharody,Female,ECE,2,Communication Systems,87.2,8,21,60,89,A+
S18440,Nandakumar Pillai,Male,ME,7,Strength of Materials,87.9,6,16,45,67,C+
S18441,Suresh Kutty,Male,ME,3,Fluid Mechanics,79.9,7,20,60,87,A+
S18442,Bindu Mohan,Female,CE,8,Transportation Engineering,82.5,9,22,60,91,S
S18443,Arjun Reddy,Male,CSE,4,Software Engineering,91.7,3,30,32,65,C+
S18444,Ajay Naidu,Male,ME,2,Manufacturing Technology,73.3,8,28,37,73,B
S18445,Ramesh Iyer,Male,CE,3,Transportation Engineering,84.8,6,28,60,94,S
S18446,Aiswarya Chopra,Female,CSE,6,Data Structures,82.4,5,19,40,64,C
S18447,Vinod Iyer,Male,ME,6,Machine Design,75.1,9,29,36,74,B
S18448,Priya Vasu,Female,ECE,3,Communication Systems,90.4,5,17,54,76,B+
S18449,Vignesh Desai,Male,CSE,6,Data Structures,68.9,9,10,60,79,B+
S18450,Nazar Sheikh,Male,CSE,8,Software Engineering,95.2,2,23,55,80,A
S18451,Athulya Padmanabhan,Female,CSE,6,DBMS,64.4,8,18,55,81,A
S18452,Swathi Bhalla,Female,CSE,2,Data Structures,82.1,8,22,45,75,B+
S18453,Rohan Solanki,Male,CSE,1,Data Structures,99.8,6,30,16,52,P
S18454,Manoj Bhaskaran,Male,CSE,7,Computer Networks,95.0,4,23,44,71,B
S18455,Shilpa Pradeep,Female,ME,6,Manufacturing Technology,76.7,8,19,44,71,B
S18456,Swathi Iyer,Female,ME,1,Manufacturing Technology,81.3,8,11,45,64,C
S18457,Vineetha Iyer,Female,CSE,7,Big Data Processing,93.2,7,26,29,62,C
S18458,Ajay Chopra,Male,CSE,7,DBMS,84.0,5,23,43,71,B
S18459,Vineetha Shukla,Female,ME,3,Strength of Materials,74.3,10,17,33,60,C
S18460,Nikhil Goel,Male,CSE,6,Software Engineering,79.3,7,23,46,76,B+
S18461,Ashraf Sait,Male,ME,5,Machine Design,71.7,8,20,25,53,P
S18462,Nadhira Moulavi,Female,ME,3,Manufacturing Technology,61.4,9,14,33,56,D
S18463,Aswathy Venugopal,Female,CSE,6,Software Engineering,100.0,7,15,28,50,P
S18464,Sindhu Bhaskaran,Female,CSE,2,Data Structures,100.0,9,23,52,84,A
S18465,Anitha Marar,Female,ME,2,Manufacturing Technology,85.8,9,18,43,70,B
S18466,Deepak Rajagopal,Male,ME,4,Fluid Mechanics,83.1,5,10,42,57,D
S18467,Sruthi Agrawal,Female,CE,1,Surveying,65.2,8,24,37,69,C+
S18468,Nithya Kartha,Female,CSE,6,DBMS,77.5,5,24,49,78,B+
S18469,Aiswarya Rajagopal,Female,CE,5,Structural Analysis,72.8,6,16,54,76,B+
S18470,Priya Suresh,Female,ME,4,Thermodynamics,64.3,7,28,60,95,S
S18471,Neethu Sreedharan,Female,ECE,1,VLSI Design,83.1,7,14,43,64,C
S18472,Parvathy Jayan,Female,CE,5,Geotechnical Engineering,68.7,10,24,31,65,C+
S18473,Soumya Dubey,Female,ECE,2,Digital Electronics,83.4,10,18,47,75,B+
S18474,Shilpa Nambiar,Female,ECE,4,Microprocessors,80.6,5,30,34,69,C+
S18475,Priya Rao,Female,ME,4,Thermodynamics,80.9,9,26,54,89,A+
S18476,Aswathy Sethi,Female,CE,8,Geotechnical Engineering,62.5,6,26,60,92,S
S18477,Madhu Trivedi,Male,CSE,2,Data Structures,75.0,4,17,36,57,D
S18478,Reshma Trivedi,Female,ME,2,Fluid Mechanics,78.4,10,27,41,78,B+
S18479,Anitha Saxena,Female,CSE,4,Operating Systems,91.6,6,17,51,74,B
S18480,Greeshma Srivastava,Female,ECE,1,Digital Electronics,84.5,10,22,54,86,A+
S18481,Aparna Sreedharan,Female,ECE,4,Digital Electronics,56.1,8,27,31,66,C+
S18482,Dinesh Rajan,Male,ME,1,Machine Design,83.6,7,15,37,59,D
S18483,Annmary Ramban,Female,ECE,5,Digital Electronics,67.5,9,26,41,76,B+
S18484,Balachandran Kumar,Male,ECE,3,Digital Electronics,90.7,7,22,47,76,B+
S18485,Nandakumar Dinesh,Male,ECE,6,Communication Systems,73.7,9,22,36,67,C+
S18486,Vishnu Nair,Male,ECE,7,Digital Electronics,99.1,8,18,54,80,A
S18487,Suresh Malhotra,Male,ME,5,Machine Design,94.4,6,12,52,70,B
S18488,Rashid Hussain,Male,CSE,4,Big Data Processing,77.8,6,18,38,62,C
S18489,Anagha Namboothiri,Female,ECE,6,VLSI Design,78.3,7,24,41,72,B
S18490,Sindhu Shukla,Female,CSE,1,Data Structures,78.9,9,24,34,67,C+
S18491,Adithya Balan,Male,ECE,7,Digital Electronics,78.8,9,16,44,69,C+
S18492,Bijoy Samuel,Male,CSE,1,Operating Systems,71.0,7,22,37,66,C+
S18493,Sowmya Ramakrishnan,Female,ME,2,Strength of Materials,70.9,9,25,31,65,C+
S18494,Sneha Agrawal,Female,CSE,3,Operating Systems,90.9,8,14,49,71,B
S18495,Soumya Kurup,Female,ME,6,Strength of Materials,72.4,5,24,37,66,C+
S18496,Sanjay Gupta,Male,CE,1,Concrete Technology,77.6,6,19,35,60,C
S18497,Nandakumar Thampi,Male,CE,4,Structural Analysis,92.3,10,23,46,79,B+
S18498,Rohan Kaimal,Male,CE,1,Structural Analysis,65.2,8,27,40,75,B+
S18499,Rajesh Bhaskaran,Male,ECE,7,Communication Systems,86.0,6,24,22,52,P
S18500,Amrutha Bhattathiri,Female,CE,3,Surveying,56.0,7,18,45,70,B
S18501,Ajay Raj,Male,CE,3,Structural Analysis,62.5,9,14,50,73,B
S18502,Anagha Anandan,Female,ECE,1,Microprocessors,87.8,6,20,45,71,B
S18503,Vivek Choudhary,Male,ECE,4,Microprocessors,71.2,7,29,40,76,B+
S18504,Rasheeda Rauf,Female,CE,4,Transportation Engineering,53.7,6,23,43,72,B
S18505,Vidya Rathore,Female,ECE,8,Microprocessors,78.3,8,26,42,76,B+
S18506,Renjith Chandrasekharan,Male,CSE,5,Operating Systems,46.2,10,21,60,91,S
S18507,Karthik Kaimal,Male,CSE,1,Software Engineering,63.5,7,25,50,82,A
S18508,Biju Rajan,Male,ECE,3,Digital Electronics,75.3,10,30,56,96,S
S18509,Pradeep Gupta,Male,CSE,4,Big Data Processing,72.6,7,28,28,63,C
S18510,Aswathy Rajan,Female,ECE,4,Communication Systems,79.9,7,20,43,70,B
S18511,Reshma Kaimal,Female,ME,8,Thermodynamics,74.6,7,16,56,79,B+
S18512,Nandana Prasad,Female,CE,2,Structural Analysis,74.0,4,30,38,72,B
S18513,Shefeek Moideen,Male,ME,8,Fluid Mechanics,57.8,10,26,41,77,B+
S18514,Bindu Padmanabhan,Female,CSE,5,Computer Networks,53.7,4,27,43,74,B
S18515,Anu Bhardwaj,Female,CSE,7,Big Data Processing,79.2,3,23,48,74,B
S18516,Aravind Bhardwaj,Male,CE,8,Concrete Technology,85.3,7,25,21,53,P
S18517,Aravind Sreedharan,Male,ECE,5,Communication Systems,73.6,6,17,39,62,C
S18518,Rajesh Krishnankutty,Male,ME,8,Strength of Materials,81.0,9,25,41,75,B+
S18519,Shefeek Moulavi,Male,CE,8,Geotechnical Engineering,66.0,10,24,39,73,B
S18520,Reshma Pisharody,Female,ME,3,Strength of Materials,90.6,10,25,25,60,C
S18521,Biju Gupta,Male,ME,4,Thermodynamics,64.0,5,13,48,66,C+
S18522,Jithin Thampuran,Male,CE,7,Concrete Technology,82.4,6,19,35,60,C
S18523,Shilpa Bhaskaran,Female,CE,5,Transportation Engineering,67.3,4,30,43,77,B+
S18524,Nithya Agrawal,Female,CE,6,Surveying,68.9,7,20,37,64,C
S18525,Radhika Vasudevan,Female,ECE,1,VLSI Design,75.4,8,20,53,81,A
S18526,Sujith Krishnankutty,Male,CE,2,Concrete Technology,92.3,9,13,25,47,F
S18527,Adithya Chopra,Male,ECE,6,VLSI Design,72.4,6,20,44,70,B
S18528,Renjith Rajagopal,Male,CSE,1,DBMS,51.3,7,26,38,71,B
S18529,Sowmya Ashokan,Female,CSE,8,Computer Networks,74.9,9,26,44,79,B+
S18530,Irfan Ismail,Male,ME,5,Manufacturing Technology,82.5,9,12,51,72,B
S18531,Aparna Rathore,Female,CE,5,Structural Analysis,86.2,4,18,56,78,B+
S18532,Jasmin Sadiq,Female,CSE,8,Big Data Processing,82.8,6,26,53,85,A+
S18533,Sruthi Bhatt,Female,CSE,3,Computer Networks,73.6,8,26,44,78,B+
S18534,Madhu Narayanan,Male,ME,1,Thermodynamics,61.2,7,22,42,71,B
S18535,Divya Vijayan,Female,CE,3,Structural Analysis,67.9,7,15,36,58,D
S18536,Sreelakshmi Poduval,Female,CSE,4,Operating Systems,72.5,10,25,60,95,S
S18537,Anjali Naidu,Female,CSE,2,Software Engineering,70.9,5,14,42,61,C
S18538,Vignesh Pillai,Male,CSE,6,Software Engineering,89.0,6,16,34,56,D
S18539,Deepak Solanki,Male,ME,6,Thermodynamics,71.3,8,30,39,77,B+
S18540,Parvathy Balakrishnan,Female,CSE,2,DBMS,69.4,8,19,35,62,C
S18541,Nimisha Gopalan,Female,CSE,5,Software Engineering,77.9,6,27,44,77,B+
S18542,Dinesh Bhattathiri,Male,CE,2,Structural Analysis,66.7,8,18,48,74,B
S18543,Neethu Raman,Female,ME,6,Machine Design,67.4,6,18,39,63,C
S18544,Ayesha Fareed,Female,ECE,8,VLSI Design,92.4,7,30,48,85,A+
S18545,Deepthi Patel,Female,ME,1,Manufacturing Technology,73.7,7,25,52,84,A
S18546,Adithya Govindan,Male,CSE,4,Operating Systems,80.9,7,25,51,83,A
S18547,Ayesha Ashraf,Female,CSE,5,Computer Networks,87.2,7,20,38,65,C+
S18548,Ajay Radhakrishnan,Male,CSE,4,DBMS,64.4,10,26,29,65,C+
S18549,Gokul Reddy,Male,CSE,6,Big Data Processing,93.9,5,24,49,78,B+
S18550,Vignesh Thampuran,Male,ME,4,Machine Design,67.1,6,22,55,83,A
S18551,Nimisha Choudhary,Female,CE,1,Structural Analysis,56.7,7,22,44,73,B
S18552,Resmi Bhatt,Female,CSE,5,Data Structures,69.5,7,30,48,85,A+
S18553,Anoop Choudhary,Male,CE,4,Concrete Technology,59.3,6,21,51,78,B+
S18554,Sreekumar Patel,Male,ECE,6,VLSI Design,73.2,6,26,55,87,A+
S18555,Sowmya Joshi,Female,CSE,4,Big Data Processing,78.0,9,15,50,74,B
S18556,Sreejith Reddy,Male,ECE,2,Microprocessors,87.3,6,18,23,47,F
S18557,Vijay Krishnankutty,Male,CSE,7,Data Structures,87.4,5,29,58,92,S
S18558,Arjun Panicker,Male,CSE,8,Computer Networks,73.3,5,23,51,79,B+
S18559,Ramesh Goel,Male,CSE,8,Software Engineering,72.5,7,16,43,66,C+
S18560,Pradeep Venugopal,Male,CE,1,Transportation Engineering,72.5,9,24,55,88,A+
S18561,Rajesh Vasu,Male,ME,3,Thermodynamics,85.7,9,15,45,69,C+
S18562,Sarath Menon,Male,ECE,5,Communication Systems,82.4,6,20,60,86,A+
S18563,Sujith Chopra,Male,CE,8,Surveying,73.3,7,23,36,66,C+
S18564,Aswathy Radhakrishnan,Female,ECE,2,Signals & Systems,100.0,7,13,43,63,C
S18565,Anoop Raj,Male,CE,3,Geotechnical Engineering,81.4,8,7,50,65,C+
S18566,Remya Vasu,Female,CSE,2,Computer Networks,71.8,7,17,42,66,C+
S18567,Akhil Malhotra,Male,ME,6,Manufacturing Technology,89.0,9,19,46,74,B
S18568,Swathi Reddy,Female,ECE,5,VLSI Design,64.4,10,21,60,91,S
S18569,Sanjay Shukla,Male,CSE,4,Data Structures,69.0,8,18,35,61,C
S18570,Ajay Chandra,Male,CSE,3,Software Engineering,70.9,9,17,29,55,D
S18571,Ashraf Nadeem,Male,ME,6,Machine Design,96.5,8,30,48,86,A+
S18572,Neethu Bhardwaj,Female,ME,3,Fluid Mechanics,81.6,7,29,34,70,B
S18573,Jyothsna Solanki,Female,ME,8,Strength of Materials,98.5,6,17,43,66,C+
S18574,Amrutha Mohan,Female,ME,4,Thermodynamics,84.5,7,22,29,58,D
S18575,Sreekumar Kartha,Male,CE,6,Transportation Engineering,82.2,5,22,32,59,D
S18576,Dinesh Warrier,Male,ME,3,Thermodynamics,66.5,7,30,45,82,A
S18577,Bindu Bhalla,Female,ME,1,Thermodynamics,71.8,8,15,42,65,C+
S18578,Vishnu Sivan,Male,ME,2,Machine Design,67.1,8,25,58,91,S
S18579,Neethu Suresh,Female,ME,7,Thermodynamics,78.3,7,15,42,64,C
S18580,Gokul Pisharody,Male,ME,6,Fluid Mechanics,73.0,6,26,57,89,A+
S18581,Nimisha Achari,Female,CSE,4,Big Data Processing,67.1,9,8,45,62,C
S18582,Renjith Sivan,Male,ECE,5,Communication Systems,87.3,8,23,39,70,B
S18583,Anand Dubey,Male,ME,4,Strength of Materials,78.1,5,27,48,80,A
S18584,Anumol Chacko,Female,ME,3,Fluid Mechanics,78.9,8,28,57,93,S
S18585,Vivek Pradeep,Male,CE,8,Geotechnical Engineering,93.6,9,28,38,75,B+
S18586,Anna Jose,Female,CE,4,Concrete Technology,60.4,9,21,57,87,A+
S18587,Balachandran Bhalla,Male,CSE,6,Big Data Processing,66.2,6,22,55,83,A
S18588,Anjali Chowdhury,Female,CSE,1,Software Engineering,78.0,8,20,47,75,B+
S18589,Nithya Thampuran,Female,CSE,7,Operating Systems,86.8,5,28,58,91,S
S18590,Naushad Kunju,Male,ECE,2,Communication Systems,73.3,4,30,44,78,B+
S18591,Pradeep Jayan,Male,CE,1,Structural Analysis,89.3,8,20,36,64,C
S18592,Sudheesh Srivastava,Male,CE,4,Concrete Technology,99.7,8,16,60,84,A
S18593,Vidya Menon,Female,ECE,8,Communication Systems,85.1,10,21,53,84,A
S18594,Meera Unnithan,Female,ECE,5,Communication Systems,79.9,9,15,30,54,P
S18595,Binoy Alex,Male,CSE,6,Operating Systems,84.5,4,25,30,59,D
S18596,Vineetha Pisharody,Female,ECE,6,Microprocessors,79.9,8,22,46,76,B+
S18597,Vijay Vinod,Male,ME,1,Thermodynamics,86.5,6,25,19,50,P
S18598,Vivek Nair,Male,CSE,2,Data Structures,76.2,5,22,18,45,F
S18599,Athulya Mahesh,Female,ECE,8,Digital Electronics,76.1,8,11,35,54,P
S18600,Naveen Khurana,Male,CE,2,Transportation Engineering,75.7,5,18,33,56,D
S18601,Vishnu Anandan,Male,CSE,1,Software Engineering,71.4,6,22,43,71,B
S18602,Sowmya Bansal,Female,CE,8,Surveying,58.4,6,21,46,73,B
S18603,Divya Rajendran,Female,ME,7,Thermodynamics,100.0,5,21,50,76,B+
S18604,Deepthi Suresh,Female,ECE,4,Signals & Systems,82.0,6,20,60,86,A+
S18605,Jaseem Basha,Male,ECE,1,Signals & Systems,78.1,8,23,35,66,C+
S18606,Deepthi Pradeep,Female,CE,2,Transportation Engineering,65.7,7,26,34,67,C+
S18607,Rahul Bakshi,Male,CSE,7,Software Engineering,74.0,5,20,45,70,B
S18608,Madhu Bansal,Male,ECE,4,Communication Systems,55.4,7,18,46,71,B
S18609,Soumya Karthikeyan,Female,ECE,4,Digital Electronics,71.1,4,22,45,71,B
S18610,Meera Iyer,Female,CSE,7,Operating Systems,65.3,10,15,44,69,C+
S18611,Anitha Iyer,Female,CSE,3,Operating Systems,69.3,8,28,40,76,B+
S18612,Vignesh Gopinathan,Male,CE,3,Geotechnical Engineering,77.9,6,13,35,54,P
S18613,Vijay Varma,Male,ECE,3,Signals & Systems,76.8,8,17,43,68,C+
S18614,Sudheesh Sivan,Male,ME,5,Machine Design,82.2,7,16,50,73,B
S18615,Athira Bakshi,Female,ME,5,Strength of Materials,75.9,8,15,49,72,B
S18616,Remya Pandey,Female,CSE,6,Computer Networks,87.0,10,25,30,65,C+
S18617,Rohan Vasu,Male,CSE,1,Software Engineering,62.6,7,30,57,94,S
S18618,Vivek Kumar,Male,CSE,1,Big Data Processing,67.1,8,25,29,62,C
S18619,Renjith Dubey,Male,ME,4,Thermodynamics,61.8,8,23,45,76,B+
S18620,Vishnu Kartha,Male,CSE,4,Computer Networks,79.6,5,25,29,59,D
S18621,Athira Joshi,Female,CE,2,Surveying,87.9,6,30,47,83,A
S18622,Madhu Kapoor,Male,CSE,7,Big Data Processing,75.4,8,15,24,47,F
S18623,Nandakumar Warrier,Male,ECE,2,Microprocessors,93.1,8,17,60,85,A+
S18624,Anoop Bhattathiri,Male,CSE,3,Operating Systems,82.2,8,23,39,70,B
S18625,Bindu Prakash,Female,CE,8,Concrete Technology,53.2,8,24,38,70,B
S18626,Sowmya Poduval,Female,ME,6,Strength of Materials,86.3,6,20,35,61,C
S18627,Remya Goel,Female,CSE,6,Software Engineering,82.0,10,13,30,53,P
S18628,Rohan Saxena,Male,ECE,2,Communication Systems,83.4,10,18,47,75,B+
S18629,Rahul Rajan,Male,ECE,3,Signals & Systems,81.1,5,25,23,53,P
S18630,Rajesh Sreedharan,Male,ME,7,Thermodynamics,77.1,10,23,60,93,S
S18631,Shamna Sait,Female,ECE,8,Microprocessors,75.7,6,23,52,81,A
S18632,Aiswarya Vinod,Female,ME,2,Machine Design,84.7,7,24,60,91,S
S18633,Biju Bansal,Male,CSE,5,Data Structures,73.2,10,25,47,82,A
S18634,Sreejith Sethi,Male,ME,7,Thermodynamics,82.5,6,17,39,62,C
S18635,Nandakumar Venugopal,Male,ME,8,Thermodynamics,71.6,6,16,54,76,B+
S18636,Nimisha Narayanan,Female,ECE,8,Communication Systems,69.0,7,18,43,68,C+
S18637,Anjali Unnithan,Female,CSE,2,DBMS,77.2,8,22,49,79,B+
S18638,Rohan Padmanabhan,Male,CSE,5,DBMS,64.4,5,21,47,73,B
S18639,Ramesh Nair,Male,CE,7,Structural Analysis,73.9,10,29,35,74,B
S18640,Athulya Anilkumar,Female,ECE,7,Signals & Systems,68.2,7,19,33,59,D
S18641,Aswathy Ashokan,Female,CE,7,Transportation Engineering,76.8,5,22,54,81,A
S18642,Rizwana Sultan,Female,ECE,5,VLSI Design,62.8,7,16,32,55,D
S18643,Anoop Namboodiripad,Male,CSE,2,Data Structures,99.4,6,24,43,73,B
S18644,Vishnu Sethi,Male,CSE,5,Computer Networks,84.7,6,22,36,64,C
S18645,Sanjay Marar,Male,CSE,3,DBMS,96.0,9,27,52,88,A+
S18646,Divya Dinesh,Female,CSE,3,Software Engineering,79.6,5,29,45,79,B+
S18647,Vinod Prasad,Male,CSE,7,Computer Networks,91.0,7,19,37,63,C
S18648,Shamna Sha,Female,CE,2,Transportation Engineering,88.2,9,24,36,69,C+
S18649,Sameer Musaliar,Male,CE,8,Concrete Technology,80.9,7,25,46,78,B+
S18650,Priya Tiwari,Female,ME,6,Strength of Materials,89.7,5,20,46,71,B
S18651,Manu Mahesh,Male,ECE,4,Digital Electronics,90.2,7,30,34,71,B
S18652,Remya Namboothiri,Female,ECE,3,VLSI Design,68.0,9,24,52,85,A+
S18653,Vidya Mishra,Female,CSE,8,Big Data Processing,62.3,5,30,50,85,A+
S18654,Vineetha Ramesh,Female,ECE,3,VLSI Design,80.4,10,29,26,65,C+
S18655,Vinod Warrier,Male,CSE,7,Operating Systems,82.5,8,15,45,68,C+
S18656,Sreejith Chopra,Male,CE,1,Structural Analysis,81.1,8,21,50,79,B+
S18657,Divya Bhatt,Female,CSE,1,Software Engineering,78.4,7,13,47,67,C+
S18658,Aiswarya Choudhary,Female,ECE,2,Communication Systems,51.8,9,17,38,64,C
S18659,Sujith Sasidharan,Male,ECE,5,Microprocessors,77.4,7,23,33,63,C
S18660,Nikhil Nair,Male,CSE,6,Data Structures,79.9,10,21,26,57,D
S18661,Sujith Tiwari,Male,ME,3,Fluid Mechanics,89.5,8,20,50,78,B+
S18662,Sanjay Chauhan,Male,CE,8,Surveying,83.0,7,14,37,58,D
S18663,Sowmya Naidu,Female,ECE,6,Microprocessors,80.7,8,16,25,49,F
S18664,Aswathy Raghavan,Female,CSE,8,Operating Systems,60.9,9,29,32,70,B
S18665,Manoj Narayanan,Male,CSE,2,Computer Networks,68.2,4,19,30,53,P
S18666,Greeshma Yadav,Female,CSE,2,Operating Systems,88.8,4,23,42,69,C+
S18667,Alan Manjooran,Male,CSE,3,Operating Systems,100.0,6,19,47,72,B
S18668,Suresh Chandra,Male,CE,7,Surveying,85.1,9,20,22,51,P
S18669,Athira Kunjunni,Female,ME,6,Manufacturing Technology,66.6,9,17,49,75,B+
S18670,Nimisha Sathyan,Female,ME,3,Machine Design,64.6,7,20,38,65,C+
S18671,Reshma Vasu,Female,CE,4,Geotechnical Engineering,77.4,7,25,28,60,C
S18672,Radhika Sathyan,Female,ME,4,Strength of Materials,68.2,7,21,60,88,A+
S18673,Manu Menon,Male,CE,1,Transportation Engineering,72.6,10,16,55,81,A
S18674,Sujith Chandran,Male,ECE,1,VLSI Design,77.7,7,14,47,68,C+
S18675,Anand Bhattathiri,Male,CE,7,Concrete Technology,81.4,7,26,29,62,C
S18676,Anoop Namboothiri,Male,CSE,8,Data Structures,65.2,7,20,42,69,C+
S18677,Sudheesh Choudhary,Male,CSE,2,Data Structures,67.1,7,21,34,62,C
S18678,Sowmya Radhakrishnan,Female,ME,5,Strength of Materials,85.5,9,18,21,48,F
S18679,Bincy Zachariah,Female,ME,1,Manufacturing Technology,78.2,6,19,35,60,C
S18680,Faisal Thangal,Male,CSE,7,Operating Systems,57.7,7,29,60,96,S
S18681,Deepak Chandrasekharan,Male,CE,2,Concrete Technology,81.6,8,23,48,79,B+
S18682,Amrutha Raman,Female,CE,1,Geotechnical Engineering,64.3,9,18,43,70,B
S18683,Sreekumar Panicker,Male,CSE,7,Software Engineering,72.9,5,20,46,71,B
S18684,Vijay Mahesh,Male,CSE,6,Data Structures,88.8,9,24,44,77,B+
S18685,Karthik Menon,Male,CE,5,Surveying,90.9,10,28,47,85,A+
S18686,Sreelakshmi Gopalan,Female,ME,4,Strength of Materials,84.1,6,28,44,78,B+
S18687,Anagha Naidu,Female,CE,5,Geotechnical Engineering,72.3,10,11,39,60,C
S18688,Manu Sathyan,Male,ECE,5,Signals & Systems,99.7,7,22,30,59,D
S18689,Arjun Arora,Male,ECE,4,Signals & Systems,67.3,8,24,35,67,C+
S18690,Jasira Rasheed,Female,CE,5,Structural Analysis,83.9,7,22,43,72,B
S18691,Aiswarya Venugopal,Female,CE,4,Geotechnical Engineering,89.0,8,24,29,61,C
S18692,Haritha Suresh,Female,CE,7,Surveying,52.2,7,19,42,68,C+
S18693,Manoj Dinesh,Male,ME,5,Manufacturing Technology,74.9,7,19,15,41,F
S18694,Meera Joshi,Female,CE,3,Structural Analysis,79.0,9,15,58,82,A
S18695,Sujith Desai,Male,ECE,8,Signals & Systems,80.5,6,8,55,69,C+
S18696,Suhana Mirza,Female,ECE,2,Communication Systems,77.6,9,23,42,74,B
S18697,Pradeep Vasudevan,Male,ME,1,Strength of Materials,83.5,7,18,49,74,B
S18698,Vijay Choudhary,Male,ECE,6,Signals & Systems,86.8,5,16,42,63,C
S18699,Sneha Kohli,Female,CE,8,Geotechnical Engineering,57.8,6,12,52,70,B
S18700,Karthik Ramakrishnan,Male,CE,3,Transportation Engineering,91.9,7,29,52,88,A+
S18701,Aswathy Neelakandan,Female,CSE,6,Data Structures,92.8,7,20,58,85,A+
S18702,Ajay Sivan,Male,CSE,4,Software Engineering,59.2,7,27,39,73,B
S18703,Radhika Raj,Female,CSE,2,Operating Systems,81.6,4,23,49,76,B+
S18704,Bibin Vazhayil,Male,CE,5,Surveying,90.7,6,25,55,86,A+
S18705,Madhu Rajendran,Male,ME,7,Manufacturing Technology,73.0,8,14,48,70,B
S18706,Shilpa Bhalla,Female,ME,4,Manufacturing Technology,99.2,8,16,34,58,D
S18707,Shilpa Patel,Female,ME,1,Manufacturing Technology,82.2,5,30,37,72,B
S18708,Ramesh Bhatt,Male,ECE,6,Communication Systems,79.0,8,24,30,62,C
S18709,Madhu Unnithan,Male,CE,7,Surveying,64.8,3,15,40,58,D
S18710,Deepthi Desai,Female,CE,6,Surveying,80.1,7,19,43,69,C+
S18711,Meera Shukla,Female,CE,8,Concrete Technology,88.2,9,19,46,74,B
S18712,Balachandran Gupta,Male,CSE,1,Data Structures,69.6,5,21,51,77,B+
S18713,Nimisha Bhardwaj,Female,ECE,2,Microprocessors,81.3,6,18,47,71,B
S18714,Reshma Bhaskaran,Female,CE,6,Structural Analysis,59.2,5,30,27,62,C
S18715,Nimisha Goel,Female,ME,5,Machine Design,75.2,8,27,60,95,S
S18716,Rahul Poduval,Male,ECE,3,Communication Systems,89.5,7,20,18,45,F
S18717,Ramesh Ramakrishnan,Male,ME,5,Thermodynamics,68.2,7,26,29,62,C
S18718,Rohan Bhardwaj,Male,ME,2,Manufacturing Technology,70.5,5,28,42,75,B+
S18719,Bincy Vadakkan,Female,CE,5,Surveying,80.1,8,25,55,88,A+
S18720,Sanjay Bakshi,Male,ECE,1,Signals & Systems,100.0,5,30,49,84,A
S18721,Dinesh Pillai,Male,ME,2,Machine Design,59.2,6,24,29,59,D
S18722,Lakshmi Das,Female,ECE,5,Signals & Systems,76.6,8,16,41,65,C+
S18723,Akhil Mishra,Male,ME,5,Fluid Mechanics,77.3,8,25,56,89,A+
S18724,Sowmya Arora,Female,CSE,1,Data Structures,100.0,6,29,46,81,A
S18725,Athira Rao,Female,ME,4,Machine Design,57.2,8,15,47,70,B
S18726,Manoj Sasidharan,Male,CSE,1,Software Engineering,85.7,8,25,53,86,A+
S18727,Amrutha Bhalla,Female,ME,8,Machine Design,94.6,7,16,33,56,D
S18728,Akhil Tiwari,Male,ME,1,Manufacturing Technology,79.4,7,19,55,81,A
S18729,Naveen Balakrishnan,Male,CSE,8,Computer Networks,79.2,5,30,24,59,D
S18730,Karthik Joshi,Male,ECE,8,Communication Systems,76.1,7,21,39,67,C+
S18731,Athulya Sinha,Female,ECE,4,Signals & Systems,77.5,5,15,37,57,D
S18732,Aparna Pradeep,Female,ME,3,Fluid Mechanics,49.8,7,30,38,75,B+
S18733,Sameera Aslam,Female,CSE,8,Big Data Processing,75.2,6,18,47,71,B
S18734,Bins Joseph,Male,CE,3,Geotechnical Engineering,67.6,6,20,37,63,C
S18735,Meera Vasu,Female,ME,3,Fluid Mechanics,70.4,8,21,35,64,C
S18736,Resmi Rathore,Female,CE,3,Surveying,93.0,8,19,56,83,A
S18737,Shameer Moulavi,Male,ME,6,Machine Design,90.8,10,24,42,76,B+
S18738,Radhika Vasu,Female,ECE,4,Digital Electronics,66.2,8,18,58,84,A
S18739,Nimisha Pradeep,Female,CSE,3,Operating Systems,46.9,6,26,40,72,B
S18740,Manoj Panicker,Male,ECE,8,Signals & Systems,77.9,7,19,34,60,C
S18741,Rahul Bansal,Male,CE,5,Transportation Engineering,75.8,9,27,48,84,A
S18742,Gokul Dubey,Male,ME,8,Fluid Mechanics,88.1,10,30,26,66,C+
S18743,Akhil Srivastava,Male,CSE,3,Big Data Processing,81.0,4,16,45,65,C+
S18744,Soumya Sinha,Female,ME,3,Machine Design,60.4,8,21,38,67,C+
S18745,Rohan Rajagopal,Male,ME,4,Manufacturing Technology,68.7,7,18,45,70,B
S18746,Sindhu Sathyan,Female,CSE,1,DBMS,73.3,5,25,38,68,C+
S18747,Sreelakshmi Naidu,Female,CE,2,Structural Analysis,82.8,9,21,47,77,B+
S18748,Simna Sheikh,Female,ME,3,Strength of Materials,77.5,9,30,49,88,A+
S18749,Anitha Mishra,Female,ECE,2,Microprocessors,81.3,7,27,36,70,B
S18750,Vishnu Sudhakaran,Male,CSE,6,Big Data Processing,67.7,5,13,43,61,C
S18751,Fathima Haneef,Female,ME,1,Thermodynamics,84.1,7,20,52,79,B+
S18752,Gayathri Sharma,Female,ME,6,Manufacturing Technology,64.3,7,28,45,80,A
S18753,Ajay Bhardwaj,Male,CE,2,Transportation Engineering,68.7,6,23,37,66,C+
S18754,Remya Bakshi,Female,ME,1,Manufacturing Technology,68.7,5,20,30,55,D
S18755,Vidya Chowdhury,Female,CE,1,Transportation Engineering,73.0,9,24,37,70,B
S18756,Anu Kumar,Female,CE,4,Surveying,66.4,7,9,12,28,F
S18757,Sujith Ashokan,Male,ECE,6,Microprocessors,76.0,8,27,60,95,S
S18758,Madhu Govindan,Male,CSE,7,Data Structures,60.8,9,21,55,85,A+
S18759,Parvathy Marar,Female,CE,5,Structural Analysis,96.0,7,7,43,57,D
S18760,Sudheesh Saxena,Male,CSE,6,Software Engineering,79.1,7,14,40,61,C
S18761,Divya Sathyan,Female,ECE,8,Communication Systems,46.0,7,30,60,97,S
S18762,Manoj Ramakrishnan,Male,ME,2,Thermodynamics,92.5,9,30,56,95,S
S18763,Biju Namboodiripad,Male,CE,4,Surveying,71.6,8,30,56,94,S
S18764,Soumya Narayanan,Female,ME,6,Fluid Mechanics,75.0,6,30,48,84,A
S18765,Sreelakshmi Prasad,Female,ECE,8,Signals & Systems,92.5,8,26,50,84,A
S18766,Renjith Anandan,Male,ECE,1,Digital Electronics,67.0,10,24,32,66,C+
S18767,Sanjay Vasudevan,Male,CE,7,Transportation Engineering,81.5,6,22,46,74,B
S18768,Sarath Mohan,Male,CE,3,Concrete Technology,80.3,6,20,39,65,C+
S18769,Bindu Rathore,Female,CSE,2,Data Structures,77.7,3,17,44,64,C
S18770,Radhika Bhaskaran,Female,CE,8,Geotechnical Engineering,76.1,6,13,51,70,B
S18771,Akhil Chandra,Male,ECE,8,Digital Electronics,82.7,8,25,39,72,B
S18772,Adithya Nair,Male,ECE,6,Communication Systems,64.8,6,30,55,91,S
S18773,Akhil Agarwal,Male,CSE,2,Big Data Processing,66.7,5,22,45,72,B
S18774,Jyothsna Choudhary,Female,ME,7,Thermodynamics,67.8,8,24,47,79,B+
S18775,Gokul Unnithan,Male,CSE,6,Big Data Processing,89.0,8,27,47,82,A
S18776,Nimisha Kapoor,Female,CE,7,Transportation Engineering,59.2,6,18,35,59,D
S18777,Anoop Joshi,Male,ECE,8,Communication Systems,48.8,9,22,42,73,B
S18778,Parvathy Bhatt,Female,ME,3,Strength of Materials,69.6,7,24,37,68,C+
S18779,Gayathri Raj,Female,CSE,3,Data Structures,87.3,7,22,46,75,B+
S18780,Manu Joshi,Male,CE,8,Geotechnical Engineering,65.5,8,16,48,72,B
S18781,Gayathri Krishnan,Female,CSE,1,Computer Networks,72.2,8,14,49,71,B
S18782,Sruthi Pradeep,Female,CSE,7,DBMS,75.9,7,19,53,79,B+
S18783,Athulya Raghavan,Female,ME,4,Fluid Mechanics,83.2,6,18,41,65,C+
S18784,Vignesh Namputhiri,Male,ME,8,Strength of Materials,79.9,9,25,41,75,B+
S18785,Sanjay Sankar,Male,ECE,1,Communication Systems,59.9,6,22,24,52,P
S18786,Madhu Jayan,Male,ECE,7,Microprocessors,71.7,7,23,50,80,A
S18787,Sanjay Prasad,Male,ME,2,Thermodynamics,71.1,9,18,44,71,B
S18788,Farha Latif,Female,CE,5,Surveying,88.0,5,13,38,56,D
S18789,Farha Riyas,Female,CE,6,Concrete Technology,74.5,6,23,38,67,C+
S18790,Sudheesh Vinod,Male,ECE,2,Signals & Systems,69.2,7,13,43,63,C
S18791,Madhu Khurana,Male,CE,3,Surveying,79.9,9,23,56,88,A+
S18792,Manoj Choudhary,Male,CE,7,Concrete Technology,95.0,5,23,33,61,C
S18793,Simna Haji,Female,CE,2,Surveying,76.2,8,22,52,82,A
S18794,Rizwana Baig,Female,ME,7,Machine Design,71.0,6,18,60,84,A
S18795,Athulya Pillai,Female,CE,7,Concrete Technology,79.0,7,22,34,63,C
S18796,Sarath Sethi,Male,ECE,7,Signals & Systems,86.5,9,20,56,85,A+
S18797,Nithya Desai,Female,CE,1,Geotechnical Engineering,66.7,10,24,47,81,A
S18798,Jyothsna Raghavan,Female,CE,4,Transportation Engineering,87.4,6,29,60,95,S
S18799,Unnikrishnan Suresh,Male,ECE,4,Signals & Systems,62.0,7,19,25,51,P
S18800,Vignesh Rao,Male,ME,4,Manufacturing Technology,89.0,6,24,38,68,C+
S18801,Rizwan Sirajudheen,Male,ME,3,Manufacturing Technology,80.7,6,20,27,53,P
S18802,Vinod Pradeep,Male,CSE,5,Computer Networks,98.9,8,12,53,73,B
S18803,Vignesh Bakshi,Male,CE,4,Geotechnical Engineering,76.7,9,26,51,86,A+
S18804,Greeshma Warrier,Female,ME,4,Machine Design,72.2,4,15,28,47,F
S18805,Vineetha Unnithan,Female,CSE,4,Software Engineering,88.1,8,19,34,61,C
S18806,Pradeep Marar,Male,ECE,2,Communication Systems,68.2,4,23,46,73,B
S18807,Anjali Ramakrishnan,Female,CSE,4,Big Data Processing,93.3,7,18,50,75,B+
S18808,Prasanth Narayanan,Male,CE,8,Surveying,87.8,5,24,36,65,C+
S18809,Rohan Raman,Male,CE,7,Transportation Engineering,85.7,7,16,17,40,F
S18810,Gokul Balan,Male,CE,5,Concrete Technology,70.0,8,30,39,77,B+
S18811,Manoj Raman,Male,CE,6,Surveying,74.4,10,22,24,56,D
S18812,Nisha Verghese,Female,CSE,6,DBMS,67.8,6,20,42,68,C+
S18813,Sruthi Mishra,Female,ECE,3,Digital Electronics,79.4,4,19,60,83,A
S18814,Meera Padmanabhan,Female,ECE,1,Communication Systems,82.6,6,8,49,63,C
S18815,Rency Kannampuzha,Female,ECE,7,Microprocessors,76.9,6,13,56,75,B+
S18816,Adithya Namboodiripad,Male,ME,6,Manufacturing Technology,80.4,6,25,34,65,C+
S18817,Adithya Dubey,Male,CSE,5,Computer Networks,71.7,4,15,40,59,D
S18818,Parvathy Vasudevan,Female,ECE,6,Signals & Systems,72.0,10,24,36,70,B
S18819,Anand Mishra,Male,ME,4,Machine Design,93.8,8,18,48,74,B
S18820,Athulya Kartha,Female,ECE,3,Signals & Systems,82.4,9,16,18,43,F
S18821,Naveen Chandra,Male,CSE,7,Software Engineering,84.2,10,25,48,83,A
S18822,Nikhil Joshi,Male,ECE,6,Communication Systems,80.0,7,20,28,55,D
S18823,Priya Sivan,Female,CE,6,Geotechnical Engineering,68.9,10,19,39,68,C+
S18824,Remya Trivedi,Female,CE,7,Surveying,84.5,5,28,43,76,B+
S18825,Unnikrishnan Mahesh,Male,ECE,6,Communication Systems,75.3,6,17,38,61,C
S18826,Gayathri Radhakrishnan,Female,CE,1,Structural Analysis,79.5,5,30,36,71,B
S18827,Anitha Joshi,Female,ECE,4,Microprocessors,60.5,7,21,41,69,C+
S18828,Naveen Balan,Male,CSE,2,Software Engineering,94.9,7,24,57,88,A+
S18829,Aswathy Kohli,Female,ME,3,Manufacturing Technology,84.5,5,28,30,63,C
S18830,Sruthi Thampuran,Female,ME,6,Machine Design,73.3,7,30,43,80,A
S18831,Athira Govindan,Female,ECE,1,VLSI Design,89.5,9,24,22,55,D
S18832,Jerin Panjikaran,Male,CE,3,Structural Analysis,83.1,9,19,32,60,C
S18833,Pradeep Namputhiri,Male,CE,4,Transportation Engineering,91.4,8,22,49,79,B+
S18834,Nikhil Dubey,Male,ECE,1,Communication Systems,80.1,7,21,49,77,B+
S18835,Manoj Vasu,Male,CSE,5,Computer Networks,94.0,9,16,54,79,B+
S18836,Nadhira Marakkar,Female,ECE,7,Microprocessors,96.5,9,23,41,73,B
S18837,Ajay Srivastava,Male,CSE,7,Computer Networks,73.2,8,16,25,49,F
S18838,Ajay Krishnan,Male,ME,4,Machine Design,98.2,8,23,51,82,A
S18839,Anand Vasu,Male,CE,7,Structural Analysis,55.8,8,15,43,66,C+
S18840,Rohan Sreedharan,Male,ECE,8,Microprocessors,59.5,7,24,60,91,S
S18841,Jithin Kapoor,Male,CE,3,Surveying,56.9,7,24,33,64,C
S18842,Deepak Thampi,Male,CE,6,Structural Analysis,72.2,8,24,49,81,A
S18843,Vignesh Padmanabhan,Male,ME,3,Fluid Mechanics,68.7,7,26,37,70,B
S18844,Rashid Rafique,Male,CE,1,Structural Analysis,83.7,9,24,60,93,S
S18845,Madhu Gopinathan,Male,ME,3,Manufacturing Technology,66.4,7,21,28,56,D
S18846,Jithin Agarwal,Male,CE,8,Concrete Technology,76.9,6,17,52,75,B+
S18847,Deepthi Krishnan,Female,CSE,4,Operating Systems,62.1,6,26,56,88,A+
S18848,Vineetha Karthikeyan,Female,ME,3,Manufacturing Technology,73.6,8,17,24,49,F
S18849,Anas Faisal,Male,CE,1,Surveying,89.6,5,24,36,65,C+
S18850,Unnikrishnan Sharma,Male,CE,8,Transportation Engineering,78.9,8,24,49,81,A
S18851,Vishnu Desai,Male,ECE,2,Digital Electronics,73.1,6,28,23,57,D
S18852,Devika Chowdhury,Female,CE,2,Surveying,73.1,7,19,28,54,P
S18853,Vineetha Kutty,Female,ME,8,Machine Design,83.0,10,28,46,84,A
S18854,Anitha Khurana,Female,CSE,2,Software Engineering,73.0,9,24,53,86,A+
S18855,Resmi Rajagopal,Female,ECE,3,Digital Electronics,76.0,6,25,33,64,C
S18856,Sindhu Verma,Female,CE,3,Structural Analysis,65.5,6,19,57,82,A
S18857,Reshma Vallikkat,Female,ME,8,Strength of Materials,58.5,5,20,44,69,C+
S18858,Aparna Namboodiripad,Female,CE,1,Geotechnical Engineering,91.8,8,21,51,80,A
S18859,Sreejith Jayan,Male,ME,8,Thermodynamics,91.1,6,13,50,69,C+
S18860,Sindhu Namboodiripad,Female,ME,2,Thermodynamics,75.8,6,22,47,75,B+
S18861,Elizabeth Dcosta,Female,CE,8,Structural Analysis,70.8,6,10,45,61,C
S18862,Lakshmi Thampuran,Female,CE,5,Structural Analysis,69.1,4,19,60,83,A
S18863,Imran Sultan,Male,CSE,7,Big Data Processing,66.1,8,14,37,59,D
S18864,Sujith Chandrasekharan,Male,CE,5,Geotechnical Engineering,79.3,7,23,42,72,B
S18865,Arjun Khurana,Male,ME,5,Machine Design,76.1,6,22,40,68,C+
S18866,Nithin Maliyakal,Male,CSE,1,Data Structures,73.2,7,30,33,70,B
S18867,Anagha Achari,Female,CE,7,Geotechnical Engineering,65.0,4,22,45,71,B
S18868,Sreelakshmi Marar,Female,ME,1,Manufacturing Technology,78.8,7,23,53,83,A
S18869,Sreekumar Vallikkat,Male,CSE,2,Software Engineering,59.9,5,13,58,76,B+
S18870,Dinesh Sethi,Male,CSE,6,Data Structures,63.2,10,17,60,87,A+
S18871,Jyothsna Narayanan,Female,ECE,6,Communication Systems,87.0,9,19,35,63,C
S18872,Aiswarya Sethi,Female,ME,2,Manufacturing Technology,88.6,4,21,51,76,B+
S18873,Dinesh Marar,Male,CE,4,Concrete Technology,63.0,6,13,60,79,B+
S18874,Sarath Trivedi,Male,CE,6,Structural Analysis,87.3,8,30,41,79,B+
S18875,Sreelakshmi Tiwari,Female,CSE,7,Operating Systems,66.0,9,22,57,88,A+
S18876,Unnikrishnan Thampi,Male,CSE,6,Computer Networks,61.3,7,19,60,86,A+
S18877,Sowmya Narayanan,Female,CE,6,Geotechnical Engineering,93.4,7,12,49,68,C+
S18878,Ramesh Bhaskaran,Male,CSE,3,Software Engineering,76.1,8,21,49,78,B+
S18879,Aravind Arora,Male,CE,3,Structural Analysis,89.6,5,17,38,60,C
S18880,Vignesh Prakash,Male,ME,3,Machine Design,88.2,7,23,41,71,B
S18881,Renjith Chauhan,Male,CSE,2,Computer Networks,56.2,10,27,48,85,A+
S18882,Neethu Namboothiri,Female,ME,6,Machine Design,96.5,8,10,42,60,C
S18883,Rasheeda Pathan,Female,ME,6,Manufacturing Technology,78.6,5,20,33,58,D
S18884,Rohan Panicker,Male,ECE,7,Digital Electronics,86.4,6,19,34,59,D
S18885,Unnikrishnan Radhakrishnan,Male,CSE,6,Computer Networks,84.5,7,20,46,73,B
S18886,Sowmya Pradeep,Female,CE,7,Geotechnical Engineering,96.3,7,27,30,64,C
S18887,Amrutha Ramesh,Female,CE,6,Concrete Technology,93.9,8,16,36,60,C
S18888,Biju Sivan,Male,ME,7,Thermodynamics,72.8,6,14,42,62,C
S18889,Anitha Dubey,Female,CSE,6,Data Structures,80.9,5,26,25,56,D
S18890,Sruthi Rajagopal,Female,ME,2,Manufacturing Technology,67.6,4,21,51,76,B+
S18891,Suhana Khan,Female,ECE,3,Microprocessors,94.6,7,24,32,63,C
S18892,Suhana Rafique,Female,CSE,4,Operating Systems,69.5,7,24,60,91,S
S18893,Dinesh Suresh,Male,CE,7,Structural Analysis,67.3,9,24,29,62,C
S18894,Unnikrishnan Unni,Male,CE,4,Geotechnical Engineering,59.0,7,24,47,78,B+
S18895,Balachandran Sasidharan,Male,CSE,7,DBMS,73.5,7,17,42,66,C+
S18896,Anand Raghavan,Male,ME,8,Strength of Materials,59.2,10,17,39,66,C+
S18897,Parvathy Joshi,Female,CE,8,Concrete Technology,65.0,10,10,39,59,D
S18898,Balachandran Chauhan,Male,ECE,2,Signals & Systems,70.6,4,30,49,83,A
S18899,Sanjay Radhakrishnan,Male,ECE,2,Digital Electronics,85.3,9,17,42,68,C+
S18900,Balachandran Dubey,Male,CSE,4,Computer Networks,75.8,10,27,57,94,S
S18901,Shamna Habeeb,Female,CE,1,Concrete Technology,87.4,7,26,38,71,B
S18902,Akhil Iyer,Male,CE,2,Structural Analysis,86.5,9,21,55,85,A+
S18903,Aparna Chowdhury,Female,ME,8,Machine Design,71.8,10,2,43,55,D
S18904,Sowmya Saxena,Female,CE,8,Concrete Technology,65.7,7,14,48,69,C+
S18905,Shahana Junaid,Female,ME,1,Fluid Mechanics,75.9,3,27,30,60,C
S18906,Balachandran Mishra,Male,ECE,6,Signals & Systems,55.3,8,22,35,65,C+
S18907,Priya Padmanabhan,Female,ME,8,Thermodynamics,61.2,6,20,33,59,D
S18908,Deepak Naidu,Male,CSE,3,Software Engineering,77.8,10,24,43,77,B+
S18909,Sujith Iyer,Male,CSE,4,Data Structures,84.1,10,22,22,54,P
S18910,Sindhu Gupta,Female,CE,8,Transportation Engineering,83.6,7,22,44,73,B
S18911,Biju Gopinathan,Male,CE,6,Concrete Technology,72.0,8,17,58,83,A
S18912,Nandana Mishra,Female,ME,7,Machine Design,86.1,7,24,28,59,D
S18913,Swathi Venugopal,Female,CSE,7,Computer Networks,79.2,8,12,32,52,P
S18914,Jasira Rawther,Female,ECE,7,VLSI Design,74.5,5,30,44,79,B+
S18915,Remya Choudhary,Female,CE,7,Transportation Engineering,77.1,5,20,41,66,C+
S18916,Radhika Chandra,Female,CSE,8,Computer Networks,82.3,7,22,47,76,B+
S18917,Madhu Ramakrishnan,Male,CE,7,Transportation Engineering,74.9,7,18,29,54,P
S18918,Swathi Sasidharan,Female,ME,2,Machine Design,70.8,8,24,54,86,A+
S18919,Vineetha Trivedi,Female,ECE,4,VLSI Design,80.0,6,18,47,71,B
S18920,Manu Govindan,Male,CSE,4,Big Data Processing,96.6,6,19,45,70,B
S18921,Akhil Namputhiri,Male,ECE,4,Communication Systems,73.7,7,23,42,72,B
S18922,Vineetha Vinod,Female,CSE,5,Operating Systems,68.6,9,14,48,71,B
S18923,Alan Vellappally,Male,CSE,6,Software Engineering,92.1,9,23,39,71,B
S18924,Jyothsna Chowdhury,Female,CSE,6,Operating Systems,94.7,10,12,60,82,A
S18925,Suresh Mahesh,Male,ME,4,Thermodynamics,87.5,7,20,54,81,A
S18926,Rizwana Haji,Female,CSE,2,Big Data Processing,74.0,6,11,32,49,F
S18927,Ramesh Narayanan,Male,CE,2,Structural Analysis,69.6,7,30,57,94,S
S18928,Rohan Srivastava,Male,ECE,6,Signals & Systems,76.1,6,21,21,48,F
S18929,Rahul Joshi,Male,CE,7,Geotechnical Engineering,85.7,9,22,60,91,S
S18930,Unnikrishnan Agarwal,Male,CSE,8,Operating Systems,63.7,10,25,38,73,B
S18931,Greeshma Chopra,Female,ME,2,Strength of Materials,73.0,7,21,41,69,C+
S18932,Haritha Sethi,Female,ECE,6,Communication Systems,87.7,5,28,45,78,B+
S18933,Aiswarya Kaimal,Female,ME,4,Manufacturing Technology,97.2,7,30,33,70,B
S18934,Sowmya Bhattathiri,Female,ME,6,Thermodynamics,85.0,7,30,36,73,B
S18935,Naushad Mansoor,Male,ME,4,Machine Design,76.5,9,14,34,57,D
S18936,Neethu Balan,Female,CSE,2,DBMS,74.6,9,26,40,75,B+
S18937,Bindu Unnithan,Female,CSE,3,DBMS,94.3,8,14,22,44,F
S18938,Aiswarya Chauhan,Female,CE,5,Geotechnical Engineering,70.0,7,27,40,74,B
S18939,Nandana Vasu,Female,ME,1,Manufacturing Technology,90.9,6,17,28,51,P
S18940,Sruthi Namboodiripad,Female,ME,7,Thermodynamics,67.0,7,24,48,79,B+
S18941,Bindu Gopalan,Female,ECE,2,Signals & Systems,84.2,5,12,16,33,F
S18942,Anu Padmanabhan,Female,CE,6,Transportation Engineering,78.2,8,15,33,56,D
S18943,Ayesha Muneer,Female,ME,1,Fluid Mechanics,66.3,7,22,20,49,F
S18944,Divya Gupta,Female,ME,2,Fluid Mechanics,56.8,4,22,22,48,F
S18945,Gokul Gopalan,Male,CE,6,Surveying,96.0,8,28,39,75,B+
S18946,Naushad Nazeer,Male,CSE,7,Software Engineering,79.6,7,19,43,69,C+
S18947,Resmi Varma,Female,CE,4,Structural Analysis,86.3,9,26,39,74,B
S18948,Radhika Panicker,Female,CSE,6,Software Engineering,100.0,4,30,47,81,A
S18949,Nithya Goel,Female,CSE,5,Data Structures,96.7,7,26,45,78,B+
S18950,Haritha Kapoor,Female,ECE,3,Communication Systems,84.6,8,25,40,73,B
S18951,Athira Pisharody,Female,ME,2,Machine Design,82.6,6,20,58,84,A
S18952,Sudheesh Mishra,Male,ECE,2,Signals & Systems,96.4,5,23,47,75,B+
S18953,Balachandran Kartha,Male,CE,2,Structural Analysis,87.2,8,23,47,78,B+
S18954,Manu Vinod,Male,ECE,1,VLSI Design,72.8,6,17,48,71,B
S18955,Sindhu Raman,Female,CSE,4,Computer Networks,82.4,7,18,53,78,B+
S18956,Sindhu Mohan,Female,ME,7,Thermodynamics,80.8,8,20,60,88,A+
S18957,Gayathri Das,Female,ECE,5,Signals & Systems,83.3,6,21,31,58,D
S18958,Prasanth Unnithan,Male,ME,3,Fluid Mechanics,84.9,9,15,36,60,C
S18959,Simna Siddiqui,Female,CSE,3,Software Engineering,78.7,6,15,60,81,A
S18960,Divya Agarwal,Female,ECE,3,Microprocessors,63.2,8,22,60,90,S
S18961,Meera Ashokan,Female,ME,3,Machine Design,78.9,7,23,38,68,C+
S18962,Haritha Saxena,Female,ME,7,Thermodynamics,86.9,8,30,51,89,A+
S18963,Madhu Namputhiri,Male,CE,6,Concrete Technology,100.0,7,16,17,40,F
S18964,Suresh Varma,Male,ECE,3,Microprocessors,90.2,8,27,49,84,A
S18965,Akhil Chopra,Male,ECE,7,Digital Electronics,89.8,7,19,33,59,D
S18966,Shilpa Goel,Female,CE,7,Surveying,71.7,7,14,47,68,C+
S18967,Amrutha Saxena,Female,ECE,1,Communication Systems,88.5,7,21,58,86,A+
S18968,Annmary Chacko,Female,CE,5,Transportation Engineering,88.0,10,26,51,87,A+
S18969,Aravind Kaimal,Male,ECE,8,Communication Systems,93.8,9,20,45,74,B
S18970,Adithya Malhotra,Male,CSE,3,Operating Systems,85.7,8,27,52,87,A+
S18971,Sruthi Chandra,Female,ECE,3,Microprocessors,99.0,9,11,44,64,C
S18972,Nithya Pandey,Female,ECE,1,Digital Electronics,55.4,5,25,43,73,B
S18973,Resmi Kunjunni,Female,ME,2,Thermodynamics,56.9,6,12,47,65,C+
S18974,Arjun Narayanan,Male,ECE,8,Signals & Systems,78.6,8,23,25,56,D
S18975,Remya Raj,Female,ECE,7,Communication Systems,66.4,6,22,57,85,A+
S18976,Anagha Nair,Female,CSE,2,Software Engineering,89.0,6,24,43,73,B
S18977,Neethu Dubey,Female,ECE,4,Microprocessors,76.3,6,16,38,60,C
S18978,Shamna Anwar,Female,ME,2,Fluid Mechanics,87.9,8,29,41,78,B+
S18979,Anna Vazhayil,Female,ECE,4,Signals & Systems,81.5,8,27,42,77,B+
S18980,Nandana Sivan,Female,CE,1,Surveying,87.3,9,18,23,50,P
S18981,Parvathy Unnithan,Female,CE,4,Structural Analysis,62.4,9,26,46,81,A
S18982,Akhil Sreekumar,Male,CE,6,Surveying,85.8,7,28,38,73,B
S18983,Vinod Reddy,Male,CE,2,Concrete Technology,54.8,6,20,35,61,C
S18984,Divya Sasidharan,Female,CSE,2,DBMS,74.7,5,23,43,71,B
S18985,Jithin Srivastava,Male,ME,5,Machine Design,79.5,6,26,50,82,A
S18986,Suresh Naidu,Male,CSE,8,Data Structures,88.6,7,22,40,69,C+
S18987,Biju Anilkumar,Male,CE,5,Surveying,79.2,10,19,42,71,B
S18988,Madhu Kunjunni,Male,ECE,1,Digital Electronics,60.5,8,26,37,71,B
S18989,Naila Hakkim,Female,ME,6,Machine Design,62.7,8,26,43,77,B+
S18990,Nithya Kohli,Female,CSE,4,Big Data Processing,73.3,6,20,49,75,B+
S18991,Aiswarya Sasidharan,Female,ME,4,Machine Design,73.2,9,12,51,72,B
S18992,Anish Thumpayil,Male,CSE,8,Operating Systems,77.6,7,22,60,89,A+
S18993,Balachandran Padmanabhan,Male,ECE,5,Communication Systems,83.3,7,24,40,71,B
S18994,Pradeep Madhavan,Male,ME,8,Strength of Materials,55.2,9,24,37,70,B
S18995,Meera Achari,Female,ME,4,Machine Design,83.1,6,27,56,89,A+
S18996,Ramesh Vijayan,Male,ME,5,Strength of Materials,75.3,8,28,55,91,S
S18997,Aiswarya Tiwari,Female,CE,8,Concrete Technology,72.6,8,20,42,70,B
S18998,Deepak Patel,Male,ECE,4,Digital Electronics,78.7,8,22,32,62,C
S18999,Manoj Chowdhury,Male,CE,7,Geotechnical Engineering,73.8,7,21,45,73,B
S19000,Soumya Ramakrishnan,Female,ECE,6,VLSI Design,70.2,6,23,37,66,C+
S19001,Ramesh Reddy,Male,CSE,7,Data Structures,83.2,7,24,60,91,S
S19002,Dinesh Raj,Male,ME,3,Strength of Materials,71.9,10,30,55,95,S
S19003,Vineetha Ramakrishnan,Female,CSE,2,Operating Systems,74.9,9,24,60,93,S
S19004,Sreejith Pillai,Male,ME,3,Thermodynamics,73.2,7,22,45,74,B
S19005,Sanjay Bhattathiri,Male,ECE,7,Digital Electronics,72.1,6,22,46,74,B
S19006,Akhil Poduval,Male,CSE,4,Software Engineering,55.4,7,30,44,81,A
S19007,Vishnu Reddy,Male,ME,5,Manufacturing Technology,85.0,7,20,48,75,B+
S19008,Sreelakshmi Solanki,Female,CSE,1,DBMS,81.7,6,12,49,67,C+
S19009,Rahul Namboodiripad,Male,ME,1,Thermodynamics,75.9,5,18,28,51,P
S19010,Aravind Unni,Male,ME,4,Strength of Materials,89.8,7,30,55,92,S
S19011,Sindhu Vinod,Female,ME,4,Machine Design,80.0,7,22,51,80,A
S19012,Bindu Goel,Female,ME,5,Machine Design,100.0,6,22,33,61,C
S19013,Priya Kurup,Female,ME,7,Thermodynamics,77.0,8,22,47,77,B+
S19014,Manoj Rajagopal,Male,CE,1,Transportation Engineering,76.4,9,19,56,84,A
S19015,Nikhil Ashokan,Male,ME,1,Manufacturing Technology,82.0,6,19,53,78,B+
S19016,Lakshmi Bhattathiri,Female,ME,5,Machine Design,100.0,7,30,41,78,B+
S19017,Ajay Gopinathan,Male,CSE,7,Operating Systems,70.6,7,21,35,63,C
S19018,Vijay Bhattathiri,Male,CE,8,Transportation Engineering,77.9,5,23,39,67,C+
S19019,Sujith Raman,Male,CSE,6,Software Engineering,66.2,8,20,25,53,P
S19020,Aravind Jayan,Male,CSE,4,DBMS,81.3,7,20,48,75,B+
S19021,Sreejith Chandra,Male,ECE,7,VLSI Design,100.0,5,20,23,48,F
S19022,Akhil Patel,Male,ECE,3,Microprocessors,89.7,7,26,35,68,C+
S19023,Devika Bhatt,Female,ME,2,Machine Design,86.1,6,24,27,57,D
S19024,Madhu Bhardwaj,Male,CSE,5,DBMS,76.9,6,20,49,75,B+
S19025,Divya Raman,Female,ME,5,Thermodynamics,60.5,6,18,48,72,B
S19026,Shahana Latif,Female,CSE,3,DBMS,79.5,6,11,50,67,C+
S19027,Sneha Vasudevan,Female,ME,6,Thermodynamics,88.1,9,26,60,95,S
S19028,Nithya Neelakandan,Female,CE,6,Transportation Engineering,76.3,6,22,48,76,B+
S19029,Shilpa Prasad,Female,ME,5,Manufacturing Technology,88.1,7,12,42,61,C
S19030,Aiswarya Vallikkat,Female,CE,4,Structural Analysis,88.2,9,23,60,92,S
S19031,Anjali Pillai,Female,ME,4,Machine Design,72.8,8,19,59,86,A+
S19032,Swathi Padmanabhan,Female,ME,6,Strength of Materials,78.8,8,20,37,65,C+
S19033,Lakshmi Chopra,Female,CSE,4,Computer Networks,81.4,8,18,21,47,F
S19034,Soumya Bansal,Female,ECE,5,Communication Systems,78.5,8,28,59,95,S
S19035,Sreejith Dubey,Male,ECE,2,Microprocessors,78.2,9,16,45,70,B
S19036,Sowmya Srivastava,Female,ECE,7,Signals & Systems,79.4,8,17,34,59,D
S19037,Rahul Kaimal,Male,ECE,4,Microprocessors,87.2,6,29,60,95,S
S19038,Aiswarya Rathore,Female,ECE,3,Communication Systems,78.9,5,21,60,86,A+
S19039,Jyothsna Balan,Female,ECE,1,Microprocessors,93.7,6,20,50,76,B+
S19040,Nandana Vijayan,Female,ME,7,Machine Design,70.5,7,29,35,71,B
S19041,Naila Malik,Female,ECE,6,VLSI Design,74.0,7,18,46,71,B
S19042,Renjith Bakshi,Male,CE,8,Transportation Engineering,76.1,6,30,52,88,A+
S19043,Sanjay Malhotra,Male,ME,4,Manufacturing Technology,80.8,6,16,14,36,F
S19044,Lakshmi Warrier,Female,CE,7,Geotechnical Engineering,67.0,8,21,46,75,B+
S19045,Sujith Balakrishnan,Male,CE,6,Transportation Engineering,68.3,6,20,39,65,C+
S19046,Sarath Suresh,Male,CSE,8,Data Structures,66.7,8,22,47,77,B+
S19047,Resmi Nair,Female,ECE,3,VLSI Design,80.5,7,12,36,55,D
S19048,Nazar Ismail,Male,ME,5,Thermodynamics,57.8,10,20,30,60,C
S19049,Gokul Dinesh,Male,ECE,5,Communication Systems,72.7,9,26,58,93,S
S19050,Arjun Chandran,Male,ECE,6,Signals & Systems,64.1,7,23,49,79,B+
S19051,Reshma Sreekumar,Female,CE,4,Surveying,74.5,9,21,43,73,B
S19052,Amrutha Bhardwaj,Female,CSE,4,DBMS,76.8,10,23,25,58,D
S19053,Sreekumar Chandran,Male,CSE,4,Big Data Processing,87.2,7,19,53,79,B+
S19054,Nikhil Poduval,Male,ECE,3,Digital Electronics,67.3,6,28,48,82,A
S19055,Vijay Pradeep,Male,ECE,5,Digital Electronics,75.6,10,19,54,83,A
S19056,Ayesha Marakkar,Female,CSE,1,Data Structures,83.2,6,21,27,54,P
S19057,Vineetha Bakshi,Female,CSE,7,DBMS,65.2,6,14,42,62,C
S19058,Devika Panicker,Female,CSE,7,Software Engineering,99.0,6,12,60,78,B+
S19059,Reshma Mishra,Female,CSE,4,Big Data Processing,89.6,7,17,46,70,B
S19060,Vinod Thampi,Male,CE,8,Geotechnical Engineering,100.0,4,24,60,88,A+
S19061,Sindhu Choudhary,Female,CE,5,Concrete Technology,82.4,8,25,50,83,A
S19062,Sherin Vadakkan,Female,ECE,4,VLSI Design,68.6,7,30,42,79,B+
S19063,Sruthi Patel,Female,ECE,8,VLSI Design,64.3,6,20,29,55,D
S19064,Manoj Vasudevan,Male,ME,5,Thermodynamics,77.2,6,24,39,69,C+
S19065,Ramesh Prasad,Male,ECE,8,Signals & Systems,71.3,5,21,56,82,A
S19066,Anoop Mahesh,Male,CSE,6,Operating Systems,81.4,5,23,30,58,D
S19067,Biju Krishnan,Male,CE,1,Structural Analysis,86.3,8,11,32,51,P
S19068,Vignesh Venugopal,Male,ECE,8,Digital Electronics,77.1,8,25,39,72,B
S19069,Vivek Sasidharan,Male,CE,8,Geotechnical Engineering,100.0,10,15,57,82,A
S19070,Radhika Chauhan,Female,CSE,4,Data Structures,87.4,8,13,10,31,F
S19071,Vidya Sankar,Female,CSE,1,Computer Networks,70.2,5,24,51,80,A
S19072,Dinesh Bhatt,Male,ECE,4,Communication Systems,70.2,5,27,48,80,A
S19073,Sruthi Rao,Female,CSE,8,Big Data Processing,66.9,7,28,49,84,A
S19074,Sudheesh Prakash,Male,ME,4,Machine Design,86.2,6,25,51,82,A
S19075,Anand Shukla,Male,CSE,4,DBMS,96.2,8,16,42,66,C+
S19076,Sanjay Sudhakaran,Male,CE,1,Surveying,79.9,8,13,38,59,D
S19077,Swathi Kumar,Female,CSE,2,DBMS,100.0,7,20,43,70,B
S19078,Divya Chandra,Female,ME,5,Strength of Materials,95.6,7,30,60,97,S
S19079,Vineetha Raj,Female,ECE,3,Communication Systems,67.2,7,19,30,56,D
S19080,Karthik Govindan,Male,CSE,5,Big Data Processing,92.8,7,19,60,86,A+
S19081,Rahul Sivan,Male,ME,8,Manufacturing Technology,79.8,6,19,22,47,F
S19082,Rohan Bakshi,Male,CE,7,Geotechnical Engineering,69.1,7,28,42,77,B+
S19083,Gayathri Trivedi,Female,CE,6,Surveying,100.0,7,22,47,76,B+
S19084,Manu Chowdhury,Male,CE,5,Surveying,80.7,10,23,51,84,A
S19085,Rahul Choudhary,Male,CSE,2,Operating Systems,73.8,6,28,39,73,B
S19086,Athulya Goel,Female,ECE,1,Signals & Systems,69.3,10,21,37,68,C+
S19087,Sneha Ramesh,Female,ECE,4,Digital Electronics,64.4,4,22,60,86,A+
S19088,Adithya Mahesh,Male,CSE,1,Operating Systems,81.7,7,23,46,76,B+
S19089,Akhil Pradeep,Male,ECE,5,VLSI Design,90.1,7,13,50,70,B
S19090,Unnikrishnan Marar,Male,ECE,4,Microprocessors,80.8,7,20,60,87,A+
S19091,Reshma Gupta,Female,CE,4,Surveying,70.6,8,23,48,79,B+
S19092,Gayathri Balakrishnan,Female,CSE,3,Software Engineering,72.0,6,21,52,79,B+
S19093,Aravind Tiwari,Male,CE,2,Surveying,85.0,4,18,59,81,A
S19094,Vineetha Sivan,Female,CSE,5,Operating Systems,100.0,6,18,41,65,C+
S19095,Swathi Rajagopal,Female,ECE,6,Digital Electronics,57.8,6,17,55,78,B+
S19096,Vidya Gopinathan,Female,ECE,3,Signals & Systems,83.4,7,30,42,79,B+
S19097,Soumya Sivan,Female,ME,6,Manufacturing Technology,67.5,7,20,54,81,A
S19098,Rajesh Dinesh,Male,CE,7,Transportation Engineering,78.2,5,17,60,82,A
S19099,Jaseem Shukoor,Male,CE,6,Surveying,77.0,6,21,58,85,A+
S19100,Akhil Prasad,Male,CE,2,Surveying,80.4,9,13,59,81,A
S19101,Suhail Kunju,Male,ECE,3,Digital Electronics,87.0,8,24,43,75,B+
S19102,Divya Namboothiri,Female,ECE,8,Digital Electronics,71.5,3,30,59,92,S
S19103,Akhil Achari,Male,ME,8,Fluid Mechanics,97.2,6,21,54,81,A
S19104,Divya Pradeep,Female,ECE,1,Microprocessors,73.0,9,22,60,91,S
S19105,Sreejith Prakash,Male,ME,5,Fluid Mechanics,59.6,7,18,22,47,F
S19106,Remya Chauhan,Female,CSE,1,Big Data Processing,87.8,8,15,28,51,P
S19107,Pradeep Dubey,Male,CSE,3,Computer Networks,89.7,6,17,42,65,C+
S19108,Biju Unnithan,Male,ECE,1,Communication Systems,91.6,7,10,43,60,C
S19109,Nithya Unnithan,Female,CSE,4,Data Structures,82.7,9,15,37,61,C
S19110,Devika Pisharody,Female,CE,1,Structural Analysis,68.3,6,16,29,51,P
S19111,Dinesh Chandran,Male,ME,1,Manufacturing Technology,71.0,8,19,58,85,A+
S19112,Sarath Raman,Male,CSE,3,Software Engineering,100.0,7,18,42,67,C+
S19113,Vineetha Pradeep,Female,CSE,8,Computer Networks,72.6,7,24,31,62,C
S19114,Suresh Ramakrishnan,Male,CE,2,Concrete Technology,97.9,7,30,45,82,A
S19115,Anu Madhavan,Female,CSE,2,Computer Networks,84.2,8,13,48,69,C+
S19116,Jasmin Hameed,Female,CSE,2,Data Structures,76.3,6,20,60,86,A+
S19117,Athulya Krishnan,Female,ECE,5,Signals & Systems,76.8,7,20,47,74,B
S19118,Aparna Warrier,Female,ECE,3,Microprocessors,91.8,4,30,34,68,C+
S19119,Reshma Chandrasekharan,Female,ECE,3,Microprocessors,80.9,4,25,44,73,B
S19120,Anoop Naidu,Male,CSE,2,Big Data Processing,73.8,7,18,38,63,C
S19121,Manu Prasad,Male,ECE,3,Digital Electronics,79.5,7,30,40,77,B+
S19122,Nazia Haneef,Female,ECE,4,Microprocessors,94.8,6,23,51,80,A
S19123,Sruthi Radhakrishnan,Female,CSE,7,DBMS,65.8,7,25,35,67,C+
S19124,Sarath Das,Male,ECE,8,Signals & Systems,75.8,6,12,38,56,D
S19125,Ajay Rathore,Male,CSE,7,Computer Networks,77.6,6,28,29,63,C
S19126,Rasheeda Sheikh,Female,CSE,4,Operating Systems,83.1,6,21,58,85,A+
S19127,Jyothsna Naidu,Female,CSE,8,DBMS,67.3,10,20,56,86,A+
S19128,Anjali Gupta,Female,ECE,3,Digital Electronics,59.4,10,17,36,63,C
S19129,Nimisha Sreekumar,Female,ME,5,Manufacturing Technology,67.1,9,24,38,71,B
S19130,Suresh Govindan,Male,ECE,7,Microprocessors,81.0,5,15,21,41,F
S19131,Pradeep Narayanan,Male,ME,7,Machine Design,65.2,7,22,45,74,B
S19132,Neenu Karippacheril,Female,ECE,7,Communication Systems,71.1,9,29,22,60,C
S19133,Neethu Namboodiripad,Female,CSE,4,Software Engineering,82.1,9,17,43,69,C+
S19134,Lakshmi Rajagopal,Female,ECE,6,Communication Systems,90.2,6,18,53,77,B+
S19135,Rajesh Chandran,Male,CE,5,Concrete Technology,48.3,8,22,59,89,A+
S19136,Manu Kumar,Male,CSE,6,Computer Networks,60.3,4,12,51,67,C+
S19137,Vineetha Mishra,Female,ECE,3,Digital Electronics,92.0,5,25,25,55,D
S19138,Greeshma Arora,Female,CE,5,Concrete Technology,91.0,8,23,51,82,A
S19139,Vignesh Raj,Male,ECE,4,Communication Systems,88.2,9,23,25,57,D
S19140,Shilpa Vinod,Female,CSE,4,Computer Networks,55.9,6,15,46,67,C+
S19141,Sanjay Sasidharan,Male,CE,4,Concrete Technology,79.9,7,19,55,81,A
S19142,Irfan Naeem,Male,CE,6,Structural Analysis,92.6,8,22,48,78,B+
S19143,Vijay Mohan,Male,CSE,3,DBMS,76.5,6,30,45,81,A
S19144,Deepak Kutty,Male,ME,1,Fluid Mechanics,76.2,8,18,45,71,B
S19145,Balachandran Chandrasekharan,Male,ME,1,Machine Design,74.0,7,21,49,77,B+
S19146,Rahul Warrier,Male,ME,2,Manufacturing Technology,70.0,6,19,49,74,B
S19147,Athira Thampuran,Female,CSE,5,Software Engineering,73.9,5,20,43,68,C+
S19148,Aswathy Gopalan,Female,CE,2,Geotechnical Engineering,65.6,6,23,44,73,B
S19149,Nithya Namputhiri,Female,CSE,3,Computer Networks,63.1,7,23,60,90,S
S19150,Nandakumar Chowdhury,Male,CE,3,Structural Analysis,88.8,8,19,38,65,C+
S19151,Vidya Panicker,Female,ECE,5,Digital Electronics,80.2,7,21,30,58,D
S19152,Vineetha Naidu,Female,ECE,3,Communication Systems,64.2,9,17,42,68,C+
S19153,Amrutha Ramakrishnan,Female,ECE,3,Digital Electronics,67.9,8,22,36,66,C+
S19154,Soumya Kapoor,Female,CSE,2,Data Structures,89.6,8,24,49,81,A
S19155,Vishnu Madhavan,Male,CSE,8,Data Structures,51.8,8,20,52,80,A
S19156,Amrutha Sharma,Female,CSE,1,DBMS,96.6,8,10,37,55,D
S19157,Vinod Malhotra,Male,ME,1,Machine Design,79.0,6,28,47,81,A
S19158,Manu Yadav,Male,ECE,4,Signals & Systems,81.2,8,16,45,69,C+
S19159,Madhu Yadav,Male,CSE,1,DBMS,80.1,7,23,53,83,A
S19160,Greeshma Ramesh,Female,CSE,4,Computer Networks,64.8,9,28,60,97,S
S19161,Priya Prakash,Female,CE,1,Transportation Engineering,70.8,7,26,39,72,B
S19162,Anand Rajan,Male,CE,5,Concrete Technology,74.6,6,19,55,80,A
S19163,Rohan Kapoor,Male,CSE,7,Big Data Processing,69.9,4,13,50,67,C+
S19164,Greeshma Raj,Female,CE,5,Surveying,82.8,8,18,45,71,B
S19165,Jyothsna Sankar,Female,ME,2,Machine Design,84.0,4,16,27,47,F
S19166,Arjun Chandrasekharan,Male,CE,5,Surveying,100.0,8,24,34,66,C+
S19167,Vinod Pisharody,Male,ME,2,Machine Design,78.4,7,13,60,80,A
S19168,Vivek Verma,Male,CSE,4,Computer Networks,77.3,8,28,44,80,A
S19169,Rahul Kunjunni,Male,ECE,7,VLSI Design,41.8,9,30,25,64,C
S19170,Naveen Suresh,Male,CSE,5,Computer Networks,74.8,7,13,59,79,B+
S19171,Athira Manoharan,Female,CSE,6,Software Engineering,91.8,5,20,52,77,B+
S19172,Neethu Vallikkat,Female,CSE,7,Data Structures,73.2,7,20,39,66,C+
S19173,Imran Anwar,Male,ME,7,Manufacturing Technology,92.1,5,15,44,64,C
S19174,Resmi Rao,Female,CSE,6,Computer Networks,70.9,10,27,41,78,B+
S19175,Nasreen Sadiq,Female,CSE,7,Big Data Processing,80.2,10,18,37,65,C+
S19176,Bindu Jayan,Female,CE,7,Surveying,84.8,7,23,41,71,B
S19177,Jyothsna Rao,Female,CE,4,Structural Analysis,86.7,4,30,50,84,A
S19178,Sruthi Krishnan,Female,ME,8,Fluid Mechanics,90.2,9,23,54,86,A+
S19179,Anagha Reddy,Female,ME,3,Machine Design,69.8,6,21,43,70,B
S19180,Gokul Govindan,Male,ME,1,Manufacturing Technology,66.4,9,21,40,70,B
S19181,Arjun Vinod,Male,CE,4,Structural Analysis,59.1,6,12,40,58,D
S19182,Sanjay Nair,Male,CSE,2,Software Engineering,73.4,7,27,39,73,B
S19183,Soumya Sathyan,Female,CE,1,Transportation Engineering,76.6,10,26,48,84,A
S19184,Nimisha Joshi,Female,ME,5,Machine Design,83.2,7,18,46,71,B
S19185,Priya Rathore,Female,CE,8,Concrete Technology,70.1,7,14,46,67,C+
S19186,Athulya Poduval,Female,ECE,7,Communication Systems,76.3,9,28,35,72,B
S19187,Greeshma Agrawal,Female,CSE,8,DBMS,55.3,7,27,56,90,S
S19188,Anand Nair,Male,ME,4,Thermodynamics,83.7,6,16,58,80,A
S19189,Sruthi Anandan,Female,CE,4,Geotechnical Engineering,96.0,5,14,60,79,B+
S19190,Meera Radhakrishnan,Female,CSE,6,DBMS,87.8,10,24,60,94,S
S19191,Prasanth Iyer,Male,ME,3,Strength of Materials,91.9,6,16,41,63,C
S19192,Ramesh Trivedi,Male,ECE,6,Microprocessors,93.7,5,17,59,81,A
S19193,Vineetha Bhaskaran,Female,ECE,1,Digital Electronics,96.9,8,28,57,93,S
S19194,Sujith Achari,Male,CSE,3,Operating Systems,81.0,7,27,28,62,C
S19195,Neethu Sathyan,Female,CSE,7,Data Structures,79.1,9,21,23,53,P
S19196,Soumya Solanki,Female,CSE,2,Software Engineering,88.1,6,22,32,60,C
S19197,Sreekumar Das,Male,CSE,6,Data Structures,83.3,6,16,26,48,F
S19198,Aleena Aikara,Female,ECE,4,Digital Electronics,82.2,7,17,31,55,D
S19199,Lakshmi Gopinathan,Female,CE,7,Surveying,75.3,8,19,40,67,C+
S19200,Anu Sreedharan,Female,CE,2,Structural Analysis,52.4,6,16,58,80,A
S19201,Aiswarya Kartha,Female,ECE,8,VLSI Design,69.5,9,17,60,86,A+
S19202,Rahul Solanki,Male,CSE,7,DBMS,95.7,6,29,36,71,B
S19203,Greeshma Sudhakaran,Female,CSE,3,Operating Systems,72.3,8,19,34,61,C
S19204,Dinesh Prasad,Male,CSE,8,Data Structures,83.9,6,24,39,69,C+
S19205,Sreekumar Radhakrishnan,Male,ECE,1,VLSI Design,100.0,9,22,20,51,P
S19206,Rafeeqa Jabbar,Female,ME,1,Machine Design,92.8,6,12,49,67,C+
S19207,Shilpa Tiwari,Female,CE,2,Geotechnical Engineering,77.7,9,23,46,78,B+
S19208,Athulya Warrier,Female,ME,2,Thermodynamics,93.9,7,23,28,58,D
S19209,Jismy Kuriakose,Female,ME,1,Strength of Materials,58.3,5,17,48,70,B
S19210,Soumya Khurana,Female,ME,2,Machine Design,78.1,7,25,33,65,C+
S19211,Unnikrishnan Desai,Male,ME,5,Manufacturing Technology,89.7,7,30,26,63,C
S19212,Lakshmi Sinha,Female,CE,4,Structural Analysis,100.0,8,21,60,89,A+
S19213,Rahul Padmanabhan,Male,CSE,7,Operating Systems,84.0,6,29,40,75,B+
S19214,Naushad Mirza,Male,ME,3,Fluid Mechanics,65.0,9,18,54,81,A
S19215,Balachandran Raj,Male,CSE,7,Big Data Processing,77.8,7,19,45,71,B
S19216,Dinesh Jayan,Male,ME,1,Fluid Mechanics,67.9,7,26,34,67,C+
S19217,Sreekumar Krishnankutty,Male,CSE,6,Software Engineering,78.2,6,15,49,70,B
S19218,Amrutha Reddy,Female,CSE,6,Data Structures,100.0,7,20,57,84,A
S19219,Anoop Raghavan,Male,ECE,2,Microprocessors,77.0,7,19,35,61,C
S19220,Imran Salam,Male,CSE,7,DBMS,77.5,6,20,60,86,A+
S19221,Anand Kartha,Male,ME,8,Manufacturing Technology,67.8,7,18,27,52,P
S19222,Deepthi Sivan,Female,CSE,1,Software Engineering,100.0,6,20,33,59,D
S19223,Rajesh Yadav,Male,ME,6,Thermodynamics,100.0,6,25,50,81,A
S19224,Sudheesh Krishnan,Male,CSE,6,Big Data Processing,78.9,8,14,53,75,B+
S19225,Sreelakshmi Vasudevan,Female,ME,3,Strength of Materials,79.3,10,23,36,69,C+
S19226,Athira Suresh,Female,CSE,4,Big Data Processing,77.9,8,20,42,70,B
S19227,Vinod Agarwal,Male,ECE,6,Communication Systems,68.3,4,30,60,94,S
S19228,Sreekumar Sethi,Male,ECE,4,Digital Electronics,76.5,7,30,52,89,A+
S19229,Neethu Vijayan,Female,ME,8,Fluid Mechanics,84.6,6,16,49,71,B
S19230,Deepak Khurana,Male,ECE,1,Signals & Systems,60.3,8,28,30,66,C+
S19231,Suresh Thampi,Male,ME,7,Thermodynamics,68.0,4,27,34,65,C+
S19232,Ashraf Rauf,Male,CE,5,Geotechnical Engineering,77.0,9,25,44,78,B+
S19233,Adithya Varma,Male,CSE,2,DBMS,74.7,7,16,47,70,B
S19234,Jerin Samuel,Male,CSE,7,Computer Networks,92.9,7,20,60,87,A+
S19235,Nandana Bhalla,Female,CSE,6,DBMS,100.0,6,27,48,81,A
S19236,Sreejith Arora,Male,CE,5,Structural Analysis,85.1,5,24,43,72,B
S19237,Prasanth Bhattathiri,Male,CSE,1,Computer Networks,75.7,7,16,54,77,B+
S19238,Sudheesh Chopra,Male,CE,4,Transportation Engineering,74.1,5,26,31,62,C
S19239,Sudheesh Radhakrishnan,Male,CSE,8,Software Engineering,90.7,8,19,9,36,F
S19240,Deepthi Menon,Female,CE,6,Transportation Engineering,63.6,5,21,60,86,A+
S19241,Gokul Shukla,Male,ECE,5,Signals & Systems,71.6,7,24,31,62,C
S19242,Anumol Cherian,Female,ME,5,Manufacturing Technology,86.3,8,26,36,70,B
S19243,Renjith Sathyan,Male,ME,7,Fluid Mechanics,78.5,9,12,35,56,D
S19244,Amrutha Naidu,Female,ME,4,Thermodynamics,76.9,8,23,44,75,B+
S19245,Athulya Achari,Female,ME,8,Thermodynamics,79.3,5,21,30,56,D
S19246,Amrutha Krishnankutty,Female,ME,3,Manufacturing Technology,62.1,9,26,21,56,D
S19247,Vignesh Ramakrishnan,Male,ME,5,Fluid Mechanics,72.8,6,18,25,49,F
S19248,Madhu Panicker,Male,CSE,2,Computer Networks,81.2,7,21,44,72,B
S19249,Prasanth Balan,Male,CSE,6,Big Data Processing,72.0,10,15,52,77,B+
S19250,Jyothsna Reddy,Female,CSE,1,DBMS,90.7,7,26,35,68,C+
S19251,Aravind Achari,Male,ME,4,Strength of Materials,82.0,6,21,53,80,A
S19252,Jincy Thumpayil,Female,ME,5,Machine Design,70.1,7,23,32,62,C
S19253,Haritha Sivan,Female,CSE,6,DBMS,74.0,9,14,31,54,P
S19254,Shilpa Manoharan,Female,ME,3,Thermodynamics,56.5,6,17,35,58,D
S19255,Athira Rajan,Female,ECE,8,Communication Systems,100.0,6,20,30,56,D
S19256,Lakshmi Raghavan,Female,CSE,3,Computer Networks,57.1,7,30,36,73,B
S19257,Rency Lobo,Female,CE,7,Structural Analysis,99.2,9,23,52,84,A
S19258,Sreelakshmi Sharma,Female,ME,2,Manufacturing Technology,73.5,6,21,41,68,C+
S19259,Anjali Gopinathan,Female,ECE,6,Microprocessors,62.9,8,23,60,91,S
S19260,Sruthi Trivedi,Female,CSE,1,Computer Networks,53.6,4,23,49,76,B+
S19261,Amrutha Jayan,Female,ME,4,Fluid Mechanics,100.0,7,27,58,92,S
S19262,Soumya Chandra,Female,CE,1,Transportation Engineering,63.2,7,19,60,86,A+
S19263,Sreejith Chauhan,Male,ME,6,Thermodynamics,45.4,8,23,51,82,A
S19264,Devika Pillai,Female,CE,8,Geotechnical Engineering,94.3,8,13,41,62,C
S19265,Suresh Kohli,Male,ECE,1,Digital Electronics,80.5,9,13,45,67,C+
S19266,Aswathy Rajagopal,Female,ME,3,Strength of Materials,58.2,10,24,45,79,B+
S19267,Deepak Malhotra,Male,CE,4,Geotechnical Engineering,84.5,2,15,49,66,C+
S19268,Manu Saxena,Male,ME,5,Manufacturing Technology,83.9,10,30,42,82,A
S19269,Nazar Sirajudheen,Male,ME,6,Thermodynamics,79.6,7,22,40,69,C+
S19270,Jithin Agrawal,Male,ECE,5,Digital Electronics,72.4,5,15,41,61,C
S19271,Vinod Sivan,Male,CE,3,Surveying,99.1,10,19,60,89,A+
S19272,Divya Manoharan,Female,ME,8,Thermodynamics,78.8,7,17,41,65,C+
S19273,Ayesha Sha,Female,ME,4,Machine Design,92.6,10,19,42,71,B
S19274,Nadhira Jaleel,Female,ME,7,Thermodynamics,80.4,5,20,48,73,B
S19275,Deepthi Malhotra,Female,ECE,8,VLSI Design,100.0,5,28,52,85,A+
S19276,Athulya Malhotra,Female,ME,6,Strength of Materials,69.8,7,30,31,68,C+
S19277,Sneha Sivan,Female,CSE,7,Computer Networks,81.3,9,30,41,80,A
S19278,Faisal Nazeer,Male,CE,7,Surveying,86.7,7,23,37,67,C+
S19279,Amrutha Pillai,Female,ECE,8,Microprocessors,88.1,7,25,37,69,C+
S19280,Sujith Govindan,Male,ME,1,Fluid Mechanics,94.3,5,6,50,61,C
S19281,Swathi Rajan,Female,ECE,2,Signals & Systems,74.3,9,18,36,63,C
S19282,Shilpa Achari,Female,CE,4,Transportation Engineering,67.2,7,21,36,64,C
S19283,Manu Namboodiripad,Male,ME,5,Manufacturing Technology,66.8,5,23,44,72,B
S19284,Sowmya Menon,Female,ME,4,Machine Design,86.4,9,18,49,76,B+
S19285,Jyothsna Gopinathan,Female,ME,7,Fluid Mechanics,64.7,8,30,47,85,A+
S19286,Sinan Riyas,Male,CE,1,Geotechnical Engineering,51.9,6,22,31,59,D
S19287,Sneha Namputhiri,Female,CSE,6,Operating Systems,98.1,9,30,47,86,A+
S19288,Swathi Dubey,Female,ME,5,Thermodynamics,94.9,8,20,34,62,C
S19289,Remya Sreekumar,Female,ME,1,Thermodynamics,85.5,6,20,53,79,B+
S19290,Pradeep Chandran,Male,ECE,6,Microprocessors,80.7,6,18,38,62,C
S19291,Anagha Vasudevan,Female,CE,7,Structural Analysis,72.3,8,21,37,66,C+
S19292,Deepthi Pillai,Female,ECE,7,VLSI Design,82.9,8,23,29,60,C
S19293,Gokul Desai,Male,CE,4,Geotechnical Engineering,85.5,5,20,36,61,C
S19294,Anitha Prasad,Female,ME,5,Manufacturing Technology,95.3,5,29,12,46,F
S19295,Anitha Raman,Female,ME,5,Thermodynamics,64.9,6,22,40,68,C+
S19296,Divya Naidu,Female,CE,8,Geotechnical Engineering,93.2,5,13,46,64,C
S19297,Aswathy Patel,Female,CE,3,Transportation Engineering,83.6,6,27,35,68,C+
S19298,Aravind Nambiar,Male,ME,5,Manufacturing Technology,87.3,10,16,43,69,C+
S19299,Resmi Unni,Female,CSE,8,Computer Networks,72.9,5,28,54,87,A+
S19300,Sruthi Kurup,Female,CE,5,Transportation Engineering,74.0,6,14,47,67,C+
S19301,Biju Pisharody,Male,CE,1,Concrete Technology,66.2,4,24,37,65,C+
S19302,Anand Sathyan,Male,ME,6,Machine Design,93.9,6,17,39,62,C
S19303,Vidya Pradeep,Female,CE,8,Concrete Technology,59.8,4,22,60,86,A+
S19304,Rahul Raghavan,Male,CSE,2,Computer Networks,89.7,7,21,34,62,C
S19305,Nasreen Naeem,Female,ECE,3,Signals & Systems,69.4,6,26,35,67,C+
S19306,Jyothsna Bhalla,Female,ECE,5,VLSI Design,72.2,6,19,46,71,B
S19307,Balachandran Bansal,Male,ECE,2,Signals & Systems,76.5,5,23,48,76,B+
S19308,Bindu Agrawal,Female,CSE,8,Data Structures,74.7,8,20,37,65,C+
S19309,Biju Varma,Male,CSE,7,Big Data Processing,73.1,10,17,46,73,B
S19310,Anjali Joshi,Female,CSE,7,Operating Systems,54.1,4,23,42,69,C+
S19311,Aravind Radhakrishnan,Male,ME,5,Strength of Materials,81.8,8,25,52,85,A+
S19312,Adithya Jayan,Male,ECE,8,Communication Systems,49.4,8,24,51,83,A
S19313,Aby Vellappally,Male,CE,7,Geotechnical Engineering,69.2,8,22,36,66,C+
S19314,Reshma Krishnan,Female,ECE,3,VLSI Design,66.0,8,23,45,76,B+
S19315,Arjun Saxena,Male,ME,5,Manufacturing Technology,50.8,9,25,20,54,P
S19316,Anu Varma,Female,ECE,5,Communication Systems,78.4,6,22,42,70,B
S19317,Reshma Thampi,Female,ME,1,Machine Design,92.9,7,28,52,87,A+
S19318,Remya Kutty,Female,CSE,6,DBMS,91.2,7,20,35,62,C
S19319,Bindu Dinesh,Female,CE,8,Geotechnical Engineering,78.4,10,17,60,87,A+
S19320,Nithya Suresh,Female,ECE,3,Microprocessors,73.4,4,28,40,72,B
S19321,Karthik Agrawal,Male,ME,6,Manufacturing Technology,82.0,8,17,33,58,D
S19322,Shahana Marakkar,Female,CE,1,Geotechnical Engineering,78.8,8,19,49,76,B+
S19323,Manoj Kutty,Male,CE,6,Concrete Technology,62.1,8,28,27,63,C
S19324,Manoj Krishnan,Male,CSE,8,Big Data Processing,78.3,9,30,52,91,S
S19325,Nadhira Farooqui,Female,ME,8,Manufacturing Technology,70.3,9,22,27,58,D
S19326,Vinod Unni,Male,CE,5,Surveying,87.7,9,27,45,81,A
S19327,Vijay Rajendran,Male,ECE,8,Communication Systems,100.0,6,24,39,69,C+
S19328,Rajesh Naidu,Male,ECE,2,Signals & Systems,87.9,5,21,42,68,C+
S19329,Anand Kaimal,Male,CE,1,Transportation Engineering,75.4,5,11,43,59,D
S19330,Priya Radhakrishnan,Female,CSE,7,Big Data Processing,93.0,7,26,48,81,A
S19331,Jyothsna Malhotra,Female,ME,4,Fluid Mechanics,72.4,7,20,32,59,D
S19332,Shilpa Desai,Female,CSE,4,Big Data Processing,61.6,7,20,54,81,A
S19333,Athulya Vinod,Female,ECE,5,Communication Systems,72.7,5,14,41,60,C
S19334,Nandana Bhaskaran,Female,CSE,6,Computer Networks,76.0,6,19,57,82,A
S19335,Radhika Rathore,Female,ECE,1,Digital Electronics,84.0,9,20,50,79,B+
S19336,Anitha Chowdhury,Female,CSE,7,DBMS,94.9,4,30,38,72,B
S19337,Vineetha Jayan,Female,ECE,4,Communication Systems,77.8,9,23,43,75,B+
S19338,Sudheesh Gopinathan,Male,CE,3,Surveying,73.7,9,27,27,63,C
S19339,Anu Anandan,Female,CE,1,Transportation Engineering,72.7,6,24,45,75,B+
S19340,Devika Menon,Female,CSE,2,Computer Networks,70.7,6,22,28,56,D
S19341,Suhana Kabeer,Female,ME,6,Strength of Materials,75.9,4,23,32,59,D
S19342,Swathi Raj,Female,CSE,1,Operating Systems,76.8,7,24,44,75,B+
S19343,Vijay Sudhakaran,Male,ECE,6,VLSI Design,73.5,9,21,39,69,C+
S19344,Manoj Agrawal,Male,ME,4,Thermodynamics,56.4,7,19,26,52,P
S19345,Amrutha Bansal,Female,CE,6,Structural Analysis,71.0,7,18,43,68,C+
S19346,Sanjay Nambiar,Male,CSE,6,Big Data Processing,83.6,10,20,49,79,B+
S19347,Nandana Tiwari,Female,CE,5,Structural Analysis,73.7,7,8,60,75,B+
S19348,Soumya Raj,Female,ME,1,Strength of Materials,84.0,10,22,42,74,B
S19349,Vishnu Sharma,Male,CE,5,Concrete Technology,77.5,6,23,58,87,A+
S19350,Athulya Gupta,Female,ME,6,Fluid Mechanics,66.7,6,23,31,60,C
S19351,Bindu Balan,Female,CE,3,Surveying,79.9,7,25,51,83,A
S19352,Simna Kabir,Female,CE,3,Geotechnical Engineering,65.8,6,17,47,70,B
S19353,Sruthi Panicker,Female,CSE,6,DBMS,71.7,8,30,35,73,B
S19354,Anitha Madhavan,Female,ME,6,Machine Design,80.7,9,25,36,70,B
S19355,Sruthi Ramakrishnan,Female,CE,1,Surveying,83.4,7,21,57,85,A+
S19356,Annmary Rodrigues,Female,CE,1,Transportation Engineering,88.0,10,25,35,70,B
S19357,Renjith Vasudevan,Male,ME,7,Thermodynamics,63.5,6,17,47,70,B
S19358,Ramesh Neelakandan,Male,CSE,2,Big Data Processing,90.8,8,23,46,77,B+
S19359,Karthik Mishra,Male,ECE,2,Digital Electronics,67.5,6,14,50,70,B
S19360,Parvathy Anilkumar,Female,CE,1,Surveying,82.6,9,28,26,63,C
S19361,Vignesh Tiwari,Male,CE,6,Transportation Engineering,89.7,7,30,36,73,B
S19362,Naveen Poduval,Male,CE,1,Concrete Technology,85.7,7,19,42,68,C+
S19363,Vishnu Naidu,Male,ME,8,Machine Design,67.5,5,23,43,71,B
S19364,Riyas Haji,Male,ME,3,Machine Design,79.3,8,24,57,89,A+
S19365,Arjun Sankar,Male,ME,1,Machine Design,79.8,8,25,60,93,S
S19366,Rohan Balakrishnan,Male,ME,1,Fluid Mechanics,70.8,8,13,57,78,B+
S19367,Vivek Govindan,Male,ECE,1,Communication Systems,90.3,8,15,39,62,C
S19368,Sujith Krishnan,Male,CSE,2,Big Data Processing,91.9,7,20,52,79,B+
S19369,Athulya Kunjunni,Female,CSE,3,Big Data Processing,81.8,8,23,43,74,B
S19370,Alan Braganza,Male,CSE,2,Data Structures,78.8,10,19,53,82,A
S19371,Sowmya Vasu,Female,CSE,3,Operating Systems,82.2,6,30,56,92,S
S19372,Arjun Dinesh,Male,ME,8,Machine Design,76.9,10,22,52,84,A
S19373,Biju Thampuran,Male,ME,8,Thermodynamics,92.7,6,26,46,78,B+
S19374,Renjith Bansal,Male,ECE,8,Signals & Systems,68.5,7,13,48,68,C+
S19375,Vivek Raghavan,Male,CSE,5,Software Engineering,100.0,8,23,29,60,C
S19376,Vivek Bakshi,Male,ECE,3,Signals & Systems,74.9,8,23,56,87,A+
S19377,Riyas Salam,Male,ECE,5,Communication Systems,78.7,5,22,43,70,B
S19378,Unnikrishnan Varma,Male,ME,7,Machine Design,74.1,8,23,51,82,A
S19379,Parvathy Pradeep,Female,ME,2,Machine Design,62.9,8,24,37,69,C+
S19380,Vinod Thampuran,Male,ME,6,Thermodynamics,71.4,6,19,53,78,B+
S19381,Arjun Sharma,Male,ME,5,Machine Design,76.4,6,26,32,64,C
S19382,Vishnu Joshi,Male,ME,3,Fluid Mechanics,71.2,5,22,43,70,B
S19383,Aiswarya Unnithan,Female,CSE,7,Software Engineering,77.4,6,21,26,53,P
S19384,Remya Unnithan,Female,ECE,7,Communication Systems,67.7,6,23,47,76,B+
S19385,Sanjay Unnithan,Male,CSE,7,DBMS,89.3,10,21,53,84,A
S19386,Vishnu Kutty,Male,CSE,5,DBMS,100.0,7,30,43,80,A
S19387,Nithya Prasad,Female,CSE,3,Data Structures,77.2,7,26,51,84,A
S19388,Aravind Prakash,Male,ECE,8,Signals & Systems,84.4,6,22,40,68,C+
S19389,Vineetha Agrawal,Female,ME,5,Fluid Mechanics,73.9,7,20,38,65,C+
S19390,Naushad Ansari,Male,ME,6,Thermodynamics,100.0,9,18,44,71,B
S19391,Vishnu Rao,Male,ECE,6,Microprocessors,72.4,8,30,15,53,P
S19392,Karthik Nair,Male,ECE,3,Signals & Systems,89.1,5,21,41,67,C+
S19393,Nikhil Reddy,Male,ME,8,Thermodynamics,64.1,7,25,41,73,B
S19394,Nimisha Bhattathiri,Female,CSE,4,Data Structures,66.6,5,30,33,68,C+
S19395,Sanjay Arora,Male,ME,2,Machine Design,76.2,7,15,19,41,F
S19396,Dinesh Kaimal,Male,CE,3,Concrete Technology,88.6,5,23,28,56,D
S19397,Jyothsna Vallikkat,Female,ME,1,Fluid Mechanics,74.2,7,18,41,66,C+
S19398,Sana Ali,Female,ME,8,Strength of Materials,99.3,6,20,52,78,B+
S19399,Athulya Ashokan,Female,ECE,1,Microprocessors,71.0,6,17,42,65,C+
S19400,Aravind Krishnankutty,Male,ECE,5,Signals & Systems,81.7,7,16,35,58,D
S19401,Adithya Bhatt,Male,CSE,3,Operating Systems,100.0,9,20,37,66,C+
S19402,Deepak Madhavan,Male,CE,8,Structural Analysis,75.1,8,21,32,61,C
S19403,Lakshmi Namputhiri,Female,CE,4,Transportation Engineering,100.0,5,24,42,71,B
S19404,Amrutha Pradeep,Female,ME,5,Strength of Materials,83.2,9,14,37,60,C
S19405,Amrutha Sreekumar,Female,ECE,8,Digital Electronics,79.8,8,28,37,73,B
S19406,Athira Sasidharan,Female,ECE,5,Signals & Systems,89.7,5,20,54,79,B+
S19407,Lakshmi Pradeep,Female,CSE,4,Data Structures,75.4,5,16,49,70,B
S19408,Ramesh Arora,Male,CSE,7,Software Engineering,64.5,7,25,42,74,B
S19409,Aleena Vadakkan,Female,ECE,1,VLSI Design,72.3,6,24,11,41,F
S19410,Nandana Naidu,Female,CE,8,Concrete Technology,76.8,6,21,47,74,B
S19411,Riyas Qureshi,Male,ME,6,Manufacturing Technology,59.7,7,14,56,77,B+
S19412,Rohan Vasudevan,Male,CSE,2,Big Data Processing,72.8,7,22,60,89,A+
S19413,Ramesh Gopinathan,Male,CSE,8,Data Structures,78.6,6,27,57,90,S
S19414,Ajay Warrier,Male,ME,2,Fluid Mechanics,85.0,9,20,47,76,B+
S19415,Haritha Choudhary,Female,CSE,3,Computer Networks,87.5,9,28,45,82,A
S19416,Biju Ashokan,Male,ECE,6,VLSI Design,63.9,6,20,56,82,A
S19417,Deepak Sankar,Male,ME,4,Manufacturing Technology,98.1,7,25,40,72,B
S19418,Anagha Bhardwaj,Female,ECE,5,Digital Electronics,71.6,10,25,35,70,B
S19419,Shamna Naeem,Female,CSE,5,Computer Networks,78.6,10,23,47,80,A
S19420,Renjith Prakash,Male,ME,2,Strength of Materials,95.1,8,25,27,60,C
S19421,Shilpa Thampi,Female,CE,6,Transportation Engineering,84.8,7,26,53,86,A+
S19422,Biju Sharma,Male,ME,6,Fluid Mechanics,73.0,8,22,51,81,A
S19423,Greeshma Naidu,Female,CSE,8,Operating Systems,75.1,4,23,53,80,A
S19424,Gokul Narayanan,Male,ECE,2,Signals & Systems,86.2,8,21,32,61,C
S19425,Ajay Pradeep,Male,CE,1,Surveying,73.5,8,24,58,90,S
S19426,Balachandran Rajendran,Male,CE,1,Geotechnical Engineering,70.3,9,17,45,71,B
S19427,Karthik Manoharan,Male,CE,7,Surveying,78.6,5,15,47,67,C+
S19428,Jithin Sathyan,Male,ECE,5,Digital Electronics,88.1,8,20,32,60,C
S19429,Sreejith Anandan,Male,CE,1,Surveying,55.8,8,20,35,63,C
S19430,Aswathy Arora,Female,ECE,3,VLSI Design,81.4,7,22,48,77,B+
S19431,Deepak Chowdhury,Male,CSE,7,Software Engineering,66.3,8,26,54,88,A+
S19432,Nithya Chauhan,Female,CSE,2,Operating Systems,92.1,8,13,60,81,A
S19433,Vinod Ramesh,Male,ECE,6,VLSI Design,78.2,8,23,29,60,C
S19434,Swathi Chandran,Female,ME,8,Fluid Mechanics,84.3,4,20,41,65,C+
S19435,Sanjay Neelakandan,Male,ME,2,Machine Design,59.4,6,20,36,62,C
S19436,Ajay Yadav,Male,CE,6,Transportation Engineering,81.4,7,20,47,74,B
S19437,Ajay Namboodiripad,Male,CE,5,Transportation Engineering,72.1,8,30,40,78,B+
S19438,Athira Patel,Female,ECE,3,Signals & Systems,56.5,5,16,32,53,P
S19439,Resmi Reddy,Female,ECE,4,Digital Electronics,64.3,9,26,46,81,A
S19440,Athulya Unnithan,Female,ECE,6,Signals & Systems,86.3,7,18,47,72,B
S19441,Biju Unni,Male,CE,2,Structural Analysis,80.1,9,24,32,65,C+
S19442,Radhika Pisharody,Female,ECE,6,Digital Electronics,94.0,6,20,60,86,A+
S19443,Shilpa Trivedi,Female,CE,7,Geotechnical Engineering,64.0,6,23,44,73,B
S19444,Amrutha Vasudevan,Female,CE,2,Structural Analysis,77.1,7,18,39,64,C
S19445,Nimisha Namboothiri,Female,ECE,2,Communication Systems,64.4,7,17,37,61,C
S19446,Sanjay Vinod,Male,CE,4,Structural Analysis,55.2,5,24,32,61,C
S19447,Haritha Namboodiripad,Female,ME,6,Strength of Materials,81.9,7,23,58,88,A+
S19448,Priya Agarwal,Female,CE,6,Geotechnical Engineering,75.4,9,30,38,77,B+
S19449,Nasreen Farooqui,Female,ME,6,Fluid Mechanics,79.8,5,26,49,80,A
S19450,Aravind Narayanan,Male,CSE,3,Software Engineering,68.7,5,28,45,78,B+
S19451,Jithin Kohli,Male,CSE,2,DBMS,69.0,10,15,13,38,F
S19452,Nandana Joshi,Female,CSE,5,Data Structures,95.3,7,30,50,87,A+
S19453,Gayathri Krishnankutty,Female,ME,7,Manufacturing Technology,81.2,6,25,23,54,P
S19454,Naseer Marakkar,Male,ECE,5,Communication Systems,72.4,7,24,58,89,A+
S19455,Unnikrishnan Bhaskaran,Male,CSE,8,Operating Systems,72.2,6,27,20,53,P
S19456,Gayathri Kartha,Female,ECE,4,Communication Systems,71.2,5,22,34,61,C
S19457,Haritha Marar,Female,CSE,3,DBMS,64.4,7,16,49,72,B
S19458,Bindu Pillai,Female,CSE,2,Operating Systems,79.5,6,18,35,59,D
S19459,Anand Pillai,Male,ME,7,Fluid Mechanics,81.7,8,30,40,78,B+
S19460,Resmi Anilkumar,Female,ME,4,Machine Design,97.5,4,22,38,64,C
S19461,Manu Bhaskaran,Male,CSE,6,Big Data Processing,64.6,6,22,38,66,C+
S19462,Nandana Sinha,Female,ECE,3,Digital Electronics,74.1,9,15,56,80,A
S19463,Rajesh Suresh,Male,ME,5,Machine Design,70.9,8,24,60,92,S
S19464,Deepak Kartha,Male,CSE,4,Computer Networks,66.5,7,11,39,57,D
S19465,Sujith Rajan,Male,CSE,4,Software Engineering,70.1,9,20,42,71,B
S19466,Divya Ashokan,Female,ME,1,Strength of Materials,94.0,7,18,44,69,C+
S19467,Manu Bhalla,Male,CE,3,Surveying,90.0,9,30,29,68,C+
S19468,Unnikrishnan Patel,Male,CSE,4,DBMS,63.1,9,21,41,71,B
S19469,Sruthi Agarwal,Female,CE,4,Surveying,79.8,5,23,42,70,B
S19470,Sowmya Iyer,Female,CSE,2,DBMS,81.0,7,15,53,75,B+
S19471,Suresh Gupta,Male,CE,7,Concrete Technology,98.2,8,18,32,58,D
S19472,Sreejith Mahesh,Male,ECE,8,VLSI Design,64.5,9,30,53,92,S
S19473,Vinod Das,Male,ME,5,Manufacturing Technology,90.0,5,20,44,69,C+
S19474,Merin Kannampuzha,Female,ME,1,Fluid Mechanics,65.7,10,21,34,65,C+
S19475,Vineetha Kaimal,Female,CSE,8,DBMS,80.9,4,26,33,63,C
S19476,Ramesh Kutty,Male,ECE,6,Microprocessors,67.9,9,25,58,92,S
S19477,Sarath Manoharan,Male,CE,7,Geotechnical Engineering,76.2,8,24,55,87,A+
S19478,Suresh Prakash,Male,CE,2,Concrete Technology,76.3,8,25,45,78,B+
S19479,Sreejith Bhatt,Male,CE,5,Transportation Engineering,81.9,7,23,43,73,B
S19480,Sinan Qureshi,Male,ME,4,Thermodynamics,80.0,7,19,27,53,P
S19481,Balachandran Namboodiripad,Male,ECE,3,Signals & Systems,79.1,7,30,51,88,A+
S19482,Anagha Srivastava,Female,ME,1,Manufacturing Technology,84.6,8,24,34,66,C+
S19483,Sreekumar Vinod,Male,CE,7,Geotechnical Engineering,80.6,7,19,58,84,A
S19484,Soumya Nambiar,Female,ECE,1,Communication Systems,68.3,7,18,29,54,P
S19485,Sudheesh Ramesh,Male,ECE,2,Digital Electronics,99.9,7,22,53,82,A
S19486,Sreekumar Prakash,Male,ECE,2,Microprocessors,91.4,6,30,48,84,A
S19487,Nandakumar Vinod,Male,CSE,8,Computer Networks,70.3,8,25,51,84,A
S19488,Sanjay Rajagopal,Male,ECE,1,Signals & Systems,87.2,8,23,45,76,B+
S19489,Vivek Bhardwaj,Male,ME,2,Manufacturing Technology,77.1,5,18,50,73,B
S19490,Swathi Narayanan,Female,CSE,4,Big Data Processing,100.0,7,25,58,90,S
S19491,Rafeeqa Sayyed,Female,CSE,4,Data Structures,100.0,8,30,42,80,A
S19492,Vishnu Mishra,Male,CSE,8,Software Engineering,86.9,6,22,42,70,B
S19493,Anoop Malhotra,Male,CSE,5,Data Structures,86.8,6,11,60,77,B+
S19494,Gayathri Saxena,Female,ME,1,Strength of Materials,62.3,7,30,60,97,S
S19495,Unnikrishnan Verma,Male,ECE,8,Signals & Systems,79.1,9,20,54,83,A
S19496,Reeba Vazhayil,Female,CSE,4,Operating Systems,86.9,7,13,27,47,F
S19497,Remya Thampi,Female,CE,2,Geotechnical Engineering,94.2,9,26,46,81,A
S19498,Anand Vinod,Male,ECE,3,Communication Systems,84.5,10,18,34,62,C
S19499,Karthik Namputhiri,Male,ECE,4,VLSI Design,73.2,6,20,41,67,C+
S19500,Radhika Nair,Female,CSE,7,Software Engineering,91.0,6,21,49,76,B+
S19501,Gayathri Mohan,Female,ECE,8,Microprocessors,84.5,6,19,36,61,C
S19502,Vinod Shukla,Male,ECE,5,Communication Systems,69.0,7,10,44,61,C
S19503,Anu Bhatt,Female,CSE,3,DBMS,81.4,6,24,54,84,A
S19504,Neethu Vasu,Female,CE,4,Structural Analysis,91.4,8,20,37,65,C+
S19505,Meera Das,Female,CSE,5,Data Structures,77.1,8,26,54,88,A+
S19506,Jithin Narayanan,Male,CSE,4,DBMS,76.5,7,11,39,57,D
S19507,Anu Iyer,Female,ECE,8,VLSI Design,84.3,8,19,37,64,C
S19508,Sreekumar Rajan,Male,CSE,8,Big Data Processing,81.2,8,20,36,64,C
S19509,Sreekumar Varma,Male,ECE,6,Signals & Systems,82.2,7,20,52,79,B+
S19510,Jibin Jose,Male,ME,2,Machine Design,86.2,7,22,25,54,P
S19511,Sherin Kuriakose,Female,ME,8,Manufacturing Technology,68.0,9,21,51,81,A
S19512,Rohan Neelakandan,Male,ECE,8,Communication Systems,77.3,10,20,42,72,B
S19513,Shilpa Chauhan,Female,CSE,8,Big Data Processing,62.9,8,24,42,74,B
S19514,Renjith Bhatt,Male,CSE,4,Computer Networks,96.7,8,30,32,70,B
S19515,Nimisha Bansal,Female,CSE,2,Computer Networks,73.3,7,20,60,87,A+
S19516,Neethu Nambiar,Female,ME,1,Manufacturing Technology,95.8,6,21,41,68,C+
S19517,Sanjay Rajan,Male,CE,5,Structural Analysis,86.8,7,19,42,68,C+
S19518,Vinod Kaimal,Male,CE,2,Surveying,97.0,7,20,28,55,D
S19519,Devika Unni,Female,ME,4,Thermodynamics,64.4,7,20,60,87,A+
S19520,Rajesh Mahesh,Male,CSE,7,Software Engineering,81.3,9,20,42,71,B
S19521,Pradeep Ashokan,Male,ME,6,Fluid Mechanics,86.1,6,16,35,57,D
S19522,Remya Arora,Female,ECE,3,Digital Electronics,63.6,9,20,53,82,A
S19523,Rincy Edathil,Female,ECE,2,VLSI Design,60.2,6,26,16,48,F
S19524,Nandakumar Thampuran,Male,CSE,7,DBMS,57.0,5,15,45,65,C+
S19525,Nandana Kaimal,Female,CE,5,Structural Analysis,60.5,6,18,60,84,A
S19526,Rahul Sethi,Male,ME,1,Machine Design,60.2,9,23,39,71,B
S19527,Deepak Balakrishnan,Male,ECE,1,Microprocessors,74.5,6,12,22,40,F
S19528,Shilpa Kunjunni,Female,CSE,4,Operating Systems,85.9,7,27,41,75,B+
S19529,Anoop Bansal,Male,ME,4,Machine Design,89.6,7,17,51,75,B+
S19530,Sruthi Sreekumar,Female,CSE,6,Data Structures,55.1,8,29,52,89,A+
S19531,Sudheesh Pradeep,Male,CSE,5,Big Data Processing,53.5,10,7,54,71,B
S19532,Divya Krishnankutty,Female,CE,1,Structural Analysis,84.8,7,26,33,66,C+
S19533,Anagha Chandran,Female,ME,5,Manufacturing Technology,72.9,10,17,41,68,C+
S19534,Remya Pillai,Female,CE,1,Concrete Technology,67.4,10,24,41,75,B+
S19535,Vineetha Madhavan,Female,CSE,3,Data Structures,84.7,6,23,37,66,C+
S19536,Sanjay Saxena,Male,CE,1,Surveying,91.6,9,14,32,55,D
S19537,Vineetha Rajan,Female,ME,4,Machine Design,72.4,7,21,60,88,A+
S19538,Anjali Sreekumar,Female,ECE,8,Communication Systems,69.4,8,20,52,80,A
S19539,Karthik Tiwari,Male,ME,3,Thermodynamics,88.7,4,29,42,75,B+
S19540,Sreekumar Madhavan,Male,CE,8,Concrete Technology,83.2,10,30,35,75,B+
S19541,Anoop Thampi,Male,CE,3,Geotechnical Engineering,59.2,8,20,50,78,B+
S19542,Jyothsna Bhaskaran,Female,ECE,1,VLSI Design,84.6,10,17,39,66,C+
S19543,Deepak Vinod,Male,ECE,7,VLSI Design,100.0,6,22,40,68,C+
S19544,Manoj Sreedharan,Male,CSE,6,Computer Networks,63.0,7,30,36,73,B
S19545,Radhika Verma,Female,ECE,8,Microprocessors,93.0,8,21,41,70,B
S19546,Swathi Kaimal,Female,CSE,5,Computer Networks,75.2,6,27,57,90,S
S19547,Prasanth Chowdhury,Male,ME,8,Strength of Materials,100.0,8,23,59,90,S
S19548,Sruthi Sharma,Female,CSE,3,Operating Systems,77.2,10,15,47,72,B
S19549,Sindhu Unni,Female,ME,1,Fluid Mechanics,78.7,7,21,32,60,C
S19550,Renjith Mohan,Male,CE,4,Concrete Technology,69.0,9,23,45,77,B+
S19551,Anjali Nair,Female,ME,8,Machine Design,84.5,8,18,52,78,B+
S19552,Aparna Sankar,Female,ME,2,Thermodynamics,90.1,6,19,44,69,C+
S19553,Swathi Raman,Female,CSE,3,Computer Networks,66.9,8,21,49,78,B+
S19554,Balachandran Vasu,Male,CE,1,Surveying,71.2,8,24,51,83,A
S19555,Sudheesh Vallikkat,Male,ME,4,Manufacturing Technology,85.6,8,22,45,75,B+
S19556,Vignesh Goel,Male,CSE,7,Software Engineering,92.4,7,24,44,75,B+
S19557,Ramesh Bhardwaj,Male,CE,3,Transportation Engineering,79.6,7,30,42,79,B+
S19558,Shameer Zubair,Male,ME,5,Manufacturing Technology,87.0,10,17,43,70,B
S19559,Anand Balakrishnan,Male,CSE,7,DBMS,66.8,10,24,26,60,C
S19560,Amrutha Sasidharan,Female,CE,7,Concrete Technology,88.9,10,17,55,82,A
S19561,Balachandran Unnithan,Male,CE,4,Surveying,69.9,10,27,39,76,B+
S19562,Dinesh Kunjunni,Male,CE,2,Concrete Technology,61.6,6,27,40,73,B
S19563,Gayathri Kapoor,Female,CSE,1,Software Engineering,66.7,5,18,36,59,D
S19564,Aiswarya Shukla,Female,ECE,3,Microprocessors,88.7,6,30,58,94,S
S19565,Faisal Habeeb,Male,ME,8,Manufacturing Technology,100.0,8,23,60,91,S
S19566,Bindu Anandan,Female,ME,8,Manufacturing Technology,66.8,6,19,37,62,C
S19567,Gayathri Bakshi,Female,CSE,3,Computer Networks,81.1,9,28,18,55,D
S19568,Vivek Arora,Male,CE,5,Structural Analysis,95.7,9,22,36,67,C+
S19569,Nandakumar Kohli,Male,CE,7,Surveying,75.3,4,21,53,78,B+
S19570,Suresh Achari,Male,CE,4,Structural Analysis,65.6,8,26,45,79,B+
S19571,Vignesh Kohli,Male,CSE,5,Big Data Processing,71.0,6,12,48,66,C+
S19572,Amrutha Rajagopal,Female,CE,2,Geotechnical Engineering,64.7,5,20,32,57,D
S19573,Athulya Namboothiri,Female,ME,1,Thermodynamics,71.0,7,20,37,64,C
S19574,Shamna Hussain,Female,CE,7,Structural Analysis,72.3,5,26,47,78,B+
S19575,Sujith Reddy,Male,ME,7,Machine Design,75.2,6,18,51,75,B+
S19576,Sinan Hameed,Male,CE,5,Geotechnical Engineering,74.7,5,28,59,92,S
S19577,Naushad Rawther,Male,CE,1,Transportation Engineering,100.0,8,16,41,65,C+
S19578,Sreelakshmi Suresh,Female,CE,5,Surveying,84.5,6,18,37,61,C
S19579,Rajesh Das,Male,ECE,8,Digital Electronics,61.9,6,27,43,76,B+
S19580,Ajay Vinod,Male,CE,7,Structural Analysis,89.4,9,23,60,92,S
S19581,Anagha Raman,Female,CE,1,Surveying,60.3,6,21,37,64,C
S19582,Soumya Chandrasekharan,Female,CSE,6,DBMS,73.5,8,30,48,86,A+
S19583,Vivek Unni,Male,ME,3,Fluid Mechanics,87.6,6,30,34,70,B
S19584,Balachandran Patel,Male,ECE,6,Microprocessors,63.5,10,28,35,73,B
S19585,Jithin Anilkumar,Male,ECE,4,Microprocessors,93.9,6,23,46,75,B+
S19586,Sneha Kartha,Female,ECE,7,Signals & Systems,90.6,10,23,38,71,B
S19587,Sreelakshmi Kumar,Female,ECE,1,Signals & Systems,95.8,5,22,60,87,A+
S19588,Greeshma Kunjunni,Female,CE,1,Transportation Engineering,76.4,5,19,52,76,B+
S19589,Resmi Sreekumar,Female,CSE,4,Computer Networks,83.5,6,20,37,63,C
S19590,Adithya Karthikeyan,Male,ME,7,Manufacturing Technology,84.0,8,24,25,57,D
S19591,Jyothsna Srivastava,Female,CE,2,Surveying,71.9,6,6,28,40,F
S19592,Aswathy Goel,Female,CSE,7,Computer Networks,66.0,7,21,40,68,C+
S19593,Neethu Bakshi,Female,ECE,3,Microprocessors,65.7,6,18,44,68,C+
S19594,Anagha Rathore,Female,ME,2,Fluid Mechanics,83.2,6,14,53,73,B
S19595,Anjali Choudhary,Female,ECE,7,Signals & Systems,74.5,6,29,38,73,B
S19596,Vishnu Pandey,Male,CE,7,Geotechnical Engineering,100.0,9,26,48,83,A
S19597,Nazia Rauf,Female,ME,3,Thermodynamics,85.0,8,24,48,80,A
S19598,Sudheesh Patel,Male,CE,4,Structural Analysis,73.8,9,14,51,74,B
S19599,Unnikrishnan Kohli,Male,CE,8,Geotechnical Engineering,75.6,8,27,16,51,P
S19600,Swathi Ramakrishnan,Female,ECE,7,VLSI Design,67.5,9,18,42,69,C+
S19601,Anagha Thampi,Female,ME,6,Thermodynamics,82.6,6,24,60,90,S
S19602,Anas Ahmed,Male,CSE,3,Computer Networks,79.0,7,30,34,71,B
S19603,Pradeep Sreedharan,Male,ECE,8,Communication Systems,79.5,10,22,52,84,A
S19604,Reshma Madhavan,Female,ME,3,Machine Design,97.0,9,22,19,50,P
S19605,Balachandran Raghavan,Male,CSE,3,Data Structures,86.2,8,30,45,83,A
S19606,Suresh Pillai,Male,ECE,8,Communication Systems,93.7,8,22,33,63,C
S19607,Sreelakshmi Kutty,Female,CSE,3,Big Data Processing,69.6,8,20,40,68,C+
S19608,Sreekumar Poduval,Male,CE,5,Geotechnical Engineering,83.0,8,21,49,78,B+
S19609,Jyothsna Rajendran,Female,ME,3,Machine Design,60.8,8,19,48,75,B+
S19610,Gokul Raghavan,Male,CE,5,Geotechnical Engineering,82.6,7,21,46,74,B
S19611,Aswathy Gopinathan,Female,ECE,8,Signals & Systems,70.9,8,12,49,69,C+
S19612,Madhu Rajan,Male,ECE,3,Microprocessors,67.7,6,22,51,79,B+
S19613,Sruthi Reddy,Female,ECE,4,Signals & Systems,81.3,7,19,54,80,A
S19614,Rajesh Sankar,Male,ECE,6,Digital Electronics,87.0,6,20,23,49,F
S19615,Akhil Bhaskaran,Male,CE,5,Structural Analysis,59.0,7,30,36,73,B
S19616,Devika Sathyan,Female,CE,5,Structural Analysis,80.3,6,23,28,57,D
S19617,Reshma Saxena,Female,CSE,3,Software Engineering,81.9,7,17,36,60,C
S19618,Amrutha Kurup,Female,ME,8,Machine Design,91.9,9,19,44,72,B
S19619,Aiswarya Agrawal,Female,CSE,8,Computer Networks,69.1,4,30,60,94,S
S19620,Neethu Mahesh,Female,ECE,2,Microprocessors,85.4,5,22,39,66,C+
S19621,Soumya Rathore,Female,CSE,6,DBMS,70.8,10,14,47,71,B
S19622,Gayathri Mishra,Female,CE,6,Structural Analysis,87.9,9,23,53,85,A+
S19623,Nandana Malhotra,Female,CSE,1,DBMS,63.2,8,22,35,65,C+
S19624,Aparna Sreekumar,Female,ME,5,Strength of Materials,84.5,9,30,59,98,S
S19625,Balachandran Sivan,Male,ECE,6,Microprocessors,64.4,5,11,58,74,B
S19626,Divya Chowdhury,Female,CSE,8,Big Data Processing,68.0,8,22,60,90,S
S19627,Biju Tiwari,Male,CSE,1,Data Structures,77.8,7,10,44,61,C
S19628,Naveen Govindan,Male,CE,5,Surveying,78.2,9,23,41,73,B
S19629,Ramesh Suresh,Male,CE,6,Concrete Technology,61.7,7,16,27,50,P
S19630,Rafeeqa Ismail,Female,CSE,5,Software Engineering,85.9,7,24,50,81,A
S19631,Sruthi Chandrasekharan,Female,CE,5,Structural Analysis,67.5,10,21,36,67,C+
S19632,Sreejith Vijayan,Male,CSE,7,Computer Networks,58.4,8,16,23,47,F
S19633,Aravind Thampuran,Male,ECE,1,Digital Electronics,75.0,6,24,53,83,A
S19634,Haritha Bhalla,Female,ECE,8,Communication Systems,78.9,9,24,33,66,C+
S19635,Priya Dubey,Female,CE,8,Geotechnical Engineering,91.9,5,19,33,57,D
S19636,Amrutha Agrawal,Female,CSE,6,Computer Networks,76.6,8,28,31,67,C+
S19637,Fathima Habeeb,Female,ECE,2,Digital Electronics,84.5,9,18,42,69,C+
S19638,Vishnu Chauhan,Male,ECE,2,Microprocessors,100.0,9,21,49,79,B+
S19639,Vineetha Patel,Female,ME,5,Manufacturing Technology,78.4,6,22,43,71,B
S19640,Sanjay Jayan,Male,ECE,3,Communication Systems,82.3,5,30,60,95,S
S19641,Pradeep Trivedi,Male,ECE,8,VLSI Design,86.7,6,27,42,75,B+
S19642,Suresh Menon,Male,CSE,1,Big Data Processing,89.4,7,25,43,75,B+
S19643,Amrutha Shukla,Female,CSE,3,DBMS,64.6,9,17,44,70,B
S19644,Vishnu Pisharody,Male,ECE,6,Microprocessors,75.3,5,24,35,64,C
S19645,Anagha Dinesh,Female,CSE,1,DBMS,84.0,8,26,47,81,A
S19646,Remya Dinesh,Female,ME,5,Machine Design,68.3,6,25,49,80,A
S19647,Manoj Sharma,Male,ME,5,Strength of Materials,87.5,9,5,25,39,F
S19648,Sreejith Suresh,Male,CE,7,Transportation Engineering,77.8,8,24,60,92,S
S19649,Sujith Bansal,Male,ECE,8,Digital Electronics,76.2,9,25,41,75,B+
S19650,Anjali Poduval,Female,ECE,5,Signals & Systems,67.6,8,28,57,93,S
S19651,Gokul Unni,Male,ECE,6,Communication Systems,67.5,7,22,18,47,F
S19652,Divya Iyer,Female,CE,8,Transportation Engineering,62.7,7,19,60,86,A+
S19653,Neethu Rajagopal,Female,ME,8,Fluid Mechanics,90.9,10,16,40,66,C+
S19654,Divya Unnithan,Female,CE,6,Geotechnical Engineering,87.4,6,27,30,63,C
S19655,Anu Gupta,Female,CSE,1,DBMS,79.7,5,21,33,59,D
S19656,Parvathy Krishnankutty,Female,ME,1,Fluid Mechanics,62.3,9,30,44,83,A
S19657,Prasanth Rajendran,Male,CE,3,Structural Analysis,100.0,9,24,52,85,A+
S19658,Anand Vallikkat,Male,CE,3,Concrete Technology,79.1,8,26,56,90,S
S19659,Sarath Patel,Male,CE,3,Surveying,76.1,3,27,26,56,D
S19660,Anagha Chauhan,Female,ME,6,Machine Design,92.0,7,17,46,70,B
S19661,Deepak Balan,Male,ECE,5,Communication Systems,76.5,4,25,45,74,B
S19662,Rashid Ahmed,Male,ME,3,Machine Design,88.3,7,22,51,80,A
S19663,Anitha Solanki,Female,ME,4,Fluid Mechanics,90.8,7,26,60,93,S
S19664,Gayathri Reddy,Female,ECE,3,VLSI Design,80.4,9,25,44,78,B+
S19665,Reshma Sudhakaran,Female,CSE,5,Big Data Processing,72.0,8,24,50,82,A
S19666,Haritha Nair,Female,CE,2,Geotechnical Engineering,61.3,5,24,42,71,B
S19667,Sneha Ashokan,Female,ME,2,Strength of Materials,79.8,10,27,42,79,B+
S19668,Balachandran Poduval,Male,ME,2,Manufacturing Technology,68.4,8,15,51,74,B
S19669,Nadhira Siddiqui,Female,CE,6,Structural Analysis,84.9,7,25,26,58,D
S19670,Vineetha Chandra,Female,CE,6,Geotechnical Engineering,61.3,7,25,55,87,A+
S19671,Meera Rao,Female,CE,6,Surveying,66.5,7,17,53,77,B+
S19672,Rohan Verma,Male,ME,1,Manufacturing Technology,67.3,7,29,50,86,A+
S19673,Anand Yadav,Male,CE,5,Concrete Technology,81.7,6,25,39,70,B
S19674,Madhu Warrier,Male,ECE,2,Signals & Systems,90.9,7,17,44,68,C+
S19675,Rohan Mohan,Male,ECE,4,Signals & Systems,87.8,8,16,41,65,C+
S19676,Devika Verma,Female,ECE,3,Microprocessors,88.8,6,23,51,80,A
S19677,Unnikrishnan Pillai,Male,CE,3,Concrete Technology,62.8,6,25,38,69,C+
S19678,Resmi Panicker,Female,CE,2,Structural Analysis,94.0,6,27,58,91,S
S19679,Sarath Dinesh,Male,ECE,3,Communication Systems,84.4,6,15,41,62,C
S19680,Greeshma Poduval,Female,CE,5,Concrete Technology,67.4,6,16,53,75,B+
S19681,Jithin Thampi,Male,CE,1,Structural Analysis,53.8,8,24,46,78,B+
S19682,Sneha Jayan,Female,ME,1,Thermodynamics,81.1,7,20,53,80,A
S19683,Amrutha Namboodiripad,Female,ECE,8,VLSI Design,81.0,6,17,56,79,B+
S19684,Rahul Tiwari,Male,ECE,7,Signals & Systems,84.9,9,18,56,83,A
S19685,Riyas Moulavi,Male,CSE,8,Operating Systems,65.4,6,27,45,78,B+
S19686,Balachandran Govindan,Male,ECE,2,VLSI Design,56.6,8,18,48,74,B
S19687,Unnikrishnan Prakash,Male,CE,1,Structural Analysis,94.0,9,19,60,88,A+
S19688,Vignesh Choudhary,Male,CSE,4,Data Structures,58.1,8,26,35,69,C+
S19689,Sujith Kaimal,Male,CE,7,Transportation Engineering,79.6,9,19,36,64,C
S19690,Balachandran Agrawal,Male,ECE,1,VLSI Design,93.3,10,30,28,68,C+
S19691,Vinod Nair,Male,CSE,3,Operating Systems,100.0,5,16,50,71,B
S19692,Naseer Kareem,Male,CE,2,Geotechnical Engineering,60.5,7,26,42,75,B+
S19693,Naveen Namboothiri,Male,ME,1,Thermodynamics,100.0,9,30,49,88,A+
S19694,Naveen Kaimal,Male,ME,2,Thermodynamics,87.7,6,26,39,71,B
S19695,Nazar Mansoor,Male,ECE,7,Communication Systems,72.3,7,28,44,79,B+
S19696,Meera Neelakandan,Female,ECE,6,VLSI Design,88.7,7,26,44,77,B+
S19697,Rafeeqa Ilyas,Female,CE,5,Surveying,66.0,10,19,41,70,B
S19698,Neethu Chopra,Female,CE,2,Geotechnical Engineering,78.7,10,13,50,73,B
S19699,Madhu Srivastava,Male,ME,2,Thermodynamics,67.3,10,30,40,80,A
S19700,Binoy Abraham,Male,ME,7,Manufacturing Technology,66.4,7,23,41,71,B
S19701,Bindu Gopinathan,Female,CE,2,Geotechnical Engineering,71.3,9,30,38,77,B+
S19702,Akhil Warrier,Male,ECE,7,VLSI Design,70.2,6,21,47,74,B
S19703,Suresh Vasudevan,Male,ME,5,Thermodynamics,73.1,7,25,36,68,C+
S19704,Anu Raman,Female,ECE,1,Microprocessors,85.4,7,15,50,72,B
S19705,Anand Namboothiri,Male,ME,3,Machine Design,73.2,10,20,45,75,B+
S19706,Nandakumar Gopalan,Male,ECE,8,Microprocessors,67.4,6,27,48,81,A
S19707,Gokul Nair,Male,ME,5,Machine Design,77.1,6,25,34,65,C+
S19708,Sreejith Raman,Male,CSE,7,DBMS,73.6,7,18,47,72,B
S19709,Vidya Unnithan,Female,CSE,3,Data Structures,79.5,6,19,46,71,B
S19710,Renjith Kohli,Male,CSE,4,Operating Systems,59.7,8,18,51,77,B+
S19711,Divya Joshi,Female,ME,5,Thermodynamics,70.0,8,25,47,80,A
S19712,Adithya Suresh,Male,CE,8,Concrete Technology,91.0,7,20,45,72,B
S19713,Shilpa Arora,Female,CSE,6,Big Data Processing,64.5,5,9,23,37,F
S19714,Anand Khurana,Male,CE,2,Geotechnical Engineering,72.6,8,15,39,62,C
S19715,Anoop Prakash,Male,ECE,3,Microprocessors,87.3,6,28,34,68,C+
S19716,Vidya Ramakrishnan,Female,CSE,8,Big Data Processing,72.2,6,28,37,71,B
S19717,Aparna Bhalla,Female,CE,1,Geotechnical Engineering,68.5,4,24,51,79,B+
S19718,Nimisha Nambiar,Female,ECE,1,Signals & Systems,81.6,9,25,60,94,S
S19719,Sneha Sethi,Female,ECE,5,Signals & Systems,83.4,9,20,34,63,C
S19720,Nikhil Pillai,Male,CE,1,Surveying,87.2,9,20,53,82,A
S19721,Anitha Sasidharan,Female,ECE,5,Signals & Systems,59.1,5,25,38,68,C+
S19722,Aravind Chandra,Male,CSE,5,Computer Networks,67.9,4,16,42,62,C
S19723,Aravind Namputhiri,Male,ECE,3,VLSI Design,65.6,7,7,50,64,C
S19724,Suhail Wahab,Male,CE,3,Surveying,80.5,9,24,55,88,A+
S19725,Sindhu Rathore,Female,ECE,5,Signals & Systems,71.1,7,22,54,83,A
S19726,Nithya Karthikeyan,Female,CE,5,Geotechnical Engineering,65.8,6,30,39,75,B+
S19727,Unnikrishnan Goel,Male,CE,5,Transportation Engineering,73.3,7,23,37,67,C+
S19728,Sruthi Varma,Female,ECE,8,Signals & Systems,58.6,9,24,49,82,A
S19729,Rajesh Govindan,Male,CSE,1,DBMS,62.8,6,28,44,78,B+
S19730,Vignesh Khurana,Male,CE,2,Geotechnical Engineering,65.3,7,22,60,89,A+
S19731,Parvathy Sivan,Female,ECE,1,Digital Electronics,96.2,6,26,23,55,D
S19732,Sreejith Bhalla,Male,CE,7,Transportation Engineering,67.5,6,24,38,68,C+
S19733,Sreejith Agrawal,Male,ECE,5,Digital Electronics,85.5,8,14,51,73,B
S19734,Anitha Menon,Female,ME,4,Machine Design,68.3,10,24,34,68,C+
S19735,Manu Goel,Male,CE,4,Concrete Technology,64.2,8,3,39,50,P
S19736,Sreekumar Govindan,Male,ME,2,Fluid Mechanics,89.3,7,23,60,90,S
S19737,Nithin Pereira,Male,CSE,8,Software Engineering,72.5,7,26,46,79,B+
S19738,Adithya Kapoor,Male,CSE,3,Computer Networks,73.1,4,29,51,84,A
S19739,Anu Vijayan,Female,CSE,6,Computer Networks,78.3,8,28,30,66,C+
S19740,Akhil Sasidharan,Male,ME,2,Machine Design,60.4,8,19,49,76,B+
S19741,Ajay Nambiar,Male,ECE,8,Signals & Systems,100.0,5,15,53,73,B
S19742,Bindu Marar,Female,ECE,4,Digital Electronics,84.7,7,17,48,72,B
S19743,Anjali Reddy,Female,CSE,8,Data Structures,84.2,8,26,59,93,S
S19744,Meera Raj,Female,ECE,2,Communication Systems,81.4,10,30,39,79,B+
S19745,Renjith Raghavan,Male,CE,8,Transportation Engineering,83.9,10,25,31,66,C+
S19746,Greeshma Nambiar,Female,CE,8,Structural Analysis,97.2,7,15,44,66,C+
S19747,Aiswarya Thampuran,Female,ME,7,Fluid Mechanics,72.3,8,22,39,69,C+
S19748,Adithya Vasu,Male,CE,6,Transportation Engineering,78.5,5,22,41,68,C+
S19749,Shilpa Venugopal,Female,CSE,3,DBMS,98.0,7,28,39,74,B
S19750,Aparna Vijayan,Female,ECE,7,Microprocessors,73.1,8,20,35,63,C
S19751,Parvathy Agrawal,Female,ECE,6,VLSI Design,71.0,8,23,34,65,C+
S19752,Nikhil Bhattathiri,Male,ME,7,Strength of Materials,77.9,8,17,47,72,B
S19753,Bindu Karthikeyan,Female,ME,6,Fluid Mechanics,63.0,8,22,40,70,B
S19754,Aravind Shukla,Male,ME,8,Manufacturing Technology,88.7,5,17,56,78,B+
S19755,Vidya Kutty,Female,CE,7,Surveying,66.5,9,24,32,65,C+
S19756,Vignesh Sudhakaran,Male,CSE,5,Operating Systems,67.6,7,18,45,70,B
S19757,Vinod Vasudevan,Male,ECE,6,VLSI Design,52.3,8,16,39,63,C
S19758,Anand Prakash,Male,ECE,1,VLSI Design,71.6,5,28,55,88,A+
S19759,Priya Thampuran,Female,ECE,2,Microprocessors,44.2,5,19,27,51,P
S19760,Sujith Pisharody,Male,ME,7,Thermodynamics,93.2,6,23,42,71,B
S19761,Vivek Dinesh,Male,CSE,2,DBMS,42.4,8,21,24,53,P
S19762,Pradeep Rajendran,Male,ME,6,Thermodynamics,62.2,5,10,47,62,C
S19763,Sujith Gopalan,Male,ME,3,Manufacturing Technology,67.8,7,28,47,82,A
S19764,Rafi Kunju,Male,ECE,6,VLSI Design,66.1,7,19,34,60,C
S19765,Arjun Karthikeyan,Male,ME,5,Strength of Materials,88.4,10,9,48,67,C+
S19766,Sarath Balakrishnan,Male,CSE,2,Data Structures,68.8,10,21,48,79,B+
S19767,Sreejith Padmanabhan,Male,CSE,4,Data Structures,77.2,9,19,47,75,B+
S19768,Vinod Kartha,Male,ECE,7,Communication Systems,90.1,10,26,47,83,A
S19769,Remya Prasad,Female,ME,2,Machine Design,67.9,7,19,55,81,A
S19770,Sowmya Anilkumar,Female,ECE,2,VLSI Design,90.4,8,27,42,77,B+
S19771,Sreejith Tiwari,Male,ME,1,Machine Design,84.0,9,24,47,80,A
S19772,Vineetha Kumar,Female,CSE,6,DBMS,86.7,6,24,33,63,C
S19773,Biju Sathyan,Male,ME,2,Thermodynamics,58.0,5,25,39,69,C+
S19774,Divya Radhakrishnan,Female,ME,6,Machine Design,77.3,7,19,50,76,B+
S19775,Rohan Kurup,Male,ECE,1,Microprocessors,81.1,8,25,50,83,A
S19776,Sudheesh Anandan,Male,ME,7,Fluid Mechanics,83.5,6,10,59,75,B+
S19777,Deepthi Poduval,Female,CSE,3,Operating Systems,77.1,9,23,52,84,A
S19778,Ajay Sreedharan,Male,ECE,4,Communication Systems,90.5,6,23,45,74,B
S19779,Deepthi Agrawal,Female,CSE,8,Operating Systems,91.8,6,24,31,61,C
S19780,Resmi Chopra,Female,CSE,7,Software Engineering,60.2,8,26,44,78,B+
S19781,Madhu Tiwari,Male,CSE,4,Big Data Processing,70.8,7,24,53,84,A
S19782,Sanjay Goel,Male,ME,4,Manufacturing Technology,79.3,7,20,52,79,B+
S19783,Vishnu Pillai,Male,ECE,4,Signals & Systems,56.3,9,15,45,69,C+
S19784,Neethu Raj,Female,ME,1,Machine Design,86.0,7,25,52,84,A
S19785,Aiswarya Pandey,Female,CSE,8,Operating Systems,75.1,7,16,56,79,B+
S19786,Anjali Padmanabhan,Female,ECE,4,Microprocessors,73.3,9,19,41,69,C+
S19787,Anitha Pisharody,Female,CSE,3,Software Engineering,74.0,6,20,52,78,B+
S19788,Radhika Vijayan,Female,ME,2,Strength of Materials,97.6,9,30,39,78,B+
S19789,Aiswarya Varma,Female,ECE,8,Communication Systems,82.8,5,22,39,66,C+
S19790,Sarath Marar,Male,ECE,7,VLSI Design,72.3,8,28,55,91,S
S19791,Aiswarya Chowdhury,Female,ME,2,Machine Design,76.4,7,15,26,48,F
S19792,Biju Kaimal,Male,ME,4,Manufacturing Technology,75.0,9,27,48,84,A
S19793,Bindu Ramesh,Female,CE,7,Structural Analysis,60.8,7,27,53,87,A+
S19794,Rizwan Siddiqui,Male,CSE,4,Software Engineering,48.2,8,24,55,87,A+
S19795,Sruthi Bhattathiri,Female,ECE,6,Communication Systems,65.6,6,22,38,66,C+
S19796,Dinesh Kutty,Male,ME,6,Thermodynamics,56.9,5,20,51,76,B+
S19797,Anu Pillai,Female,CSE,1,Data Structures,84.2,7,23,47,77,B+
S19798,Sowmya Pillai,Female,ECE,6,VLSI Design,85.2,6,22,34,62,C
S19799,Parvathy Rajagopal,Female,CE,4,Concrete Technology,88.3,8,22,24,54,P
S19800,Athulya Thampuran,Female,CE,4,Geotechnical Engineering,86.8,5,21,43,69,C+
S19801,Nimisha Arora,Female,ECE,6,Digital Electronics,47.1,8,27,46,81,A
S19802,Aparna Krishnankutty,Female,ECE,8,Microprocessors,95.0,3,15,29,47,F
S19803,Madhu Sreekumar,Male,ECE,3,VLSI Design,51.6,4,19,43,66,C+
S19804,Aravind Thampi,Male,CE,3,Transportation Engineering,93.6,5,13,45,63,C
S19805,Nikhil Iyer,Male,CE,1,Surveying,64.4,7,20,22,49,F
S19806,Rafi Shukoor,Male,CSE,7,Computer Networks,77.9,9,23,48,80,A
S19807,Soumya Namputhiri,Female,ECE,5,VLSI Design,70.8,10,24,49,83,A
S19808,Aparna Thampi,Female,ECE,1,Microprocessors,67.8,6,24,44,74,B
S19809,Soumya Madhavan,Female,CE,2,Geotechnical Engineering,83.3,9,18,46,73,B
S19810,Ramesh Bhalla,Male,CE,7,Geotechnical Engineering,90.2,7,24,41,72,B
S19811,Aravind Anilkumar,Male,ECE,7,Microprocessors,76.6,10,30,27,67,C+
S19812,Akhil Kunjunni,Male,ECE,1,Microprocessors,91.7,8,9,28,45,F
S19813,Adithya Kaimal,Male,ME,4,Machine Design,66.9,8,26,32,66,C+
S19814,Ramesh Madhavan,Male,CSE,6,Operating Systems,55.3,10,26,60,96,S
S19815,Sneha Balakrishnan,Female,ME,8,Machine Design,81.0,8,19,31,58,D
S19816,Sudheesh Agrawal,Male,ME,4,Strength of Materials,82.2,9,25,51,85,A+
S19817,Unnikrishnan Agrawal,Male,CE,8,Structural Analysis,50.4,8,12,42,62,C
S19818,Resmi Choudhary,Female,CE,2,Structural Analysis,77.9,8,20,54,82,A
S19819,Prasanth Neelakandan,Male,CSE,8,Operating Systems,98.2,9,23,18,50,P
S19820,Vinod Marar,Male,CE,2,Structural Analysis,79.6,6,17,40,63,C
S19821,Gokul Goel,Male,CE,8,Transportation Engineering,78.6,6,30,53,89,A+
S19822,Suresh Verma,Male,CSE,6,Data Structures,98.6,4,27,46,77,B+
S19823,Sarath Sreekumar,Male,ECE,4,VLSI Design,76.6,5,29,36,70,B
S19824,Fazil Ashraf,Male,CE,5,Surveying,71.7,6,16,38,60,C
S19825,Manu Raghavan,Male,ECE,6,VLSI Design,99.5,8,6,44,58,D
S19826,Arjun Tiwari,Male,CSE,5,Software Engineering,73.7,7,30,37,74,B
S19827,Madhu Chandra,Male,CE,7,Transportation Engineering,64.2,6,30,60,96,S
S19828,Nandakumar Prasad,Male,ME,5,Fluid Mechanics,91.6,8,22,35,65,C+
S19829,Shilpa Chandra,Female,ME,5,Thermodynamics,84.6,9,30,35,74,B
S19830,Nandakumar Patel,Male,CSE,2,Software Engineering,85.1,6,29,38,73,B
S19831,Pradeep Suresh,Male,CE,3,Structural Analysis,66.9,7,30,28,65,C+
S19832,Aiswarya Verma,Female,ME,2,Thermodynamics,66.4,7,19,50,76,B+
S19833,Greeshma Madhavan,Female,CSE,7,Operating Systems,100.0,7,30,54,91,S
S19834,Sujith Chowdhury,Male,ECE,2,Communication Systems,83.8,8,27,31,66,C+
S19835,Soumya Sharma,Female,ME,1,Strength of Materials,90.5,9,18,25,52,P
S19836,Deepthi Raman,Female,ME,3,Thermodynamics,81.6,7,23,60,90,S
S19837,Jyothsna Jayan,Female,CSE,1,Computer Networks,98.9,6,16,43,65,C+
S19838,Priya Anilkumar,Female,CSE,7,DBMS,77.3,6,30,45,81,A
S19839,Vidya Chauhan,Female,ECE,4,Microprocessors,77.4,8,12,45,65,C+
S19840,Soumya Arora,Female,CSE,8,Data Structures,72.5,9,25,60,94,S
S19841,Shefeek Haneef,Male,CE,1,Structural Analysis,83.8,9,19,55,83,A
S19842,Sindhu Srivastava,Female,ME,7,Manufacturing Technology,80.8,7,16,45,68,C+
S19843,Sindhu Agarwal,Female,ECE,8,Digital Electronics,74.3,8,15,22,45,F
S19844,Vineetha Khurana,Female,CSE,7,Data Structures,66.6,8,18,48,74,B
S19845,Jyothsna Kaimal,Female,ME,6,Strength of Materials,79.1,8,20,53,81,A
S19846,Lakshmi Anilkumar,Female,ME,6,Fluid Mechanics,84.1,5,14,43,62,C
S19847,Ramesh Unni,Male,ECE,5,Digital Electronics,70.8,8,20,31,59,D
S19848,Madhu Raman,Male,CE,7,Transportation Engineering,81.4,7,28,44,79,B+
S19849,Madhu Pisharody,Male,ME,4,Machine Design,80.4,7,19,26,52,P
S19850,Sneha Pradeep,Female,ECE,5,Communication Systems,86.4,10,17,47,74,B
S19851,Aravind Kurup,Male,ME,6,Fluid Mechanics,82.9,8,13,53,74,B
S19852,Reshma Namboothiri,Female,CSE,6,Computer Networks,81.9,6,23,24,53,P
S19853,Rohan Sivan,Male,ECE,5,Microprocessors,75.3,5,18,49,72,B
S19854,Balachandran Bhaskaran,Male,CSE,5,DBMS,86.8,7,17,32,56,D
S19855,Meera Patel,Female,CSE,7,Computer Networks,71.8,9,21,50,80,A
S19856,Sarath Thampi,Male,ECE,6,Digital Electronics,59.8,9,20,46,75,B+
S19857,Nikhil Bakshi,Male,CE,5,Structural Analysis,75.4,10,16,50,76,B+
S19858,Biju Menon,Male,CE,7,Concrete Technology,65.1,6,20,44,70,B
S19859,Anoop Govindan,Male,ECE,3,Communication Systems,72.3,6,12,51,69,C+
S19860,Athulya Rajan,Female,CSE,1,Big Data Processing,73.7,7,16,46,69,C+
S19861,Meera Pisharody,Female,CE,1,Geotechnical Engineering,63.1,7,30,55,92,S
S19862,Sreejith Achari,Male,CE,4,Concrete Technology,83.2,7,12,42,61,C
S19863,Manoj Radhakrishnan,Male,ME,1,Manufacturing Technology,85.5,8,11,58,77,B+
S19864,Rajesh Kartha,Male,ECE,7,Communication Systems,64.1,8,30,11,49,F
S19865,Vignesh Raghavan,Male,ECE,1,Communication Systems,79.7,9,22,49,80,A
S19866,Imran Hakkim,Male,CSE,2,DBMS,75.1,6,19,53,78,B+
S19867,Merin Samuel,Female,ME,4,Machine Design,84.5,7,14,45,66,C+
S19868,Rafi Marakkar,Male,CE,7,Transportation Engineering,75.2,10,27,52,89,A+
S19869,Nikhil Rajagopal,Male,ME,3,Fluid Mechanics,73.9,8,24,51,83,A
S19870,Sreelakshmi Karthikeyan,Female,CE,7,Surveying,64.2,2,22,38,62,C
S19871,Nithya Kaimal,Female,ME,5,Thermodynamics,96.7,7,27,40,74,B
S19872,Sreelakshmi Panicker,Female,ME,8,Manufacturing Technology,62.6,9,15,60,84,A
S19873,Anitha Naidu,Female,ME,6,Manufacturing Technology,78.9,5,19,40,64,C
S19874,Rajesh Verma,Male,CSE,8,Big Data Processing,54.7,8,30,27,65,C+
S19875,Prasanth Bhaskaran,Male,ME,4,Strength of Materials,75.8,8,22,26,56,D
S19876,Radhika Unni,Female,CSE,2,Big Data Processing,82.5,7,17,39,63,C
S19877,Vivek Khurana,Male,ECE,7,Microprocessors,58.8,7,15,36,58,D
S19878,Anand Jayan,Male,ME,2,Strength of Materials,78.2,5,24,47,76,B+
S19879,Anoop Chopra,Male,CE,2,Geotechnical Engineering,69.6,6,25,30,61,C
S19880,Manu Karthikeyan,Male,CE,8,Structural Analysis,73.0,7,18,57,82,A
S19881,Vignesh Vallikkat,Male,CSE,1,DBMS,90.7,7,16,42,65,C+
S19882,Soumya Desai,Female,CE,5,Concrete Technology,86.3,9,13,52,74,B
S19883,Jerry Dcosta,Male,CE,4,Transportation Engineering,74.9,5,15,25,45,F
S19884,Rizwan Pathan,Male,CE,8,Transportation Engineering,74.5,5,27,35,67,C+
S19885,Sreekumar Sathyan,Male,CE,4,Structural Analysis,74.7,7,24,52,83,A
S19886,Sneha Malhotra,Female,CSE,5,Big Data Processing,81.3,4,14,35,53,P
S19887,Anjali Kutty,Female,CSE,8,Software Engineering,70.9,7,23,41,71,B
S19888,Anjali Balan,Female,ECE,7,Communication Systems,77.6,6,26,39,71,B
S19889,Anoop Poduval,Male,CE,3,Structural Analysis,65.9,9,10,39,58,D
S19890,Athira Prasad,Female,CE,1,Structural Analysis,62.3,10,19,50,79,B+
S19891,Nandakumar Arora,Male,ECE,6,Communication Systems,85.2,9,11,45,65,C+
S19892,Vivek Panicker,Male,ME,2,Thermodynamics,62.4,8,21,54,83,A
S19893,Nimisha Chopra,Female,ECE,4,Digital Electronics,67.0,5,16,34,55,D
S19894,Biju Jayan,Male,CSE,4,Computer Networks,68.6,6,13,55,74,B
S19895,Aswathy Vinod,Female,ECE,8,Digital Electronics,86.0,6,22,58,86,A+
S19896,Nazia Sultan,Female,CE,5,Concrete Technology,80.9,7,16,44,67,C+
S19897,Shameer Thangal,Male,CE,4,Structural Analysis,70.4,8,26,40,74,B
S19898,Deepthi Namboodiripad,Female,CE,3,Concrete Technology,74.9,6,21,16,43,F
S19899,Sreejith Chowdhury,Male,ECE,2,VLSI Design,75.1,7,22,45,74,B
S19900,Nandana Unni,Female,ME,8,Manufacturing Technology,75.5,7,19,31,57,D
S19901,Unnikrishnan Anandan,Male,CE,4,Concrete Technology,99.5,6,29,54,89,A+
S19902,Vishnu Bhalla,Male,CSE,3,Operating Systems,86.7,8,25,51,84,A
S19903,Karthik Bakshi,Male,ECE,3,Signals & Systems,76.7,7,26,46,79,B+
S19904,Jasira Yasin,Female,ME,4,Fluid Mechanics,96.5,6,19,49,74,B
S19905,Rajesh Prasad,Male,ME,4,Manufacturing Technology,69.8,10,8,45,63,C
S19906,Soumya Raman,Female,CE,3,Transportation Engineering,89.2,8,18,39,65,C+
S19907,Nithya Sethi,Female,CSE,4,Big Data Processing,72.8,7,19,43,69,C+
S19908,Aswathy Thampi,Female,ME,1,Manufacturing Technology,95.4,6,13,60,79,B+
S19909,Aravind Bhattathiri,Male,CSE,5,Software Engineering,79.3,6,22,35,63,C
S19910,Rahul Arora,Male,ME,5,Fluid Mechanics,50.0,10,23,49,82,A
S19911,Radhika Malhotra,Female,ME,4,Machine Design,78.2,10,20,25,55,D
S19912,Vijay Tiwari,Male,CSE,3,Computer Networks,83.1,8,22,42,72,B
S19913,Sowmya Yadav,Female,ECE,4,Signals & Systems,72.6,6,17,33,56,D
S19914,Nikhil Suresh,Male,ECE,2,Microprocessors,93.8,6,21,51,78,B+
S19915,Karthik Sreekumar,Male,ME,6,Fluid Mechanics,88.5,3,20,59,82,A
S19916,Devika Padmanabhan,Female,ECE,5,Signals & Systems,88.7,5,20,50,75,B+
S19917,Gokul Agarwal,Male,ECE,4,Microprocessors,59.0,9,17,59,85,A+
S19918,Vignesh Chauhan,Male,CE,3,Surveying,65.7,5,30,33,68,C+
S19919,Athulya Bhatt,Female,ME,3,Thermodynamics,65.9,7,24,27,58,D
S19920,Sruthi Sasidharan,Female,ECE,2,Signals & Systems,87.1,10,25,25,60,C
S19921,Resmi Khurana,Female,CSE,1,Computer Networks,47.8,10,28,37,75,B+
S19922,Karthik Jayan,Male,ECE,4,Communication Systems,69.3,8,21,51,80,A
S19923,Vinod Vallikkat,Male,CSE,3,Software Engineering,82.1,7,29,41,77,B+
S19924,Parvathy Mishra,Female,ME,2,Fluid Mechanics,65.0,7,30,53,90,S
S19925,Rohan Manoharan,Male,ECE,3,Digital Electronics,78.8,8,19,31,58,D
S19926,Bindu Agarwal,Female,ECE,7,Digital Electronics,77.1,9,25,48,82,A
S19927,Nizam Naeem,Male,ME,5,Fluid Mechanics,63.5,4,29,50,83,A
S19928,Sruthi Pisharody,Female,CE,2,Geotechnical Engineering,72.4,9,20,60,89,A+
S19929,Balachandran Vijayan,Male,CSE,6,Data Structures,53.2,5,15,46,66,C+
S19930,Nikhil Tiwari,Male,CE,1,Structural Analysis,98.7,9,22,48,79,B+
S19931,Jerry Samuel,Male,CE,1,Transportation Engineering,80.4,8,21,36,65,C+
S19932,Bindu Ashokan,Female,CE,8,Surveying,66.4,6,21,59,86,A+
S19933,Divya Vasudevan,Female,ECE,1,Communication Systems,74.8,5,23,57,85,A+
S19934,Sujith Kohli,Male,ME,5,Fluid Mechanics,80.1,10,20,33,63,C
S19935,Aparna Balakrishnan,Female,CSE,4,Computer Networks,86.8,5,15,41,61,C
S19936,Remya Bansal,Female,CSE,6,Software Engineering,63.6,7,24,35,66,C+
S19937,Parvathy Ramakrishnan,Female,ECE,1,VLSI Design,56.6,9,27,33,69,C+
S19938,Vivek Achari,Male,ECE,2,Digital Electronics,49.1,7,22,36,65,C+
S19939,Ajay Bansal,Male,ME,6,Fluid Mechanics,85.8,6,29,44,79,B+
S19940,Lakshmi Bhardwaj,Female,ME,3,Machine Design,77.8,9,23,35,67,C+
S19941,Meera Krishnankutty,Female,CSE,1,DBMS,90.3,5,30,32,67,C+
S19942,Vignesh Kartha,Male,ECE,8,VLSI Design,79.5,5,30,39,74,B
S19943,Sreejith Kohli,Male,ECE,2,Microprocessors,76.8,4,4,43,51,P
S19944,Vidya Nair,Female,CE,2,Geotechnical Engineering,57.7,9,17,49,75,B+
S19945,Athulya Solanki,Female,CSE,8,Computer Networks,100.0,5,24,59,88,A+
S19946,Aparna Bhaskaran,Female,CSE,5,Data Structures,72.6,8,25,36,69,C+
S19947,Aparna Sharma,Female,ME,2,Strength of Materials,69.8,6,26,39,71,B
S19948,Athira Chauhan,Female,ME,4,Fluid Mechanics,85.6,6,24,39,69,C+
S19949,Shefeek Ali,Male,ME,1,Manufacturing Technology,80.9,8,23,37,68,C+
S19950,Naveen Bhardwaj,Male,ME,8,Machine Design,62.4,5,18,39,62,C
S19951,Pradeep Anilkumar,Male,CE,5,Geotechnical Engineering,71.0,9,14,47,70,B
S19952,Naveen Sinha,Male,CSE,8,Data Structures,96.2,6,20,34,60,C
S19953,Swathi Das,Female,ME,6,Strength of Materials,83.6,7,11,50,68,C+
S19954,Anoop Nambiar,Male,CSE,1,Data Structures,85.4,7,22,60,89,A+
S19955,Jyothsna Dinesh,Female,ME,3,Manufacturing Technology,100.0,8,23,48,79,B+
S19956,Aravind Vallikkat,Male,ECE,6,Microprocessors,88.5,7,24,33,64,C
S19957,Shilpa Pandey,Female,CE,8,Structural Analysis,62.8,7,24,36,67,C+
S19958,Aparna Venugopal,Female,CSE,3,Data Structures,79.4,4,17,35,56,D
S19959,Resmi Vallikkat,Female,ECE,3,Digital Electronics,68.3,6,25,37,68,C+
S19960,Jithin Bansal,Male,CSE,7,Software Engineering,80.5,7,9,44,60,C
S19961,Divya Sreedharan,Female,CSE,4,Operating Systems,84.7,8,22,53,83,A
S19962,Sreekumar Sivan,Male,ME,3,Strength of Materials,82.6,9,23,39,71,B
S19963,Sowmya Dinesh,Female,ECE,6,VLSI Design,90.9,7,23,43,73,B
S19964,Rasheeda Salahudheen,Female,CE,3,Transportation Engineering,86.4,8,26,17,51,P
S19965,Divya Jayan,Female,CE,3,Structural Analysis,71.9,6,28,46,80,A
S19966,Rajesh Kapoor,Male,ECE,6,Digital Electronics,70.9,7,22,52,81,A
S19967,Suresh Namputhiri,Male,CE,6,Geotechnical Engineering,83.3,4,10,60,74,B
S19968,Sruthi Solanki,Female,CSE,6,DBMS,94.3,10,22,40,72,B
S19969,Lakshmi Kurup,Female,CE,3,Structural Analysis,74.9,9,21,33,63,C
S19970,Sruthi Prakash,Female,ECE,3,Communication Systems,60.9,10,17,46,73,B
S19971,Sarath Sreedharan,Male,CSE,4,Software Engineering,95.5,7,13,55,75,B+
S19972,Sindhu Iyer,Female,ME,4,Thermodynamics,78.4,9,29,40,78,B+
S19973,Nandana Mohan,Female,ME,1,Strength of Materials,94.4,7,18,46,71,B
S19974,Vishnu Neelakandan,Male,CSE,7,DBMS,70.2,6,26,41,73,B
S19975,Rizwana Kunju,Female,ECE,1,Microprocessors,65.1,5,25,51,81,A
S19976,Vignesh Pisharody,Male,CSE,3,DBMS,69.4,8,18,34,60,C
S19977,Sneha Marar,Female,CSE,8,Big Data Processing,65.2,5,26,60,91,S
S19978,Priya Goel,Female,ECE,5,Digital Electronics,93.5,5,20,59,84,A
S19979,Pradeep Rajan,Male,ECE,3,Communication Systems,61.7,5,12,60,77,B+
S19980,Sowmya Solanki,Female,ECE,3,Microprocessors,72.4,7,19,36,62,C
S19981,Naveen Solanki,Male,CE,3,Transportation Engineering,72.2,5,30,40,75,B+
S19982,Karthik Agarwal,Male,ECE,1,VLSI Design,98.5,6,27,57,90,S
S19983,Sreelakshmi Chandran,Female,CE,5,Structural Analysis,67.3,6,18,51,75,B+
S19984,Sherin Puthussery,Female,CSE,7,Big Data Processing,84.7,6,21,48,75,B+
S19985,Greeshma Rajendran,Female,CE,6,Transportation Engineering,68.7,8,21,36,65,C+
S19986,Devika Ramakrishnan,Female,ECE,6,Signals & Systems,100.0,10,19,47,76,B+
S19987,Amrutha Raj,Female,ECE,2,Signals & Systems,85.1,7,30,33,70,B
S19988,Radhika Namboothiri,Female,ECE,2,Communication Systems,60.1,5,29,46,80,A
S19989,Sruthi Chauhan,Female,ECE,7,Microprocessors,79.9,9,11,59,79,B+
S19990,Anagha Krishnan,Female,CSE,2,Software Engineering,72.1,7,30,33,70,B
S19991,Sudheesh Narayanan,Male,ECE,8,Signals & Systems,77.4,6,17,41,64,C
S19992,Remya Vasudevan,Female,CSE,8,Computer Networks,77.0,8,25,38,71,B
S19993,Sudheesh Sinha,Male,CE,8,Structural Analysis,86.0,10,30,34,74,B
S19994,Renjith Raj,Male,ECE,3,Microprocessors,75.6,7,28,40,75,B+
S19995,Jithin Choudhary,Male,ECE,1,Signals & Systems,68.9,9,22,30,61,C
S19996,Neethu Bhattathiri,Female,CE,2,Structural Analysis,78.3,8,20,60,88,A+
S19997,Sruthi Dubey,Female,CSE,2,Big Data Processing,89.1,7,27,36,70,B
S19998,Parvathy Gupta,Female,ECE,4,Digital Electronics,80.6,7,20,35,62,C
S19999,Vivek Chowdhury,Male,ME,3,Thermodynamics,89.2,5,18,60,83,A
S20000,Rafi Fareed,Male,CSE,4,Software Engineering,70.4,10,24,34,68,C+
